ds,y,cantidad_pasos,log_temperatura,log_intensidad_viento_km_h,pp
2019-01-01,-4.89002062875813,5.31986774963013,1.3735249804634,0.916859882317168,1
2019-01-02,,5.57844092474816,1.37398414647823,0.471057403866797,1
2019-01-03,-4.37545377557974,5.59647283664565,1.44084351333528,0.864932792350414,0
2019-01-04,-4.30473722065515,5.56588086156183,1.42596873227228,0.91777576513747,0
2019-01-05,-4.44290781154889,5.3020125603306,1.33210166696976,0.915936594344439,0
2019-01-06,-4.75084193020837,5.48510502911225,1.37817070006307,0.613468745419006,1
2019-01-07,,5.59070923105233,1.42023087962465,0.633731226270195,1
2019-01-08,-4.58067157162355,5.60991227752745,1.40190290576747,0.513265102696791,0
2019-01-09,-4.41206926030796,5.3963650101772,1.38731565769678,0.509530956053979,1
2019-01-10,,5.57212429824597,1.43748631305142,1.02919145292919,1
2019-01-11,-4.29876207073044,5.62903937351018,1.43082726689261,0.809027196078737,0
2019-01-12,-4.51912350895319,5.46156155043463,1.32247772644753,0.966086983109618,0
2019-01-13,,5.2638608495124,1.29976145256581,0.674934824727516,1
2019-01-14,-4.57053565918795,5.50819966444457,1.38620160540079,0.725791089056979,1
2019-01-15,,5.49833674853979,1.37862498303535,0.707997211468173,1
2019-01-16,-4.14731318961812,5.52364373231383,1.38403963372717,-0.260304101432454,0
2019-01-17,,5.51692124196375,1.35097446592239,1.07548605317129,0
2019-01-18,-4.73483995859616,5.53869184182327,1.37817070006307,0.958474617214798,1
2019-01-19,-4.53004982358249,5.365164015183,1.32999077294378,0.734252380822183,0
2019-01-20,-4.69196107870944,5.33542780996,1.27674894103124,0.987651662747665,0
2019-01-21,-4.33903492741185,5.49931172300598,1.32040595397045,0.854929373769483,0
2019-01-22,-4.33032258946541,5.50401798149202,1.36188516059164,0.915330044321906,0
2019-01-23,-4.52186267069791,5.50778438255901,1.41343947599557,0.987504052463362,0
2019-01-24,-4.49754182933391,5.52008508297873,1.4605219929002,0.990692733994498,0
2019-01-25,,5.52164010994073,1.42725613397267,0.890630911919336,1
2019-01-26,-4.48514396886766,5.37708759142681,1.42867462564821,0.530245721127314,0
2019-01-27,-4.46454834732445,5.33543583435836,1.37099085287675,0.727711221256644,0
2019-01-28,-4.4428163044514,5.50608541763804,1.43316956502225,0.93098175712652,0
2019-01-29,-4.57877313399393,5.51137259769581,1.44540958329189,0.828240535067767,1
2019-01-30,-4.37484156455221,5.52425068375713,1.49281857034944,0.735807765089955,1
2019-01-31,-4.34916386108622,5.55321651638011,1.49357421910659,0.685658167937589,0
2019-02-01,-4.41234940501015,5.49400841262244,1.42745905951888,0.443849855626729,0
2019-02-02,-4.56478331630003,5.44126298224661,1.40269116426304,1.11993712856086,0
2019-02-03,-4.56699051629252,5.46466388599354,1.45718778263042,0.850397371637074,0
2019-02-04,-4.26986975895591,5.31557363457786,1.37634880129508,0.68969078832509,0
2019-02-05,-4.40556951326945,5.57729643827929,1.30776337832295,0.765148745476431,0
2019-02-06,-4.37451362876876,5.38736490708798,1.34561874860897,0.909349579731962,0
2019-02-07,-4.35821180643048,5.5894323825467,1.37680499301969,0.909878445254773,0
2019-02-08,-4.39519727733885,5.59351312594209,1.39996200193099,0.785854780845014,0
2019-02-09,-4.32926779101308,5.57832626771132,1.43143077974155,0.331374401127592,0
2019-02-10,-4.38645177744999,5.60670911224385,1.45382777644786,0.680267433713038,0
2019-02-11,-4.56827033585131,5.53781154206008,1.45363680781954,1.05634784626006,1
2019-02-12,-4.52514682610759,5.60538370774438,1.46345748126754,1.06168659603304,0
2019-02-13,-4.35003844740537,5.53763652714,1.35967741337294,0.776705631467298,1
2019-02-14,,5.55076507838076,1.25927524755698,0.340057896337558,1
2019-02-15,-4.02886194049481,5.58459805253219,1.31007346080102,0.303914526013951,0
2019-02-16,-4.45341630802878,5.45446983342094,1.30490322733493,0.532728709558233,0
2019-02-17,-4.47396429123297,5.39424148747764,1.34521030836265,0.827784607270117,0
2019-02-18,-4.45908116980622,5.54107976777663,1.38006041883046,0.884758544674315,0
2019-02-19,-4.36289928872826,5.53606073881503,1.42009333584459,0.755229932425759,0
2019-02-20,-4.33232476341514,5.51948146963526,1.43616264704076,0.720271004455016,0
2019-02-21,-4.11865722107122,5.52020832688599,1.47736246243589,0.68395900976202,0
2019-02-22,-3.90828841097827,5.57064683124187,1.49600659888004,0.573389395127547,1
2019-02-23,,5.4089603641883,1.47245170263296,0.327390295732008,1
2019-02-24,-5.04543414955729,5.35749461506757,1.45331834004704,0.786564638692972,0
2019-02-25,-5.69317634067591,5.53626544748126,1.38642464459866,0.818258385515594,0
2019-02-26,-4.32767772322087,5.5380305261289,1.33117413738685,0.78912278242036,0
2019-02-27,-4.36880366056302,5.56006332562525,1.27271164585634,0.874095161702622,1
2019-02-28,-3.934851097134,5.58071746785299,1.24592373692378,0.485509842261947,1
2019-03-01,-4.41470646185885,5.52987032943882,1.31640721752062,0.998663556641722,0
2019-03-02,-4.39638908649639,5.40262930188956,1.3063356573514,0.727263640183794,1
2019-03-03,-4.62753561813677,5.37419642313652,1.39547200731444,0.938940988487824,0
2019-03-04,-4.58862446721936,5.56873780544223,1.35418850080896,0.088150125523488,1
2019-03-05,-4.54878413706981,5.59643764180118,1.36023040323816,0.381424321522694,0
2019-03-06,-4.29592910903938,5.56899798273186,1.34036147865265,0.686115003143844,0
2019-03-07,-4.33163794833284,5.60369095798055,1.35658351321276,0.706945720776558,1
2019-03-08,-4.50186547508704,5.50802308333962,1.42399636337044,1.08453176459039,1
2019-03-09,-4.57040649469155,5.59768202528726,1.4359637487172,0.927923903889001,0
2019-03-10,-4.4558235560019,5.61985163957688,1.29474170633696,0.751165309626948,0
2019-03-11,-4.67408998240716,5.47898904174077,1.23636928837428,0.923111157142635,0
2019-03-12,-4.72942516223681,5.61333855186443,1.29867117295913,0.532181778487599,1
2019-03-13,-4.63568017276473,5.56686273931417,1.32701817761569,0.797148112627104,0
2019-03-14,-4.24739984486228,5.55510412634195,1.30588853028431,0.575428132860202,0
2019-03-15,-4.91506790147895,5.59397794940656,1.30891995552289,0.905082266647797,1
2019-03-16,-4.66122865714442,5.45495303919452,1.32187447972422,0.896203909266808,1
2019-03-17,-4.39855432710071,5.36209965946782,1.34447414652575,0.768375994599355,1
2019-03-18,-4.35109267337733,5.54864611042434,1.37199091146492,0.620935493364804,0
2019-03-19,-4.84459815397138,5.55270470991348,1.38530830138635,0.867866552861193,1
2019-03-20,-4.47130378115407,5.54941160124796,1.39100866023793,0.949972638763178,0
2019-03-21,-3.84044340033069,5.57205100951422,1.24530698726003,0.503580129774457,0
2019-03-22,-4.10160400466771,5.58896714167684,1.21846985719556,0.724230079399032,0
2019-03-23,-4.40841499424496,5.47074703433111,1.21174331333513,0.786916726619956,0
2019-03-24,-4.47532171896054,5.3960406000223,1.26501446982381,0.896620488048635,0
2019-03-25,-4.29035989946007,5.5136290523243,1.29776051109913,0.936353939382634,0
2019-03-26,-4.65399905171025,5.55249300316661,1.29003461136252,0.783909026324629,0
2019-03-27,-4.54151516239167,5.56152115779543,1.2126314414195,0.696721172514039,0
2019-03-28,-4.36365459961349,5.57340427317426,1.23741805604624,0.950385491372524,0
2019-03-29,-4.35829170359784,5.60093806365482,1.25567444356967,0.836028512860116,1
2019-03-30,-4.27368227864548,5.49279809141281,1.31649453922231,0.420608815845551,0
2019-03-31,-4.4247916261401,5.3896550550246,1.34960126544933,0.564074869956133,0
2019-04-01,-4.08908386783439,5.54572883306778,1.39335580721445,0.609556649589122,0
2019-04-02,,5.52274148653603,1.38597845159855,0.275579028287707,0
2019-04-03,-4.14977138195735,5.26338985915913,1.37229815907724,0.852765473955145,0
2019-04-04,,5.54848769147879,1.42112385396294,0.652984616461054,1
2019-04-05,-4.27493182333527,5.4653694654533,1.31736679193951,1.02729219326997,0
2019-04-06,-4.0280803255467,5.57871368680421,1.3254814548261,0.627192847664495,0
2019-04-07,-4.23721847133715,5.62241091377381,1.23846429717353,0.647198150914725,0
2019-04-08,-3.77871154437272,5.43623422814389,1.23626427217696,0.538862564978247,0
2019-04-09,-4.41767607816737,5.61293953927304,1.28169605105442,0.70090400318493,0
2019-04-10,-4.10830765231312,5.62756861658269,1.31193036765518,0.72631388681682,1
2019-04-11,-4.33717956387663,5.57310146196868,1.35057103395478,0.773769212367024,1
2019-04-12,-3.94896676368068,5.62599114870134,1.36070383476968,0.677439942864412,0
2019-04-13,-4.2708038002365,5.50192151459623,1.23161823778677,0.885990807749181,0
2019-04-14,-4.36383688040465,5.38298726393771,1.19785464212448,0.333587215504226,0
2019-04-15,,5.55702933547021,1.30021492914654,0.890857784341615,0
2019-04-16,-4.16598121803231,5.56090328110027,1.34887251533201,0.559002694864356,0
2019-04-17,-4.26311732722302,5.5990824907711,1.26403034413212,0.855866559580784,0
2019-04-18,-3.97628486759098,5.45428525023551,1.23783685500049,0.761279098594197,0
2019-04-19,-4.1672629087842,5.31944752836608,1.30535136944662,0.660143053735634,0
2019-04-20,-4.39577225469668,5.36240329926951,1.31492005599242,0.812523573809907,0
2019-04-21,-4.24556337273184,5.38988871608954,1.36681193574002,0.25940644162414,0
2019-04-22,-3.9835246057584,5.54790755703208,1.29012739941584,0.499049513132305,0
2019-04-23,-3.89500679303513,5.55249422016695,1.20940329891966,0.678120103624158,0
2019-04-24,,5.56473232756452,1.21063059307,0.804191913649005,0
2019-04-25,-4.53187195508265,5.57486778134857,1.21803194994202,1.12813775101199,0
2019-04-26,,5.57022527507879,1.23087449170327,0.984324262485527,1
2019-04-27,-4.69546696530141,5.43890450534419,1.2726150608494,0.688011216947709,1
2019-04-28,-4.39730054176105,5.3548725859756,1.2475641335177,0.543853147373419,0
2019-04-29,-4.5174721857856,5.57717458010533,1.2572784878009,0.566858634370634,0
2019-04-30,,5.45190918693322,1.28714830447148,0.636963459497625,0
2019-05-01,-4.39386460966775,5.4033401877221,1.27473498487274,0.864875511068823,0
2019-05-02,-4.37078675883235,5.52384787703535,1.15899035758252,0.951973698779344,0
2019-05-03,-4.26129930358076,5.30785103014796,1.18716806593937,0.338487681699216,0
2019-05-04,-4.37669336409115,5.60275755918755,1.28424268686955,0.994608854054878,1
2019-05-05,,5.31510929564475,1.31369149935446,0.866049914399458,1
2019-05-06,-4.13616709032588,5.58777604820389,1.2794197698954,0.754928303267629,0
2019-05-07,-4.37554804252524,5.6366824327526,1.27559925278365,0.822778962377906,0
2019-05-08,-4.22573040870499,5.58045851412296,1.22412283139131,0.815292165132022,1
2019-05-09,,5.62330822636417,1.17729596019405,0.839578978646126,1
2019-05-10,-4.45268019020162,5.5214440750052,1.23615923057966,1.04826448905848,1
2019-05-11,-4.20995495621183,5.59764692830205,1.24096504006343,0.793669819525475,0
2019-05-12,-4.1818184818971,5.64936504405087,1.21185442872064,0.762895182846339,0
2019-05-13,-4.04618755774252,5.53744128340795,1.16719421795588,0.570861207100757,0
2019-05-14,-4.11351734597698,5.56191432790497,1.22010808804006,0.744557801342561,0
2019-05-15,-4.29505010659971,5.56286005136944,1.24960595430691,0.750476769100697,0
2019-05-16,-4.35746870308294,5.57748490621931,1.12629379069327,0.755583870797446,0
2019-05-17,-4.38492726196466,5.59889223133946,1.20298753225702,1.10642482619724,0
2019-05-18,-4.11082529603629,5.47451637734862,1.22948986066779,0.761944277978042,1
2019-05-19,-4.41968967352687,5.34909094479739,1.29419057113368,0.78752837404719,1
2019-05-20,-4.20397295746066,5.53822047457924,1.31166558084772,1.08947887210855,1
2019-05-21,,5.54230744912171,1.17172645365323,0.97429616419872,1
2019-05-22,-4.33953073767057,5.55908151970051,1.15330662030536,0.842056394055288,0
2019-05-23,-3.86409097164537,5.57570037947467,1.15432251429351,0.315866836027845,0
2019-05-24,-3.97280114268829,5.5939425517885,1.12602311790052,0.625965611528185,0
2019-05-25,-4.45869375738062,5.42718901239311,1.07645838771215,0.825473536539051,0
2019-05-26,-4.13941828921608,5.39216738907076,1.14158040792752,0.842822365699845,0
2019-05-27,,5.54072228978989,1.17136073196265,0.343560319979396,0
2019-05-28,-3.86321838507191,5.56669669511646,1.20445914275274,0.326383755680462,0
2019-05-29,,5.4821157646751,1.1927764664866,0.613600779720409,0
2019-05-30,,5.57590337903435,1.15317946630595,0.92221800907913,1
2019-05-31,-4.34501495929094,5.61440783205739,1.0541979658759,0.672885529526286,0
2019-06-01,-4.10412671345521,5.28846609502333,1.07111456677791,0.655455273152786,0
2019-06-02,-4.12901698260638,5.53824814225539,1.12221587827283,0.422706605466345,0
2019-06-03,-3.813285078547,5.47314523932001,1.18398121891459,0.361738727242619,0
2019-06-04,-4.29429904627174,5.47700832347267,1.17909676919541,0.986929884161215,0
2019-06-05,-4.94970590695936,5.55255506583619,1.18540048319045,1.11582380176661,0
2019-06-06,,5.60601248818328,1.1918467482147,0.836531395930407,1
2019-06-07,-4.13198288590054,5.49920441778766,1.2055877673014,0.835689365055491,1
2019-06-08,-4.18854375120423,5.5957397552585,1.23257261500813,0.616066914788511,0
2019-06-09,-4.29349430203853,5.65405326563908,1.1811286997473,0.790367880928537,0
2019-06-10,,5.44271644992721,1.13777596131347,0.434128592756493,0
2019-06-11,,5.60640608909269,1.18303245942879,0.934508964250669,1
2019-06-12,,5.66805960729094,1.23510741489987,0.626490875280165,1
2019-06-13,,5.584518925685,1.18196262165304,0.821555931781542,1
2019-06-14,,5.61967964980994,1.28112809829443,0.748266607746814,1
2019-06-15,,5.42554400179536,1.25072487735259,1.12989600546116,1
2019-06-16,,5.29590560775235,1.18622625048347,1.02887794586563,1
2019-06-17,,5.25543895275427,1.10678564672022,0.472681129067338,1
2019-06-18,,5.55947929880945,1.20581314067537,0.937483549117873,1
2019-06-19,-4.27259310342479,5.60748075842145,1.20037163510276,0.953597373293714,0
2019-06-20,-3.95415674901713,5.34243452505566,1.08828378279546,0.504275590400894,0
2019-06-21,,5.60870249671092,1.13273983826088,0.803866638365751,0
2019-06-22,-3.77248778673384,5.46628322725811,1.07203533280883,0.419334689007903,0
2019-06-23,,5.33485769837528,1.15113992287145,0.373791878253536,0
2019-06-24,,5.58867947197722,1.22433879085966,0.715124084183162,1
2019-06-25,-4.39329706841833,5.59615487972214,1.2518409249942,1.08319900173746,1
2019-06-26,-4.02819711444491,5.60473351372245,1.14314496494319,0.790482106462529,0
2019-06-27,-4.15835339332409,5.60709886297103,1.03325617127422,1.03214504345226,0
2019-06-28,,5.62557068676636,0.968482948553935,0.528842286490005,1
2019-06-29,,5.47963864316774,1.06006797152398,0.659327965850265,1
2019-06-30,,5.3720148845963,1.13086960382751,0.892372057024515,1
2019-07-01,-4.0612640406306,5.5076427183771,1.11519432143459,0.782501044786806,0
2019-07-02,,5.53826952061613,0.995817940016574,0.897562664175782,0
2019-07-03,-4.35337774763654,5.56055100825213,0.92233613077588,0.963976226831581,0
2019-07-04,-4.04186998890088,5.41698979917917,1.03924883107446,0.977647210835973,0
2019-07-05,-4.19595495815705,5.56425405831184,0.901049445343407,1.01567478662971,0
2019-07-06,-3.82444607633042,5.61530812557978,0.853546121253905,0.489172603408391,0
2019-07-07,-4.0578229095887,5.37459255844753,0.771771153745868,0.791738620638994,0
2019-07-08,-4.02012764124808,5.6118910470724,0.788875115775417,0.849227954334086,0
2019-07-09,-4.01566990017564,5.50928453304983,0.93175441865676,0.619652653468176,0
2019-07-10,-4.17321062916544,5.58742470766825,1.02342394807894,0.291005902483527,0
2019-07-11,-4.11887668397957,5.6280955544728,1.10137469465602,0.695316794200289,1
2019-07-12,-4.24722975199094,5.55443585420199,1.12872228433843,0.628984657302134,1
2019-07-13,-3.8992417697163,5.50169037994253,1.12425962078281,0.531452824990927,0
2019-07-14,-4.05951731679248,5.39974292624286,1.15394183247346,0.297328881553402,0
2019-07-15,-4.00201828686633,5.59594681652714,0.984902189915971,0.30428328270353,1
2019-07-16,-4.13548582536726,5.591132529826,0.965750300101535,0.682065552717035,0
2019-07-17,-4.34286390978472,5.60848859278387,1.08038594718599,1.08862574017035,0
2019-07-18,-4.43800084273718,5.61981828930912,1.02904541032731,0.541568291537397,1
2019-07-19,-3.70713740207645,5.63991459614786,1.12166925204345,0.480160349848956,0
2019-07-20,,5.51370890079165,1.14118838640377,0.895865223117793,1
2019-07-21,-4.63588495942568,5.38784879674683,1.16731733474818,0.979258129125808,1
2019-07-22,,5.56518406851011,1.22466252884103,0.988375493555182,0
2019-07-23,,5.58050643790955,1.31754103245615,0.888038497269622,0
2019-07-24,-4.19286719076887,5.5786701480508,1.09878788996175,0.758939261645729,0
2019-07-25,,5.59512239136182,1.00806762174803,0.887310901843529,1
2019-07-26,,5.60549144024392,1.01072386539177,0.695076905960804,1
2019-07-27,-3.7645569688958,5.49286231757003,1.02118929906994,0.0609415218857945,1
2019-07-28,-4.56155587375243,5.43292601952686,1.09936406846338,0.824702612890068,0
2019-07-29,,5.56324963732839,1.09560517131971,0.104990870688059,0
2019-07-30,-3.8051320030776,5.57729069102053,1.09108046934733,0.1961944389446,0
2019-07-31,-4.21818231834496,5.59889332502264,1.11713313930597,0.962040740029002,0
2019-08-01,-4.36646121113949,5.5205018735986,1.09777773453928,1.01258332758313,0
2019-08-02,-4.38692178266393,5.56337546542401,1.19161400732922,1.10943706378814,0
2019-08-03,-4.00606975225375,5.5783365880843,1.12912571630604,0.748564970657367,0
2019-08-04,-4.3824412766233,5.55229093382477,1.04711254464564,1.05395089956105,0
2019-08-05,-4.45944562828264,5.57172746066306,1.03775840050313,1.08661097975972,0
2019-08-06,-4.16443996616059,5.5058998457256,1.10749262145212,1.01683655080308,0
2019-08-07,,5.44169042355929,1.14741865915973,0.893564883321797,0
2019-08-08,-4.23435508175329,5.62096219872327,1.21252052468236,0.940968086295036,0
2019-08-09,,5.41607605705317,1.12317082176213,0.826953109161372,1
2019-08-10,-4.19614560736428,5.60290604093714,1.07049963643531,0.791139042984375,0
2019-08-11,-4.16583936655647,5.64447601005589,0.958444423867094,0.858239256487739,0
2019-08-12,,5.47249462390311,1.03140846425162,0.964532590237401,0
2019-08-13,-4.29446609514191,5.58732138417239,1.11366486914122,0.866305339288637,0
2019-08-14,-4.24632649604764,5.60833344653075,1.04970245605215,0.933162570981109,0
2019-08-15,-3.81222287962932,5.61022778233618,0.839111266707731,0.799829165820657,0
2019-08-16,-3.68578556143705,5.6365801615919,0.845098040014257,0.576036062927466,0
2019-08-17,-4.34630721019291,5.42663161094859,1.07019184444376,0.703714442275031,1
2019-08-18,-4.88922519794263,5.41229755141238,1.18398121891459,0.973697069191654,0
2019-08-19,-3.8919856258963,5.42942118591227,1.15723004169634,0.733937433383231,0
2019-08-20,-3.9357630461098,5.58517298461393,0.989931605339496,0.795118173661328,0
2019-08-21,-4.30364370307312,5.59778510628134,0.809559714635268,0.924121156934729,0
2019-08-22,-3.67302763972177,5.60029752727258,0.920384242178358,0.539608384688475,0
2019-08-23,-3.76549069087496,5.62624898138046,0.989004615698537,0.434814016033651,0
2019-08-24,-4.13141657255178,5.50032019609612,1.05083070362428,0.920520219985235,0
2019-08-25,-4.56981270062891,5.40340023345426,1.07903042316647,0.797158225550608,0
2019-08-26,-3.83287643333508,5.58107313486944,1.14986032712577,0.588412704360118,0
2019-08-27,-4.27217381405647,5.59289369531933,1.17729596019405,0.753865904314933,0
2019-08-28,-3.84990538754691,5.59053087648425,1.24991140114771,1.09060101774446,0
2019-08-29,-4.0647681250864,5.57473367739877,1.26766052359463,0.255885804557527,1
2019-08-30,-4.24357413703515,5.62055036377341,1.32221929473392,0.655232867037577,1
2019-08-31,-3.96663214524317,5.51738594270125,1.30615686176143,0.612081822024666,0
2019-09-01,-4.4471009431116,5.52634315500184,1.13353890837022,0.767812077067838,0
2019-09-02,-4.0139306772434,5.4287808934072,1.11072996364518,0.587559903883858,0
2019-09-03,-4.18295646088286,5.46158855777154,1.03626283738861,0.829452843353339,0
2019-09-04,-4.09161350226064,5.5650906841762,1.02496430450638,0.723314177405801,0
2019-09-05,-4.38981243230322,5.57416906198111,0.935339292710299,0.984991273780244,1
2019-09-06,-4.27629130589162,5.41099980496222,0.947147692674724,1.01792942497602,0
2019-09-07,-4.13431324516094,5.39072320444882,0.980382171853643,0.671560508317471,0
2019-09-08,-4.1198674825591,5.61957642324673,1.09298366749333,0.40586579290475,0
2019-09-09,,5.58467716496539,1.16817817642131,0.929796842741848,1
2019-09-10,-4.62156741543181,5.60521235802405,1.14921911265538,0.697387242276643,1
2019-09-11,-4.63321198431517,5.52072059412577,1.12791429437159,0.769829904136513,0
2019-09-12,-4.03141165306487,5.62245960457377,1.12656429489504,0.595773927695924,0
2019-09-13,-3.53885956790492,5.63496067006064,1.14092684199243,0.352157176640842,0
2019-09-14,-4.28561772237608,5.52475042416036,1.12912571630604,0.985060431707164,0
2019-09-15,-4.20289187556546,5.44757661352292,1.15406876349347,0.49694218446031,0
2019-09-16,-4.109148901989,5.59205900431076,1.20082770706056,0.893108436071385,0
2019-09-17,-4.24406246700395,5.60639426475512,1.2405492482826,0.911187206923152,0
2019-09-18,-3.73330511619081,5.62111289924726,1.20513666938299,0.621916921157836,0
2019-09-19,-4.34944017072095,5.62180233646989,1.21825095876255,0.692086925163917,0
2019-09-20,-4.21655931527508,5.64775255000981,1.22032605265286,0.670785036441542,0
2019-09-21,-4.35800859212942,5.53521181154005,1.2082845592956,0.630314157675329,0
2019-09-22,-4.59078442050202,5.45160838433144,1.15343373708716,0.850835253334028,0
2019-09-23,-4.41245419001205,5.58188028398376,1.22788670461367,0.986158340347145,0
2019-09-24,-3.8659404316267,5.59327720377732,1.16447678059107,0.766255048430788,0
2019-09-25,-4.06625303865606,5.60937453868014,1.17657354059542,0.593381954615787,0
2019-09-26,-4.07366414837888,5.62507568565048,1.28414863283954,0.864136898564434,0
2019-09-27,-4.22114628774005,5.63864198194993,1.35682228962227,1.05501027855855,0
2019-09-28,-4.36467500300203,5.52792620253312,1.29858019265464,1.00572796011964,0
2019-09-29,-4.41348431006761,5.45115525258586,1.21196551568426,0.992476665505682,0
2019-09-30,-4.18123745639286,5.58003838415216,1.24148422061767,0.637664595826226,1
2019-10-01,,5.53552829735967,1.33645973384853,1.08923960622308,1
2019-10-02,-4.92258661398378,5.35091833064015,1.34308020476598,1.19464774662355,0
2019-10-03,-4.55918605370835,5.38445019205379,1.14197207590708,1.13297756360239,1
2019-10-04,,5.58208268972301,1.14223299179471,0.900553461093518,1
2019-10-05,-4.40689615641585,5.59602498952308,1.05880548667591,0.583556340602395,1
2019-10-06,-4.39990240151051,5.56688864119505,1.14288459654096,0.993341120653,0
2019-10-07,-4.15453605010247,5.60226623222853,1.19335653132761,0.713794518292244,0
2019-10-08,-4.10994268928559,5.49442733437965,1.21196551568426,0.580658217279435,0
2019-10-09,-4.03378824136555,5.60519511154048,1.28141216751763,0.717192010336728,1
2019-10-10,-4.33202472084807,5.62334234353154,1.29455807230382,0.864584400676876,1
2019-10-11,-4.26026679861466,5.46334641914523,1.31658184337014,0.694500249778561,1
2019-10-12,,5.59144417039112,1.35714045409211,0.959741181668496,1
2019-10-13,-4.63716227622431,5.36939770334774,1.32144307561414,1.01392578823063,0
2019-10-14,,5.42742605675339,1.27357994567621,1.15594163513944,0
2019-10-15,,5.58234749408436,1.23531798192553,1.00512584593661,1
2019-10-16,,5.59546094774483,1.04499680942705,1.09886537625977,1
2019-10-17,,5.59672021989821,1.06864960389583,0.860568140118419,1
2019-10-18,-4.36058711304839,5.64702286507448,1.16559051544767,0.879412368139374,0
2019-10-19,-3.93131857684857,5.53395879789458,1.22552465216514,0.594647712917063,0
2019-10-20,,5.45062933451066,1.26599637049508,0.908128633681593,0
2019-10-21,-4.02568977992644,5.57988415843223,1.24684722228938,0.151976198751215,1
2019-10-22,-4.40740899698598,5.59159434579878,1.18916266790344,0.734879306819704,0
2019-10-23,-4.40675227235844,5.6185020372355,1.18775566511155,0.918754328347803,0
2019-10-24,-4.20166312494371,5.62133417833446,1.24002894813423,0.403565348531684,0
2019-10-25,-4.34216352502553,5.62946158899207,1.24386448943408,0.713092675186847,0
2019-10-26,-4.51087898448223,5.49566642234814,1.2835838805078,0.914510757870455,1
2019-10-27,-4.61300736997269,5.3911857250882,1.3758921298735,0.856922574563625,1
2019-10-28,,5.55926607700157,1.40183117490895,0.718179031066988,1
2019-10-29,-4.44500022208351,5.58837480451983,1.35967741337294,1.00467144014102,0
2019-10-30,-4.74261800934476,5.60786981757162,1.3021143769562,0.905032443358877,0
2019-10-31,-4.38076099942232,5.62171621664731,1.23225472224154,0.910597760547683,0
2019-11-01,,5.5541316436494,1.27329070525133,1.06893764996328,1
2019-11-02,-4.53334822756145,5.51920562785314,1.28677447661806,0.849106366995237,0
2019-11-03,-4.39485870484696,5.54487508177426,1.29921665490051,0.612688414382767,0
2019-11-04,,5.57751362890543,1.3613342750646,0.488817644520632,1
2019-11-05,-4.09330630889387,5.48488894098298,1.28499438672299,0.264635539777658,0
2019-11-06,-4.46663723854268,5.57759059633817,1.31858501007883,0.860854741918655,0
2019-11-07,-4.27555593521562,5.58225431954464,1.31254757644312,0.135313903177338,0
2019-11-08,-4.43829500003163,5.40464046387961,1.34830486304816,1.07067467252764,0
2019-11-09,-4.53759147066309,5.61270546478742,1.37703290931036,0.960312177960784,1
2019-11-10,-4.59784567448741,5.62210517658139,1.29520045200326,0.986327136070403,0
2019-11-11,-4.41499021690608,5.5959336027996,1.32290810452447,0.896233089680281,0
2019-11-12,-4.14960286612519,5.64073875722473,1.32333805652663,0.893128124187511,0
2019-11-13,-4.19137749648171,5.61742917870603,1.32990612340021,0.437071413794494,0
2019-11-14,-4.45673295275345,5.63465055032264,1.35888620440587,0.778472782238642,0
2019-11-15,-4.12563352902593,5.65407252985819,1.42036837985752,0.868518145273344,0
2019-11-16,-4.50525597690793,5.50991858480988,1.39750549689802,0.939146265480719,1
2019-11-17,-4.52304949794192,5.42512483873986,1.39569033718007,0.741863867455499,0
2019-11-18,-4.55509147776597,5.38302502093628,1.34635297445064,0.359114214040477,1
2019-11-19,-4.2177679615158,5.6147190344195,1.40767410922932,0.731353716424951,0
2019-11-20,-4.20331734053394,5.62371435681597,1.41733327265012,0.720763005142728,0
2019-11-21,-4.3326909872246,5.63504420342366,1.41000352853237,0.892005613071353,0
2019-11-22,-4.56548057287533,5.64818723476744,1.46414165459929,1.01812948799533,1
2019-11-23,-4.53609557737324,5.50506311073648,1.42887688963474,1.0263518673752,0
2019-11-24,-4.68372913083468,5.42892326223317,1.33395080438725,1.16992834046945,0
2019-11-25,,5.59628913214566,1.26756280855722,0.978000919709113,1
2019-11-26,-4.90539396975328,5.60521990314526,1.33277499188278,0.856139067897519,1
2019-11-27,-4.42015372100357,5.62751537564956,1.28621313080715,0.75798720512328,0
2019-11-28,-4.31640878565355,5.64027467551245,1.32290810452447,0.878837153856648,0
2019-11-29,-4.24814953077325,5.65192412782381,1.34733001531695,0.875043810029462,1
2019-11-30,-4.5843923731383,5.55614685068897,1.3842637857228,0.864666935943559,0
2019-12-01,-4.59375713817946,5.36621182945763,1.3823923078552,0.897510391059863,0
2019-12-02,-4.15762658745127,5.53177005220747,1.36642295722597,0.638314434950288,0
2019-12-03,,5.55323474064175,1.31579547350694,0.85848558830193,1
2019-12-04,,5.59643874168324,1.33403466930629,0.693852552222262,0
2019-12-05,-4.41966076579717,5.40104365228642,1.3192796035606,0.781768418688192,0
2019-12-06,-4.24973510361483,5.58676841045824,1.30883109731657,0.325009594398327,0
2019-12-07,-4.19943188960131,5.62155638280861,1.2755033079071,0.491258500621378,0
2019-12-08,-4.45940951760754,5.58533888435528,1.38850083866606,0.726382467519265,1
2019-12-09,-4.19627405589414,5.61572811569534,1.33737605514385,0.689966270199957,1
2019-12-10,-4.28521953472113,5.3810825751247,1.41539073818257,0.794042648478374,0
2019-12-11,-4.26777934402671,5.61103255992452,1.45838601110505,0.575307935324132,1
2019-12-12,-4.49982772771196,5.65342478363809,1.49200332168598,0.994365020400565,1
2019-12-13,-4.11109550977052,5.66921178160512,1.47336530190804,0.601874377133009,0
2019-12-14,-4.28316626733457,5.55913425836143,1.36015144778264,0.839167081077308,0
2019-12-15,,5.43466948265279,1.2984891932867,0.699488637846468,1
2019-12-16,-4.30031947953988,5.62752561479745,1.39269695325967,0.48234808092358,1
2019-12-17,-4.07420480737442,5.64739666386888,1.32752921256216,0.763779684170476,0
2019-12-18,-4.36935870644542,5.6466556027893,1.35290573973046,1.04084425957349,0
2019-12-19,-4.16071772701449,5.66744454710896,1.368596763247,0.862196731431574,0
2019-12-20,,5.6682507611124,1.43323630255322,0.811667923335421,1
2019-12-21,-4.82361169623699,5.56159982029769,1.44339338664355,1.03461517931277,0
2019-12-22,-4.76835845219274,5.44036744988452,1.34992476228507,0.782607466900702,0
2019-12-23,-4.20126376801649,5.64192700801354,1.27617447734708,0.537719580237757,0
2019-12-24,-4.44532363973774,5.41129470518224,1.28471265172648,1.12572250065382,0
2019-12-25,,5.36599498971335,1.38687037965172,0.833469200786396,1
2019-12-26,-4.60509267939855,5.60494064632209,1.4359637487172,0.87377856770916,1
2019-12-27,-4.41107071888333,5.62990885262961,1.32316612680074,0.855284209000829,1
2019-12-28,-4.23276417530042,5.45044465081293,1.33108971820456,0.395898792004704,1
2019-12-29,-4.20806024240014,5.34242268082221,1.42826981485434,0.357006407451017,1
2019-12-30,,5.55619753358345,1.43669259766405,0.675687639890279,1
2019-12-31,-4.26821445007514,5.33921087294012,1.44293681809909,0.949406601315799,1
2020-01-01,-4.61116471581828,5.28111066933301,1.38842685953601,0.946679941561892,1
2020-01-02,-4.55499629386453,5.54410030502784,1.39488925716742,1.05604054118491,1
2020-01-03,-4.36824402521926,5.57809227345196,1.35896539019912,0.931307978693249,0
2020-01-04,-4.39043396548308,5.42523415370399,1.34773646783319,0.997755431438415,0
2020-01-05,-4.42727152153805,5.35555687213111,1.38111508070985,0.702197290569204,0
2020-01-06,-4.86876644515437,5.55382964638803,1.39931310161318,0.567991215561446,0
2020-01-07,-4.47240166305671,5.56647520405407,1.41809404031037,0.637939534828155,0
2020-01-08,-4.56382674437136,5.57191836036281,1.36556597617815,1.0676956789918,0
2020-01-09,-4.20259723564704,5.58549682521213,1.38553179970944,0.729801593827599,0
2020-01-10,-4.19085340296072,5.61139507398912,1.43675879604569,0.672070295856709,0
2020-01-11,-4.25578447735778,5.45288842045872,1.43463542689286,0.560388522087324,0
2020-01-12,-4.39421726596067,5.37230245900132,1.43055876952276,0.992850247955776,1
2020-01-13,-4.37492823678251,5.56513442364267,1.42187801617013,1.07168721094534,0
2020-01-14,-4.19088270870954,5.56942775411038,1.41420708916254,0.94741787702632,1
2020-01-15,-4.04035365637121,5.57710443867199,1.39685291303082,0.610228373206831,1
2020-01-16,-4.21368668857019,5.5962748285349,1.40568778667278,0.708171342782404,0
2020-01-17,-4.37471277639816,5.60955812758104,1.39122924492831,0.808717531522743,0
2020-01-18,-4.45308357777016,5.45141950889856,1.31095869242,0.872651362983237,1
2020-01-19,-4.48632089934196,5.37691440776661,1.34085706008555,0.80368504502416,0
2020-01-20,-4.41837020443971,5.55481006801673,1.40404934085448,0.633178762646504,0
2020-01-21,,5.55008030068893,1.44696410658709,0.660659953558689,1
2020-01-22,-4.42946366754279,5.56984774608603,1.46890092447297,0.928073887917854,0
2020-01-23,-4.44230561098646,5.58250539064378,1.4123205201897,0.869407362997284,0
2020-01-24,-4.36138206797569,5.60946420807176,1.42132966447871,0.983989626992884,0
2020-01-25,-4.36580190713106,5.46686317363016,1.42847226741736,0.314317121242152,1
2020-01-26,-4.52724749055535,5.39554654291423,1.45287209246674,0.549807259024814,0
2020-01-27,-4.42104593363129,5.55377019247116,1.47645724189993,1.03203219683422,0
2020-01-28,-4.5738279127423,5.56640567026668,1.45800798019602,0.89089550419974,0
2020-01-29,,5.57232432516362,1.32290810452447,0.726248890669453,1
2020-01-30,-4.39682988351448,5.59396688796084,1.37900318952264,0.813541692076827,0
2020-01-31,-4.07054644587066,5.63018065348083,1.37451922731215,0.522295368504572,0
2020-02-01,-4.34683175230734,5.48215869541128,1.30606743635559,0.711917059539734,0
2020-02-02,-4.47665952456064,5.38372024148278,1.3584900587231,0.768866117546278,0
2020-02-03,-4.43026621703232,5.5651580647635,1.40901681555573,0.949087016621175,0
2020-02-04,-4.42084344130676,5.57752741512006,1.44534469057875,0.9090200350365,0
2020-02-05,,5.58454379567619,1.46847041231234,0.817454555688271,1
2020-02-06,-4.58117538547637,5.59708279395982,1.46457647711624,0.972693187743644,1
2020-02-07,-4.79578798267692,5.59979576792586,1.45983208889189,0.644417155340996,1
2020-02-08,-4.51073399898245,5.52055427178188,1.47814546358617,0.986330331735599,1
2020-02-09,-4.58942268851263,5.40727360362411,1.43143077974155,1.03674942146208,0
2020-02-10,-4.19582380469858,5.5764461672585,1.37604440704263,0.707945587210868,0
2020-02-11,-4.49711829998702,5.58771320942904,1.31553303348572,0.824604309560175,0
2020-02-12,-4.50989962828371,5.59379982587517,1.30175321728308,0.880168626334219,0
2020-02-13,-4.44677949897869,5.60889492020853,1.35936110273849,1.01975589066226,0
2020-02-14,-4.26814156999145,5.64631450532568,1.38433847735286,0.58025742575085,1
2020-02-15,-4.33028818063845,5.50572368223922,1.42187801617013,0.682898977322817,0
2020-02-16,-4.22218714327123,5.3910339596368,1.41091775901568,0.830975005769435,1
2020-02-17,,5.56578408600274,1.41218044778665,0.747233823910668,1
2020-02-18,-4.50047207727103,5.58931611904518,1.46364418091155,0.901888639522501,0
2020-02-19,-4.45364170723485,5.60221305315727,1.40347799463571,0.471911974940057,0
2020-02-20,-4.52095690638132,5.61871524638245,1.34700457919689,1.02221680521835,0
2020-02-21,-4.56338230825752,5.65021327003085,1.37520622109933,1.10804531225906,0
2020-02-22,-4.26601189464455,5.50025843606465,1.30382579577491,0.608731517166875,0
2020-02-23,-4.59435452693447,5.40200503006682,1.25977300632998,0.676860009398682,0
2020-02-24,-4.63151392690372,5.37709670444354,1.24314143982639,0.90444154428866,0
2020-02-25,-4.35862391962904,5.3477806669307,1.32880417526051,0.401810546138613,0
2020-02-26,-4.14741612262546,5.58541447750346,1.39569033718007,0.686171878845379,0
2020-02-27,-4.09825569732049,5.61491513558138,1.35378804482678,0.830748767769022,0
2020-02-28,-4.01224459943618,5.64130749984394,1.34266936897533,0.778544264095124,0
2020-02-29,-4.27615127603425,5.5028120783894,1.37604440704263,0.772853698444678,0
2020-03-01,-4.33176375540474,5.39186977570936,1.40732007441563,0.736477193414872,0
2020-03-02,-4.167739565909,5.58758862712161,1.41940496276989,0.903298821114303,0
2020-03-03,-4.19666846377769,5.60077475125512,1.45832302880026,0.82730157744682,0
2020-03-04,-4.01306099341659,5.60971497056442,1.45459081233709,0.681408521589552,0
2020-03-05,-4.32715682215746,5.62552645806434,1.42847226741736,0.760467699392263,0
2020-03-06,-4.30502902780959,5.65166076118316,1.43189959949149,0.83957393769306,0
2020-03-07,-4.35428567575716,5.54079855978543,1.41552977915764,0.894284798795635,0
2020-03-08,-4.64050593357649,5.40309648840516,1.40276275323244,0.517385965519674,1
2020-03-09,-4.35052722848578,5.58746400906607,1.42386000717406,0.990577587646011,1
2020-03-10,-4.44763914123104,5.61748262266064,1.44156422547186,1.07894159354629,1
2020-03-11,,5.5844160392261,1.37900318952264,0.845951184402379,1
2020-03-12,-3.90850278710947,5.61339779037995,1.34976304398795,0.245538218850332,0
2020-03-13,-4.35242177234715,5.62891487417949,1.32897388783864,0.873734477563849,0
2020-03-14,,5.36732609720497,1.36392521068964,0.705629782007549,1
2020-03-15,-5.00055749350103,5.25830197565692,1.41371876506108,0.740487914561598,1
2020-03-16,-4.58845940861758,5.55156099726389,1.36172783601759,0.58818817574462,0
2020-03-17,,5.49489449115824,1.29785166326274,0.54153793011318,1
2020-03-18,-4.44380925074319,5.47046194461996,1.29409864722987,0.648340961459325,1
2020-03-19,-4.57342270088675,5.52630566996892,1.3063356573514,0.811490737192637,0
2020-03-20,-4.5073786549967,5.08144092670569,1.31945307849077,0.543234380741106,0
2020-03-21,-4.63839928011244,4.73995979323933,1.30740688786016,0.797205533560252,0
2020-03-22,-4.75843267376787,4.53639428863745,1.34733001531695,0.657530478957289,0
2020-03-23,-4.68762484833897,4.63446719360574,1.36921585741014,0.911287042434438,0
2020-03-24,-4.60223516404426,4.65559938778079,1.37099085287675,0.935588656763388,0
2020-03-25,,4.93817936113665,1.39981788562573,0.575980631814596,1
2020-03-26,-4.49020554597024,4.91654343031506,1.41168983829797,0.903358100018147,0
2020-03-27,-4.50115608464469,4.93732226499879,1.38088929724654,0.804922081111637,0
2020-03-28,-4.35796975548133,4.65468661046708,1.36898380050807,0.519057786333454,0
2020-03-29,-4.55968964545374,4.51588708419527,1.40111321395538,0.415274533339018,0
2020-03-30,-4.6311377499113,4.87187053542017,1.39561757275301,0.889039315112461,0
2020-03-31,,4.73751069067348,1.4050473916461,1.08700476950025,1
2020-04-01,-4.62171514296426,5.03612165625228,1.38960901605199,0.613893220657737,1
2020-04-02,-4.82347091760517,5.03872345850714,1.3472486791463,1.14421320244758,1
2020-04-03,-4.4418502066675,5.05229754910857,1.34406462788918,0.350788303081717,0
2020-04-04,-4.4356315854176,4.75266294312097,1.26452268573559,0.813638093757905,0
2020-04-05,-4.5397169375258,4.64220723091135,1.23278441432074,0.723060377883819,1
2020-04-06,-4.77814318025316,5.05642838998106,1.31060481626931,0.907176607265366,0
2020-04-07,-4.54152213511012,5.08822825570791,1.31377936874917,0.685268563407656,0
2020-04-08,-4.35430375059072,5.11470437085374,1.24838201413965,0.543462753278972,0
2020-04-09,-4.74516816421491,4.971860082779,1.15785954533157,0.672073943937836,0
2020-04-10,-4.6671583506745,4.72113433661416,1.14921911265538,0.715578352894689,0
2020-04-11,-4.68367392316921,4.7612284973322,1.18927971263718,0.740940966729965,0
2020-04-12,-5.0077889983009,4.65711324481127,1.22552465216514,0.757797230541324,0
2020-04-13,,5.13909791302407,1.28630673884327,0.211910800028829,1
2020-04-14,-4.73060482178213,5.15888694779934,1.29894399957175,0.999201794284195,1
2020-04-15,-4.42004087414842,5.16798156299171,1.25204353497311,0.881572531259276,0
2020-04-16,-4.02703059812465,5.19047457156065,1.1685465868621,0.113250097357722,0
2020-04-17,-4.40272733762732,5.2033593015223,1.1771756403479,0.610528026190951,0
2020-04-18,-4.48093404187521,4.87412797581644,1.16049354159916,0.856964702689255,0
2020-04-19,-4.67105034155885,4.731056650174,1.2148438480477,0.928633749034148,0
2020-04-20,-4.28082797912336,5.20422040164437,1.28490049536344,0.45205548385156,0
2020-04-21,-4.50163724508749,5.21489680756022,1.31849810773098,0.992762755198137,0
2020-04-22,-4.47897081487199,5.23532892861891,1.32101124254495,0.795937415322374,0
2020-04-23,-4.1806371401937,5.24290153468152,1.26442426205655,0.71486416289848,0
2020-04-24,-4.0253203252818,5.25758258758138,1.24879037757538,0.821131363964288,1
2020-04-25,,4.88108779695068,1.30865332634319,0.969135406354996,1
2020-04-26,-4.63801397849509,4.75513516356731,1.33184890074947,1.17212469097711,0
2020-04-27,,5.25165038538937,1.27531135454181,1.02605063702384,1
2020-04-28,,5.24835831727496,1.26284644203985,0.932572342484892,1
2020-04-29,-4.46875939243116,5.29899927155054,1.2715512056685,0.803472816836986,0
2020-04-30,-4.08722961140716,5.28495608149969,1.27174482782147,0.510413210257029,0
2020-05-01,-4.55356714682645,4.81857556447272,1.22087048607242,0.578527521316714,0
2020-05-02,-4.5103368744023,4.95889819471077,1.2097383596141,0.551237982810145,0
2020-05-03,-4.68555092916717,4.79384623891016,1.22831479186559,0.973660098666836,1
2020-05-04,,5.2912489366487,1.1759706049413,0.503834257018714,1
2020-05-05,,5.29746942532856,1.23521271117434,1.12089936384079,1
2020-05-06,-4.68421411864343,5.30957268346971,1.21063059307,0.860728703486753,0
2020-05-07,-4.23954370712969,5.32714428878434,1.15075643986031,0.680472532726077,0
2020-05-08,-4.35227769969939,5.33717363124146,1.0782755220866,0.949735199968791,0
2020-05-09,-4.46756197069816,5.0168704483241,1.14535181655846,1.06648378609767,0
2020-05-10,-4.47570274338413,4.84887236205995,1.16211614106237,0.847691425437039,0
2020-05-11,-4.14194431953791,5.32978826376028,1.21934434927437,0.910898507936228,0
2020-05-12,-4.02392033936249,5.33902190352237,1.29308619804803,0.237223762231086,0
2020-05-13,-4.19039666912567,5.34556387657866,1.24468936049289,0.636186494424167,0
2020-05-14,-3.73880003357861,5.35801674569324,1.11087017171158,-0.11573775591186,0
2020-05-15,-4.39576872499339,5.36007247797027,1.15886485708117,0.984351612951321,0
2020-05-16,-4.41674419167689,5.04966372126066,1.0565872685202,0.87879820162387,0
2020-05-17,-4.27095509861057,4.88023605392785,1.19428302657372,0.357038662477993,0
2020-05-18,-4.42648182869621,5.33568852704309,1.31113552242322,1.019531602807,0
2020-05-19,-4.30208315754419,5.30757732680913,1.30463411993281,0.833169731407499,0
2020-05-20,,5.30592932735521,1.26521102763749,0.690526258315126,1
2020-05-21,,5.29338244560625,1.28789499622113,1.14777605432655,1
2020-05-22,,5.32898271107898,1.30454438039702,1.20443620506518,1
2020-05-23,-4.28880948235276,5.00275768192805,1.1754876530073,0.852143691489522,0
2020-05-24,-4.37780425031629,4.71700440704055,1.11394335230684,0.974568364890158,0
2020-05-25,-4.99147690343082,4.84548253059181,1.09034624350567,1.17065026771849,0
2020-05-26,-3.94508642895845,5.29147763247901,1.10636090880675,0.470048811180434,0
2020-05-27,-4.28359034138368,5.29905380937117,1.1709947020363,0.877784154231059,0
2020-05-28,-4.00420411997461,5.31979288848045,1.1237155624819,0.715694665610365,0
2020-05-29,-4.1083999485702,5.25655900470071,1.19300858540282,0.561971855298881,0
2020-05-30,,4.93269187184783,1.20951501454263,0.735682796618375,0
2020-05-31,-4.7924092531694,4.76320330037077,1.18041263283832,1.1267877383083,0
2020-06-01,-4.02556704121175,5.27840373872238,1.10551018476997,0.742808927970642,0
2020-06-02,-4.00783409787884,5.28883698137161,1.0161624858249,0.672086951376785,0
2020-06-03,-3.58912773414933,5.3089547829801,0.981894077582167,0.281806248606488,0
2020-06-04,-4.02423916434501,5.31846820930305,1.00216606175651,0.544098347773245,0
2020-06-05,,5.32729148577064,1.07887954788898,0.844161939224379,1
2020-06-06,-4.67438351776391,4.9853096884076,1.0769133845918,1.03634090959727,1
2020-06-07,,4.81354763133619,1.11394335230684,0.350997947728702,1
2020-06-08,,5.29805796110038,1.20059973094934,0.373585516237064,1
2020-06-09,-3.74612238435833,5.31843065952435,1.1846914308176,0.105040000559137,0
2020-06-10,-4.00915626903733,5.33345332031753,1.16559051544767,0.650698236002073,0
2020-06-11,-4.22211095338756,5.33718961550661,1.13764417721842,0.770120905727293,0
2020-06-12,-3.78419965912117,5.36082431959303,1.15419565742627,0.532564490279181,0
2020-06-13,-4.45181261335435,5.03138018369017,1.11713313930597,1.08641005395817,0
2020-06-14,-4.23725058828778,4.77461914064536,1.18787308960379,0.648498541472303,0
2020-06-15,-4.43636388402205,4.91593248222924,0.976770159281525,0.997915328750254,0
2020-06-16,-4.24774099821701,5.3408583808803,0.901730691729219,0.955972432623903,0
2020-06-17,-4.63218638105699,5.33923473691331,1.09878788996175,1.16017215891116,1
2020-06-18,-4.30411666139858,5.33820740011805,1.26609443857315,0.637256842801922,1
2020-06-19,-4.24012830250171,5.35340454256223,1.34291591708409,0.21344417462922,1
2020-06-20,-4.46882823501149,4.99176196566836,1.20207944100739,0.701198728564509,1
2020-06-21,-4.37233289704273,4.83948433234293,1.12602311790052,0.662366965251668,1
2020-06-22,-4.43661815691817,5.31088015681202,1.11658007398844,0.821113168148597,1
2020-06-23,,5.32144721913147,1.14625727075787,0.7261778938911,1
2020-06-24,,5.34502066154212,1.10479997286697,0.993726962242982,1
2020-06-25,-4.36579649353114,5.36774903119261,1.13711664058277,0.941830122747582,0
2020-06-26,-4.11349296058407,5.37573675213585,1.11129052452572,0.534086449823794,0
2020-06-27,-3.99356415559379,5.039711479326,0.983024562772088,0.543897328716225,0
2020-06-28,-3.72761008865193,4.85600345399722,0.934498451243568,0.419222826773059,0
2020-06-29,-4.57043429145869,5.33709969636168,0.99251669917399,1.08543306855779,1
2020-06-30,,5.34999395931801,0.986958246823075,1.04101534498445,1
2020-07-01,-4.17621186470706,5.21438282758595,1.06539296156199,1.02624012628214,0
2020-07-02,-4.08502164706065,5.25709993004972,1.04237859813988,0.644111517475107,0
2020-07-03,-4.19201741501338,5.28733136272058,0.894869656745253,0.975390118296605,0
2020-07-04,-3.87519732558098,4.9517502424311,0.898084966379668,0.788442986877444,0
2020-07-05,-4.32820860697665,4.78702809028834,1.01336396155798,0.755919290332052,1
2020-07-06,-4.11692972250116,5.28629251172204,1.07188200730613,0.530742759397144,0
2020-07-07,-4.47964169541214,5.31218793853507,1.03140846425162,0.967764992156105,0
2020-07-08,-3.68732282417306,5.33949715410917,0.874578445685604,0.607297230785247,0
2020-07-09,-4.30837232468646,4.92502831476313,0.876025291494317,0.740276758817323,0
2020-07-10,,4.96689229586714,0.939727198268703,1.09803590560166,0
2020-07-11,-3.95641135847096,4.97022596371976,1.01037063683883,0.650687595788139,0
2020-07-12,-4.35421619433002,4.82534821042491,1.04727486738418,0.805551272584808,0
2020-07-13,-4.34380569061034,5.30775482597818,0.992148340812717,1.04602572512007,1
2020-07-14,-3.97495398282873,5.31139356500052,1.01755501441484,0.662460283277873,0
2020-07-15,-4.01083809686169,5.32512552621693,0.973704989208757,0.624235545110562,0
2020-07-16,-4.10432067251158,5.32599361677961,0.825804635051738,0.67540898875586,1
2020-07-17,-4.43766281027091,5.35430056234536,0.958643504540717,0.992556848050064,0
2020-07-18,-4.05241997519277,5.04147164061375,1.0418859214201,0.55919500264427,1
2020-07-19,-4.26330436277883,4.88617475972973,1.07948273476636,0.419774535237017,0
2020-07-20,-3.705758502206,5.33030214126266,1.16780945319393,0.296166832796,0
2020-07-21,,5.33716364077699,1.24272772749988,0.610560981678519,1
2020-07-22,,5.35485723947412,1.23151206629574,0.38882289255938,1
2020-07-23,,5.35452331882979,1.17062836335418,0.684383988244762,1
2020-07-24,-4.27811074080036,5.37439453595815,1.15609463063943,0.951085718707578,1
2020-07-25,-4.30470792754725,5.08032699462648,1.10366121251107,0.72033668121694,0
2020-07-26,-4.51966368152773,4.89812157554111,0.933023049983118,0.943586131824024,0
2020-07-27,-3.89947398862333,5.34267134191569,0.930057124920842,0.903272695699355,0
2020-07-28,-4.16925428291609,5.36332987888716,1.08975796778835,0.857086100734492,0
2020-07-29,-3.76229729263593,5.36870331030579,1.03676193089143,0.409189663212299,0
2020-07-30,-4.29550280148661,5.38135699029047,0.854811917783617,0.973804515167786,0
2020-07-31,-3.73410258847911,5.39955431734206,0.901276646228476,0.654741790574206,0
2020-08-01,-4.24870189514243,5.10729817675627,1.0121339136496,0.728218484195209,0
2020-08-02,-4.12418779426688,4.91624333046534,1.05467687915571,0.417538507170672,0
2020-08-03,-4.42179862142762,5.36133868492272,1.15482957153955,0.781851696325174,0
2020-08-04,-4.37647041150158,5.37164776628301,1.28461869943148,0.937480558129345,0
2020-08-05,,5.38838897734304,1.23752279365241,0.914365444449874,0
2020-08-06,,5.38220801806915,1.3070501045319,1.10165302686302,1
2020-08-07,,5.38837299480177,1.33679316532894,0.962198863518287,1
2020-08-08,-4.26924073941899,5.0961101750846,1.19416732270148,0.787828579709566,0
2020-08-09,,4.91043229113427,1.06539296156199,0.423553122138165,0
2020-08-10,-4.36737569986879,5.36953125594131,1.18017368126041,1.01218265478271,0
2020-08-11,-4.10881477800802,5.38636874686319,1.15974259994479,0.842735571198165,0
2020-08-12,-4.03421191433397,5.39411006495571,1.16989475763599,0.661940954009423,0
2020-08-13,-3.98356728986611,5.40600336738583,0.971005103627736,0.861795119857646,0
2020-08-14,-4.19730036398059,5.42869350760651,0.972742669998482,0.73324946779782,0
2020-08-15,-4.51044827170164,5.15316827497159,1.08606308007769,1.03377191726484,0
2020-08-16,-4.4289099383732,4.92372572497411,1.14236339097957,0.872396480196831,0
2020-08-17,-4.3834362592379,5.02727212109587,1.07387102901949,0.541837645669287,0
2020-08-18,-4.18591400387851,5.39630224002429,1.0782755220866,0.701429554465921,0
2020-08-19,-4.50046690859377,5.39592717371856,1.10022690546621,1.00949872972859,1
2020-08-20,-4.25800518181669,5.40883840418649,1.18575457573506,0.763764783378404,0
2020-08-21,-4.08065971987354,5.42740008560087,0.942421469980617,0.741757406897643,0
2020-08-22,-4.39958077952663,5.14444654674271,0.882002463764811,0.957997908057674,0
2020-08-23,-4.64316411431234,4.97487076980533,1.04630001965297,1.06136431827239,0
2020-08-24,-4.41001128031248,5.3883996320438,1.10791625453585,1.00349168722981,0
2020-08-25,,5.39075676259246,1.17921655804788,0.862072332661781,1
2020-08-26,,5.39647309306705,1.25957397127522,0.650936666082316,1
2020-08-27,-4.2107787562279,5.4207690821605,1.26007138798507,0.668004015974375,0
2020-08-28,-4.99990937690439,5.43795973459915,1.25396363005099,0.675334889769505,1
2020-08-29,-5.04267345476533,5.13999551206828,1.16645478335858,0.870464343369839,1
2020-08-30,-4.23406349308021,5.01060945079981,1.19785464212448,0.493968834071646,0
2020-08-31,,5.39464951993668,1.13948552544825,0.491188323611994,0
2020-09-01,,5.40503030151222,0.94571471405986,1.06905489162639,1
2020-09-02,,5.38556874035459,0.998731456901831,1.21589407574774,1
2020-09-03,,5.41895886541821,0.966141732739033,0.68822047260712,1
2020-09-04,-4.00629202392336,5.45376463878035,1.02530586526477,0.602814818317564,0
2020-09-05,-4.46210642670558,5.19493594395707,1.01703333929878,1.03416050217975,0
2020-09-06,-4.39003856045424,5.03486498845705,1.12002523311403,1.02475483193748,0
2020-09-07,-4.30270866866823,5.3972150006513,1.09210630460524,0.880920175320736,0
2020-09-08,-4.51390475949224,5.41112958573013,1.06226852735284,1.06786238265994,0
2020-09-09,,5.42025123240401,1.07509052994547,0.315078856977776,0
2020-09-10,-4.2492248120336,5.43978254777289,1.19173039336286,0.65714199303972,0
2020-09-11,-4.27427016956273,5.46069041385608,1.22895613259041,0.77698945981776,0
2020-09-12,-4.39718062510449,5.20709014877207,1.20468510242584,0.687200967363991,0
2020-09-13,-4.32421383086378,5.06665757731273,1.22097929090373,-0.0298850827633632,0
2020-09-14,-3.95444499848062,5.4067887641574,1.10904392665766,0.527042382494136,0
2020-09-15,-4.1412596548643,5.42359644568397,1.19439869962858,0.913375659787367,0
2020-09-16,-3.94192929591176,5.43595260771723,1.11115045212267,0.549897019715343,0
2020-09-17,-3.98122659127275,5.44935650192542,1.11240948033159,0.895005795674827,0
2020-09-18,-4.12973544832004,5.47008987097277,1.15088430515842,0.657283094333088,0
2020-09-19,-4.54858273495046,5.22761936420394,1.26403034413212,0.865105721584174,0
2020-09-20,-4.46675118656364,5.0870783137777,1.26629050832001,0.630586988289389,0
2020-09-21,-3.9327922362325,5.40879435465642,1.10451556258705,0.457662576800836,0
2020-09-22,-4.20944753062562,5.43563576539221,1.14053422980788,0.842435643900471,0
2020-09-23,-4.05745901691149,5.45260361308376,1.07478597559786,0.7256269643188,0
2020-09-24,-4.26942753070853,5.46209688253187,1.15228834438306,0.86591482510103,0
2020-09-25,,5.46613180944743,1.2529541119723,0.943150469885216,1
2020-09-26,-4.38035384758495,5.16213109070117,1.24283119253478,0.85322891596589,1
2020-09-27,,5.03859632079311,1.2340530456471,0.859633292239195,1
2020-09-28,-4.33043004010327,5.40008187026079,1.22991637136439,0.813904231780816,0
2020-09-29,-4.39692244290625,5.43605286642961,1.18516426100247,1.10579445930789,0
2020-09-30,-4.27903433465105,5.44274465493759,1.19785464212448,0.890369372055307,0
2020-10-01,-4.03038907167917,5.44530523106876,1.27029055316676,0.997955991728267,0
2020-10-02,-4.43598216015589,5.4854829248184,1.32118402730231,1.19416030889705,0
2020-10-03,-4.54903866244328,5.22638850570826,1.24448328956047,1.10453143397999,0
2020-10-04,,5.05005091379903,1.09195990498076,1.17948023295964,1
2020-10-05,-4.34135714174196,5.42933877693862,0.977342478031476,0.839384317981314,1
2020-10-06,-3.92500260739485,5.44625437976268,1.11422165701479,0.51501335157454,0
2020-10-07,-4.20647049079054,5.46675643859426,1.14741865915973,0.49117940356134,0
2020-10-08,-4.01278484147769,5.47966742783883,1.18148629094239,0.768362225640787,0
2020-10-09,-4.46076543990388,5.51161468345353,1.27789559379479,0.768032699250324,0
2020-10-10,-4.51436602189386,5.2906466464777,1.23034246360549,0.886672630883243,0
2020-10-11,-4.59264171365527,5.0826058726979,1.26126286879249,0.799976466402418,1
2020-10-12,-4.52865736594456,5.17206264582066,1.21989001397979,0.854704050745997,0
2020-10-13,-3.88910166917221,5.46807544197333,1.23289027525531,0.788648877656266,0
2020-10-14,-4.11040132028359,5.4786689250693,1.22777961683557,0.255845400196068,0
2020-10-15,-4.14339187316106,5.49274921732091,1.26931832423621,0.847915635218175,0
2020-10-16,-4.4175372813749,5.52418963708297,1.32170196950074,0.995963598069171,0
2020-10-17,-4.22819746243877,5.29491792198897,1.22184874961636,0.979108997420978,1
2020-10-18,-4.35822356763936,5.25052490347427,1.30337607586116,0.984969893112725,0
2020-10-19,-4.48765824263487,5.44897052548913,1.32368171192094,0.980416630823367,1
2020-10-20,-4.65947594436394,5.44955553167703,1.41636309149882,1.15840731481869,1
2020-10-21,,5.47692577821729,1.3651758796084,1.12945112840586,1
2020-10-22,,5.46805770420476,1.1392229532021,0.95523861241761,1
2020-10-23,-4.45264976099411,5.5173239233476,1.16879202031418,0.751655271411356,1
2020-10-24,-4.23895140189724,5.29574078302094,1.19009814372427,0.806160500105707,0
2020-10-25,,5.03933082183577,1.2931783364767,0.571800343654317,1
2020-10-26,-4.68588310229682,5.46999864221875,1.31042777000436,0.916716381784773,0
2020-10-27,-4.14766735115109,5.49286092145021,1.31095869242,0.753676602642579,0
2020-10-28,,5.4891157775948,1.26638851000877,0.901022201917922,1
2020-10-29,-4.68955986175186,5.48854225613592,1.2394037640312,1.06026610290727,0
2020-10-30,-4.03385961620216,5.53394609707157,1.18869417327127,0.676280440007717,0
2020-10-31,-4.11795072952782,5.3398507688332,1.15760785336167,0.72794036550565,0
2020-11-01,-4.52942598671934,5.22427142303067,1.15241575951729,0.841357984544209,0
2020-11-02,-4.21908852018886,5.47715454935366,1.23510741489987,0.816274562495708,0
2020-11-03,-4.37381746940943,5.49751983204784,1.29446622616159,1.04949953380881,0
2020-11-04,-4.51861491277446,5.50761437999468,1.29812500502057,1.1649868557525,0
2020-11-05,-4.36382338446062,5.52744557656561,1.29703060423505,1.12759796229135,0
2020-11-06,-4.32729141889222,5.54730078294534,1.29299404006744,0.938723321307309,0
2020-11-07,-4.36496327851914,5.36662838129297,1.29867117295913,0.82783120359188,0
2020-11-08,-4.48966667674376,5.26157449710984,1.32667715327001,0.963603883915979,0
2020-11-09,,5.49397360027467,1.34846712513931,0.849451839143945,0
2020-11-10,-4.3452440631017,5.51114777849477,1.33862247659226,0.983323861630673,0
2020-11-11,-4.57991334424652,5.52803951667718,1.3022948442274,1.01912105900008,0
2020-11-12,-4.18560380612526,5.53509021967294,1.32075193644794,0.89361648825007,0
2020-11-13,-3.96356341073681,5.56815359687677,1.32582341900274,0.900261565896096,0
2020-11-14,,5.36138026138367,1.3250536206058,0.042386608290523,1
2020-11-15,-4.73322640729294,5.26478241712488,1.34765520775588,0.965096840386409,0
2020-11-16,-4.13858250935233,5.49731259883946,1.34659744081336,0.535599767070629,0
2020-11-17,-4.29976009319445,5.51654330614266,1.3192796035606,0.816914015406324,0
2020-11-18,-4.44158802834233,5.51839942896465,1.31797632815452,0.405969581704184,1
2020-11-19,-4.45628137942423,5.53890284852235,1.36867419829791,0.846707573925609,0
2020-11-20,-4.40413035867872,5.5691221565701,1.3411871338099,1.04138576421293,0
2020-11-21,-4.36705792226595,5.38782212569711,1.29766933979998,0.850098635673281,0
2020-11-22,-4.54985582394351,5.27118618685031,1.32135674334432,0.917648120233476,0
2020-11-23,-4.46988491936135,5.26996568196823,1.35658351321276,1.01738570293909,0
2020-11-24,-4.32371523342339,5.52085936559772,1.38036201223279,1.03122225609581,1
2020-11-25,-4.50811055138934,5.52362292236719,1.4050473916461,0.223762280088554,1
2020-11-26,-4.42974935724634,5.53465803979487,1.41587718696906,1.02362647581097,0
2020-11-27,-4.58653136298256,5.56894408492313,1.36117675076766,0.941527878628995,0
2020-11-28,,5.34984649814891,1.33537431018159,0.916982087179448,1
2020-11-29,-4.44328027760489,5.26076760978448,1.37114485801379,0.842218774816707,0
2020-11-30,-4.17390503863626,5.52198491665453,1.35833149921718,0.857603825508299,0
2020-12-01,-4.36880212352008,5.53973582547859,1.39233049092934,0.881599209586693,0
