lon,lat,value
-58.76,-34.93,0
-58.76,-34.92,0
-58.76,-34.91,0
-58.76,-34.9,0
-58.76,-34.89,0
-58.76,-34.88,0
-58.76,-34.87,0
-58.76,-34.86,0
-58.76,-34.85,0
-58.76,-34.84,0
-58.76,-34.83,0
-58.76,-34.82,0
-58.76,-34.81,0
-58.76,-34.8,0
-58.76,-34.79,0
-58.76,-34.78,0
-58.76,-34.77,0
-58.76,-34.76,0
-58.76,-34.75,0
-58.76,-34.74,0
-58.76,-34.73,0
-58.76,-34.72,0
-58.76,-34.71,0
-58.76,-34.7,0
-58.76,-34.69,0
-58.76,-34.68,0
-58.76,-34.67,0
-58.76,-34.66,0
-58.76,-34.65,0
-58.76,-34.64,0
-58.76,-34.63,0
-58.76,-34.62,0
-58.76,-34.61,0
-58.76,-34.6,0
-58.76,-34.59,0
-58.76,-34.58,0
-58.76,-34.57,0
-58.76,-34.56,0
-58.76,-34.55,0
-58.76,-34.54,0
-58.76,-34.53,0
-58.76,-34.52,0
-58.76,-34.51,0
-58.76,-34.5,0
-58.76,-34.49,0
-58.76,-34.48,0
-58.76,-34.47,0
-58.76,-34.46,0
-58.76,-34.45,0
-58.76,-34.44,0
-58.76,-34.43,0
-58.76,-34.42,0
-58.76,-34.41,0
-58.76,-34.4,0
-58.76,-34.39,0
-58.76,-34.38,0
-58.76,-34.37,0
-58.76,-34.36,0
-58.76,-34.35,0
-58.76,-34.34,0
-58.76,-34.33,0
-58.76,-34.32,0
-58.75,-34.93,0
-58.75,-34.92,0
-58.75,-34.91,0
-58.75,-34.9,0
-58.75,-34.89,0
-58.75,-34.88,0
-58.75,-34.87,0
-58.75,-34.86,0
-58.75,-34.85,0
-58.75,-34.84,0
-58.75,-34.83,0
-58.75,-34.82,0
-58.75,-34.81,0
-58.75,-34.8,0
-58.75,-34.79,0
-58.75,-34.78,0
-58.75,-34.77,0
-58.75,-34.76,0
-58.75,-34.75,0
-58.75,-34.74,0
-58.75,-34.73,0
-58.75,-34.72,0
-58.75,-34.71,0
-58.75,-34.7,0
-58.75,-34.69,0
-58.75,-34.68,0
-58.75,-34.67,0
-58.75,-34.66,0
-58.75,-34.65,0
-58.75,-34.64,0
-58.75,-34.63,0
-58.75,-34.62,0
-58.75,-34.61,0
-58.75,-34.6,0
-58.75,-34.59,0
-58.75,-34.58,0
-58.75,-34.57,0
-58.75,-34.56,0
-58.75,-34.55,0
-58.75,-34.54,0
-58.75,-34.53,0
-58.75,-34.52,0
-58.75,-34.51,0
-58.75,-34.5,0
-58.75,-34.49,0
-58.75,-34.48,0
-58.75,-34.47,0
-58.75,-34.46,0
-58.75,-34.45,0
-58.75,-34.44,0
-58.75,-34.43,0
-58.75,-34.42,0
-58.75,-34.41,0
-58.75,-34.4,0
-58.75,-34.39,0
-58.75,-34.38,0
-58.75,-34.37,0
-58.75,-34.36,0
-58.75,-34.35,0
-58.75,-34.34,0
-58.75,-34.33,0
-58.75,-34.32,0
-58.74,-34.93,0
-58.74,-34.92,0
-58.74,-34.91,0
-58.74,-34.9,0
-58.74,-34.89,0
-58.74,-34.88,0
-58.74,-34.87,0
-58.74,-34.86,0
-58.74,-34.85,0
-58.74,-34.84,0
-58.74,-34.83,0
-58.74,-34.82,0
-58.74,-34.81,0
-58.74,-34.8,0
-58.74,-34.79,0
-58.74,-34.78,0
-58.74,-34.77,0
-58.74,-34.76,0
-58.74,-34.75,0
-58.74,-34.74,0
-58.74,-34.73,0
-58.74,-34.72,0
-58.74,-34.71,0
-58.74,-34.7,0
-58.74,-34.69,0
-58.74,-34.68,0
-58.74,-34.67,0
-58.74,-34.66,0
-58.74,-34.65,0
-58.74,-34.64,0
-58.74,-34.63,0
-58.74,-34.62,0
-58.74,-34.61,0
-58.74,-34.6,0
-58.74,-34.59,0
-58.74,-34.58,0
-58.74,-34.57,0
-58.74,-34.56,0
-58.74,-34.55,0
-58.74,-34.54,0
-58.74,-34.53,0
-58.74,-34.52,0
-58.74,-34.51,0
-58.74,-34.5,0
-58.74,-34.49,0
-58.74,-34.48,0
-58.74,-34.47,0
-58.74,-34.46,0
-58.74,-34.45,0
-58.74,-34.44,0
-58.74,-34.43,0
-58.74,-34.42,0
-58.74,-34.41,0
-58.74,-34.4,0
-58.74,-34.39,0
-58.74,-34.38,0
-58.74,-34.37,0
-58.74,-34.36,0
-58.74,-34.35,0
-58.74,-34.34,0
-58.74,-34.33,0
-58.74,-34.32,0
-58.73,-34.93,0
-58.73,-34.92,0
-58.73,-34.91,0
-58.73,-34.9,0
-58.73,-34.89,0
-58.73,-34.88,0
-58.73,-34.87,0
-58.73,-34.86,0
-58.73,-34.85,0
-58.73,-34.84,0
-58.73,-34.83,0
-58.73,-34.82,0
-58.73,-34.81,0
-58.73,-34.8,0
-58.73,-34.79,0
-58.73,-34.78,0
-58.73,-34.77,0
-58.73,-34.76,0
-58.73,-34.75,0
-58.73,-34.74,0
-58.73,-34.73,0
-58.73,-34.72,0
-58.73,-34.71,0
-58.73,-34.7,0
-58.73,-34.69,0
-58.73,-34.68,0
-58.73,-34.67,0
-58.73,-34.66,0
-58.73,-34.65,0
-58.73,-34.64,0
-58.73,-34.63,0
-58.73,-34.62,0
-58.73,-34.61,0
-58.73,-34.6,0
-58.73,-34.59,0
-58.73,-34.58,0
-58.73,-34.57,0
-58.73,-34.56,0
-58.73,-34.55,0
-58.73,-34.54,0
-58.73,-34.53,0
-58.73,-34.52,0
-58.73,-34.51,0
-58.73,-34.5,0
-58.73,-34.49,0
-58.73,-34.48,0
-58.73,-34.47,0
-58.73,-34.46,0
-58.73,-34.45,0
-58.73,-34.44,0
-58.73,-34.43,0
-58.73,-34.42,0
-58.73,-34.41,0
-58.73,-34.4,0
-58.73,-34.39,0
-58.73,-34.38,0
-58.73,-34.37,0
-58.73,-34.36,0
-58.73,-34.35,0
-58.73,-34.34,0
-58.73,-34.33,0
-58.73,-34.32,0
-58.72,-34.93,0
-58.72,-34.92,0
-58.72,-34.91,0
-58.72,-34.9,0
-58.72,-34.89,0
-58.72,-34.88,0
-58.72,-34.87,0
-58.72,-34.86,0
-58.72,-34.85,0
-58.72,-34.84,0
-58.72,-34.83,0
-58.72,-34.82,0
-58.72,-34.81,0
-58.72,-34.8,0
-58.72,-34.79,0
-58.72,-34.78,0
-58.72,-34.77,0
-58.72,-34.76,0
-58.72,-34.75,0
-58.72,-34.74,0
-58.72,-34.73,0
-58.72,-34.72,0
-58.72,-34.71,0
-58.72,-34.7,0
-58.72,-34.69,0
-58.72,-34.68,0
-58.72,-34.67,0
-58.72,-34.66,0
-58.72,-34.65,0
-58.72,-34.64,0
-58.72,-34.63,0
-58.72,-34.62,0
-58.72,-34.61,0
-58.72,-34.6,0
-58.72,-34.59,0
-58.72,-34.58,0
-58.72,-34.57,0
-58.72,-34.56,0
-58.72,-34.55,0
-58.72,-34.54,0
-58.72,-34.53,0
-58.72,-34.52,0
-58.72,-34.51,0
-58.72,-34.5,0
-58.72,-34.49,0
-58.72,-34.48,0
-58.72,-34.47,0
-58.72,-34.46,0
-58.72,-34.45,0
-58.72,-34.44,0
-58.72,-34.43,0
-58.72,-34.42,0
-58.72,-34.41,0
-58.72,-34.4,0
-58.72,-34.39,0
-58.72,-34.38,0
-58.72,-34.37,0
-58.72,-34.36,0
-58.72,-34.35,0
-58.72,-34.34,0
-58.72,-34.33,0
-58.72,-34.32,0
-58.71,-34.93,0
-58.71,-34.92,0
-58.71,-34.91,0
-58.71,-34.9,0
-58.71,-34.89,0
-58.71,-34.88,0
-58.71,-34.87,0
-58.71,-34.86,0
-58.71,-34.85,0
-58.71,-34.84,0
-58.71,-34.83,0
-58.71,-34.82,0
-58.71,-34.81,0
-58.71,-34.8,0
-58.71,-34.79,0
-58.71,-34.78,0
-58.71,-34.77,0
-58.71,-34.76,0
-58.71,-34.75,0
-58.71,-34.74,0
-58.71,-34.73,0
-58.71,-34.72,0
-58.71,-34.71,0
-58.71,-34.7,0
-58.71,-34.69,0
-58.71,-34.68,0
-58.71,-34.67,0
-58.71,-34.66,0
-58.71,-34.65,0
-58.71,-34.64,0
-58.71,-34.63,0
-58.71,-34.62,0
-58.71,-34.61,0
-58.71,-34.6,0
-58.71,-34.59,0
-58.71,-34.58,0
-58.71,-34.57,0
-58.71,-34.56,0
-58.71,-34.55,0
-58.71,-34.54,0
-58.71,-34.53,0
-58.71,-34.52,0
-58.71,-34.51,0
-58.71,-34.5,0
-58.71,-34.49,0
-58.71,-34.48,0
-58.71,-34.47,0
-58.71,-34.46,0
-58.71,-34.45,0
-58.71,-34.44,0
-58.71,-34.43,0
-58.71,-34.42,0
-58.71,-34.41,0
-58.71,-34.4,0
-58.71,-34.39,0
-58.71,-34.38,0
-58.71,-34.37,0
-58.71,-34.36,0
-58.71,-34.35,0
-58.71,-34.34,0
-58.71,-34.33,0
-58.71,-34.32,0
-58.7,-34.93,0
-58.7,-34.92,0
-58.7,-34.91,0
-58.7,-34.9,0
-58.7,-34.89,0
-58.7,-34.88,0
-58.7,-34.87,0
-58.7,-34.86,0
-58.7,-34.85,0
-58.7,-34.84,0
-58.7,-34.83,0
-58.7,-34.82,0
-58.7,-34.81,0
-58.7,-34.8,0
-58.7,-34.79,0
-58.7,-34.78,0
-58.7,-34.77,0
-58.7,-34.76,0
-58.7,-34.75,0
-58.7,-34.74,0
-58.7,-34.73,0
-58.7,-34.72,0
-58.7,-34.71,0
-58.7,-34.7,0
-58.7,-34.69,0
-58.7,-34.68,0
-58.7,-34.67,0
-58.7,-34.66,0
-58.7,-34.65,0
-58.7,-34.64,0
-58.7,-34.63,0
-58.7,-34.62,0
-58.7,-34.61,0
-58.7,-34.6,0
-58.7,-34.59,0
-58.7,-34.58,0
-58.7,-34.57,0
-58.7,-34.56,0
-58.7,-34.55,0
-58.7,-34.54,0
-58.7,-34.53,0
-58.7,-34.52,0
-58.7,-34.51,0
-58.7,-34.5,0
-58.7,-34.49,0
-58.7,-34.48,0
-58.7,-34.47,0
-58.7,-34.46,0
-58.7,-34.45,0
-58.7,-34.44,0
-58.7,-34.43,0
-58.7,-34.42,0
-58.7,-34.41,0
-58.7,-34.4,0
-58.7,-34.39,0
-58.7,-34.38,0
-58.7,-34.37,0
-58.7,-34.36,0
-58.7,-34.35,0
-58.7,-34.34,0
-58.7,-34.33,0
-58.7,-34.32,0
-58.69,-34.93,0
-58.69,-34.92,0
-58.69,-34.91,0
-58.69,-34.9,0
-58.69,-34.89,0
-58.69,-34.88,0
-58.69,-34.87,0
-58.69,-34.86,0
-58.69,-34.85,0
-58.69,-34.84,0
-58.69,-34.83,0
-58.69,-34.82,0
-58.69,-34.81,0
-58.69,-34.8,0
-58.69,-34.79,0
-58.69,-34.78,0
-58.69,-34.77,0
-58.69,-34.76,0
-58.69,-34.75,0
-58.69,-34.74,0
-58.69,-34.73,0
-58.69,-34.72,0
-58.69,-34.71,0
-58.69,-34.7,0
-58.69,-34.69,0
-58.69,-34.68,0
-58.69,-34.67,0
-58.69,-34.66,0
-58.69,-34.65,0
-58.69,-34.64,0
-58.69,-34.63,0
-58.69,-34.62,0
-58.69,-34.61,0
-58.69,-34.6,0
-58.69,-34.59,0
-58.69,-34.58,0
-58.69,-34.57,0
-58.69,-34.56,0
-58.69,-34.55,0
-58.69,-34.54,0
-58.69,-34.53,0
-58.69,-34.52,0
-58.69,-34.51,0
-58.69,-34.5,0
-58.69,-34.49,0
-58.69,-34.48,0
-58.69,-34.47,0
-58.69,-34.46,0
-58.69,-34.45,0
-58.69,-34.44,0
-58.69,-34.43,0
-58.69,-34.42,0
-58.69,-34.41,0
-58.69,-34.4,0
-58.69,-34.39,0
-58.69,-34.38,0
-58.69,-34.37,0
-58.69,-34.36,0
-58.69,-34.35,0
-58.69,-34.34,0
-58.69,-34.33,0
-58.69,-34.32,0
-58.68,-34.93,0
-58.68,-34.92,0
-58.68,-34.91,0
-58.68,-34.9,0
-58.68,-34.89,0
-58.68,-34.88,0
-58.68,-34.87,0
-58.68,-34.86,0
-58.68,-34.85,0
-58.68,-34.84,0
-58.68,-34.83,0
-58.68,-34.82,0
-58.68,-34.81,0
-58.68,-34.8,0
-58.68,-34.79,0
-58.68,-34.78,0
-58.68,-34.77,0
-58.68,-34.76,0
-58.68,-34.75,0
-58.68,-34.74,0
-58.68,-34.73,0
-58.68,-34.72,0
-58.68,-34.71,0
-58.68,-34.7,0
-58.68,-34.69,0
-58.68,-34.68,0
-58.68,-34.67,0
-58.68,-34.66,0
-58.68,-34.65,0
-58.68,-34.64,0
-58.68,-34.63,0
-58.68,-34.62,0
-58.68,-34.61,0
-58.68,-34.6,0
-58.68,-34.59,0
-58.68,-34.58,0
-58.68,-34.57,0
-58.68,-34.56,0
-58.68,-34.55,0
-58.68,-34.54,0
-58.68,-34.53,0
-58.68,-34.52,0
-58.68,-34.51,0
-58.68,-34.5,0
-58.68,-34.49,0
-58.68,-34.48,0
-58.68,-34.47,0
-58.68,-34.46,0
-58.68,-34.45,0
-58.68,-34.44,0
-58.68,-34.43,0
-58.68,-34.42,0
-58.68,-34.41,0
-58.68,-34.4,0
-58.68,-34.39,0
-58.68,-34.38,0
-58.68,-34.37,0
-58.68,-34.36,0
-58.68,-34.35,0
-58.68,-34.34,0
-58.68,-34.33,0
-58.68,-34.32,0
-58.67,-34.93,0
-58.67,-34.92,0
-58.67,-34.91,0
-58.67,-34.9,0
-58.67,-34.89,0
-58.67,-34.88,0
-58.67,-34.87,0
-58.67,-34.86,0
-58.67,-34.85,0
-58.67,-34.84,0
-58.67,-34.83,0
-58.67,-34.82,0
-58.67,-34.81,0
-58.67,-34.8,0
-58.67,-34.79,0
-58.67,-34.78,0
-58.67,-34.77,0
-58.67,-34.76,0
-58.67,-34.75,0
-58.67,-34.74,0
-58.67,-34.73,0
-58.67,-34.72,0
-58.67,-34.71,0
-58.67,-34.7,0
-58.67,-34.69,0
-58.67,-34.68,0
-58.67,-34.67,0
-58.67,-34.66,0
-58.67,-34.65,0
-58.67,-34.64,0
-58.67,-34.63,0
-58.67,-34.62,0
-58.67,-34.61,0
-58.67,-34.6,0
-58.67,-34.59,0
-58.67,-34.58,0
-58.67,-34.57,0
-58.67,-34.56,0
-58.67,-34.55,0
-58.67,-34.54,0
-58.67,-34.53,0
-58.67,-34.52,0
-58.67,-34.51,0
-58.67,-34.5,0
-58.67,-34.49,0
-58.67,-34.48,0
-58.67,-34.47,0
-58.67,-34.46,0
-58.67,-34.45,0
-58.67,-34.44,0
-58.67,-34.43,0
-58.67,-34.42,0
-58.67,-34.41,0
-58.67,-34.4,0
-58.67,-34.39,0
-58.67,-34.38,0
-58.67,-34.37,0
-58.67,-34.36,0
-58.67,-34.35,0
-58.67,-34.34,0
-58.67,-34.33,0
-58.67,-34.32,0
-58.66,-34.93,0
-58.66,-34.92,0
-58.66,-34.91,0
-58.66,-34.9,0
-58.66,-34.89,0
-58.66,-34.88,0
-58.66,-34.87,0
-58.66,-34.86,0
-58.66,-34.85,0
-58.66,-34.84,0
-58.66,-34.83,0
-58.66,-34.82,0
-58.66,-34.81,0
-58.66,-34.8,0
-58.66,-34.79,0
-58.66,-34.78,0
-58.66,-34.77,0
-58.66,-34.76,0
-58.66,-34.75,0
-58.66,-34.74,0
-58.66,-34.73,0
-58.66,-34.72,0
-58.66,-34.71,0
-58.66,-34.7,0
-58.66,-34.69,0
-58.66,-34.68,0
-58.66,-34.67,0
-58.66,-34.66,0
-58.66,-34.65,0
-58.66,-34.64,0
-58.66,-34.63,0
-58.66,-34.62,0
-58.66,-34.61,0
-58.66,-34.6,0
-58.66,-34.59,0
-58.66,-34.58,0
-58.66,-34.57,0
-58.66,-34.56,0
-58.66,-34.55,0
-58.66,-34.54,0
-58.66,-34.53,0
-58.66,-34.52,0
-58.66,-34.51,0
-58.66,-34.5,0
-58.66,-34.49,0
-58.66,-34.48,0
-58.66,-34.47,0
-58.66,-34.46,0
-58.66,-34.45,0
-58.66,-34.44,0
-58.66,-34.43,0
-58.66,-34.42,0
-58.66,-34.41,0
-58.66,-34.4,0
-58.66,-34.39,0
-58.66,-34.38,0
-58.66,-34.37,0
-58.66,-34.36,0
-58.66,-34.35,0
-58.66,-34.34,0
-58.66,-34.33,0
-58.66,-34.32,0
-58.65,-34.93,0
-58.65,-34.92,0
-58.65,-34.91,0
-58.65,-34.9,0
-58.65,-34.89,0
-58.65,-34.88,0
-58.65,-34.87,0
-58.65,-34.86,0
-58.65,-34.85,0
-58.65,-34.84,0
-58.65,-34.83,0
-58.65,-34.82,0
-58.65,-34.81,0
-58.65,-34.8,0
-58.65,-34.79,0
-58.65,-34.78,0
-58.65,-34.77,0
-58.65,-34.76,0
-58.65,-34.75,0
-58.65,-34.74,0
-58.65,-34.73,0
-58.65,-34.72,0
-58.65,-34.71,0
-58.65,-34.7,0
-58.65,-34.69,0
-58.65,-34.68,0
-58.65,-34.67,0
-58.65,-34.66,0
-58.65,-34.65,0
-58.65,-34.64,0
-58.65,-34.63,0
-58.65,-34.62,0
-58.65,-34.61,0
-58.65,-34.6,0
-58.65,-34.59,0
-58.65,-34.58,0
-58.65,-34.57,0
-58.65,-34.56,0
-58.65,-34.55,0
-58.65,-34.54,0
-58.65,-34.53,0
-58.65,-34.52,0
-58.65,-34.51,0
-58.65,-34.5,0
-58.65,-34.49,0
-58.65,-34.48,0
-58.65,-34.47,0
-58.65,-34.46,0
-58.65,-34.45,0
-58.65,-34.44,0
-58.65,-34.43,0
-58.65,-34.42,0
-58.65,-34.41,0
-58.65,-34.4,0
-58.65,-34.39,0
-58.65,-34.38,0
-58.65,-34.37,0
-58.65,-34.36,0
-58.65,-34.35,0
-58.65,-34.34,0
-58.65,-34.33,0
-58.65,-34.32,0
-58.64,-34.93,0
-58.64,-34.92,0
-58.64,-34.91,0
-58.64,-34.9,0
-58.64,-34.89,0
-58.64,-34.88,0
-58.64,-34.87,0
-58.64,-34.86,0
-58.64,-34.85,0
-58.64,-34.84,0
-58.64,-34.83,0
-58.64,-34.82,0
-58.64,-34.81,0
-58.64,-34.8,0
-58.64,-34.79,0
-58.64,-34.78,0
-58.64,-34.77,0
-58.64,-34.76,0
-58.64,-34.75,0
-58.64,-34.74,0
-58.64,-34.73,0
-58.64,-34.72,0
-58.64,-34.71,0
-58.64,-34.7,0
-58.64,-34.69,0
-58.64,-34.68,0
-58.64,-34.67,0
-58.64,-34.66,0
-58.64,-34.65,0
-58.64,-34.64,0
-58.64,-34.63,0
-58.64,-34.62,0
-58.64,-34.61,0
-58.64,-34.6,0
-58.64,-34.59,0
-58.64,-34.58,0
-58.64,-34.57,0
-58.64,-34.56,0
-58.64,-34.55,0
-58.64,-34.54,0
-58.64,-34.53,0
-58.64,-34.52,0
-58.64,-34.51,0
-58.64,-34.5,0
-58.64,-34.49,0
-58.64,-34.48,0
-58.64,-34.47,0
-58.64,-34.46,0
-58.64,-34.45,0
-58.64,-34.44,0
-58.64,-34.43,0
-58.64,-34.42,0
-58.64,-34.41,0
-58.64,-34.4,0
-58.64,-34.39,0
-58.64,-34.38,0
-58.64,-34.37,0
-58.64,-34.36,0
-58.64,-34.35,0
-58.64,-34.34,0
-58.64,-34.33,0
-58.64,-34.32,0
-58.63,-34.93,0
-58.63,-34.92,0
-58.63,-34.91,0
-58.63,-34.9,0
-58.63,-34.89,0
-58.63,-34.88,0
-58.63,-34.87,0
-58.63,-34.86,0
-58.63,-34.85,0
-58.63,-34.84,0
-58.63,-34.83,0
-58.63,-34.82,0
-58.63,-34.81,0
-58.63,-34.8,0
-58.63,-34.79,0
-58.63,-34.78,0
-58.63,-34.77,0
-58.63,-34.76,0
-58.63,-34.75,0
-58.63,-34.74,0
-58.63,-34.73,0
-58.63,-34.72,0
-58.63,-34.71,0
-58.63,-34.7,0
-58.63,-34.69,0
-58.63,-34.68,0
-58.63,-34.67,0
-58.63,-34.66,0
-58.63,-34.65,0
-58.63,-34.64,0
-58.63,-34.63,0
-58.63,-34.62,0
-58.63,-34.61,0
-58.63,-34.6,0
-58.63,-34.59,0
-58.63,-34.58,0
-58.63,-34.57,0
-58.63,-34.56,0
-58.63,-34.55,0
-58.63,-34.54,0
-58.63,-34.53,0
-58.63,-34.52,0
-58.63,-34.51,0
-58.63,-34.5,0
-58.63,-34.49,0
-58.63,-34.48,0
-58.63,-34.47,0
-58.63,-34.46,0
-58.63,-34.45,0
-58.63,-34.44,0
-58.63,-34.43,0
-58.63,-34.42,0
-58.63,-34.41,0
-58.63,-34.4,0
-58.63,-34.39,0
-58.63,-34.38,0
-58.63,-34.37,0
-58.63,-34.36,0
-58.63,-34.35,0
-58.63,-34.34,0
-58.63,-34.33,0
-58.63,-34.32,0
-58.62,-34.93,0
-58.62,-34.92,0
-58.62,-34.91,0
-58.62,-34.9,0
-58.62,-34.89,0
-58.62,-34.88,0
-58.62,-34.87,0
-58.62,-34.86,0
-58.62,-34.85,0
-58.62,-34.84,0
-58.62,-34.83,0
-58.62,-34.82,0
-58.62,-34.81,0
-58.62,-34.8,0
-58.62,-34.79,0
-58.62,-34.78,0
-58.62,-34.77,0
-58.62,-34.76,0
-58.62,-34.75,0
-58.62,-34.74,0
-58.62,-34.73,0
-58.62,-34.72,0
-58.62,-34.71,0
-58.62,-34.7,0
-58.62,-34.69,0
-58.62,-34.68,0
-58.62,-34.67,0
-58.62,-34.66,0
-58.62,-34.65,0
-58.62,-34.64,0
-58.62,-34.63,0
-58.62,-34.62,0
-58.62,-34.61,0
-58.62,-34.6,0
-58.62,-34.59,0
-58.62,-34.58,0
-58.62,-34.57,0
-58.62,-34.56,0
-58.62,-34.55,0
-58.62,-34.54,0
-58.62,-34.53,0
-58.62,-34.52,0
-58.62,-34.51,0
-58.62,-34.5,0
-58.62,-34.49,0
-58.62,-34.48,0
-58.62,-34.47,0
-58.62,-34.46,0
-58.62,-34.45,0
-58.62,-34.44,0
-58.62,-34.43,0
-58.62,-34.42,0
-58.62,-34.41,0
-58.62,-34.4,0
-58.62,-34.39,0
-58.62,-34.38,0
-58.62,-34.37,0
-58.62,-34.36,0
-58.62,-34.35,0
-58.62,-34.34,0
-58.62,-34.33,0
-58.62,-34.32,0
-58.61,-34.93,0
-58.61,-34.92,0
-58.61,-34.91,0
-58.61,-34.9,0
-58.61,-34.89,0
-58.61,-34.88,0
-58.61,-34.87,0
-58.61,-34.86,0
-58.61,-34.85,0
-58.61,-34.84,0
-58.61,-34.83,0
-58.61,-34.82,0
-58.61,-34.81,0
-58.61,-34.8,0
-58.61,-34.79,0
-58.61,-34.78,0
-58.61,-34.77,0
-58.61,-34.76,0
-58.61,-34.75,0
-58.61,-34.74,0
-58.61,-34.73,0
-58.61,-34.72,0
-58.61,-34.71,0
-58.61,-34.7,0
-58.61,-34.69,0
-58.61,-34.68,0
-58.61,-34.67,0
-58.61,-34.66,0
-58.61,-34.65,0
-58.61,-34.64,0
-58.61,-34.63,0
-58.61,-34.62,0
-58.61,-34.61,0
-58.61,-34.6,0
-58.61,-34.59,0
-58.61,-34.58,0
-58.61,-34.57,0
-58.61,-34.56,0
-58.61,-34.55,0
-58.61,-34.54,0
-58.61,-34.53,0
-58.61,-34.52,0
-58.61,-34.51,0
-58.61,-34.5,0
-58.61,-34.49,0
-58.61,-34.48,0
-58.61,-34.47,0
-58.61,-34.46,0
-58.61,-34.45,0
-58.61,-34.44,0
-58.61,-34.43,0
-58.61,-34.42,0
-58.61,-34.41,0
-58.61,-34.4,0
-58.61,-34.39,0
-58.61,-34.38,0
-58.61,-34.37,0
-58.61,-34.36,0
-58.61,-34.35,0
-58.61,-34.34,0
-58.61,-34.33,0
-58.61,-34.32,0
-58.6,-34.93,0
-58.6,-34.92,0
-58.6,-34.91,0
-58.6,-34.9,0
-58.6,-34.89,0
-58.6,-34.88,0
-58.6,-34.87,0
-58.6,-34.86,0
-58.6,-34.85,0
-58.6,-34.84,0
-58.6,-34.83,0
-58.6,-34.82,0
-58.6,-34.81,0
-58.6,-34.8,0
-58.6,-34.79,0
-58.6,-34.78,0
-58.6,-34.77,0
-58.6,-34.76,0
-58.6,-34.75,0
-58.6,-34.74,0
-58.6,-34.73,0
-58.6,-34.72,0
-58.6,-34.71,0
-58.6,-34.7,0
-58.6,-34.69,0
-58.6,-34.68,0
-58.6,-34.67,0
-58.6,-34.66,0
-58.6,-34.65,0
-58.6,-34.64,0
-58.6,-34.63,0
-58.6,-34.62,0
-58.6,-34.61,0
-58.6,-34.6,0
-58.6,-34.59,0
-58.6,-34.58,0
-58.6,-34.57,0
-58.6,-34.56,0
-58.6,-34.55,0
-58.6,-34.54,0
-58.6,-34.53,0
-58.6,-34.52,0
-58.6,-34.51,0
-58.6,-34.5,0
-58.6,-34.49,0
-58.6,-34.48,0
-58.6,-34.47,0
-58.6,-34.46,0
-58.6,-34.45,0
-58.6,-34.44,0
-58.6,-34.43,0
-58.6,-34.42,0
-58.6,-34.41,0
-58.6,-34.4,0
-58.6,-34.39,0
-58.6,-34.38,0
-58.6,-34.37,0
-58.6,-34.36,0
-58.6,-34.35,0
-58.6,-34.34,0
-58.6,-34.33,0
-58.6,-34.32,0
-58.59,-34.93,0
-58.59,-34.92,0
-58.59,-34.91,0
-58.59,-34.9,0
-58.59,-34.89,0
-58.59,-34.88,0
-58.59,-34.87,0
-58.59,-34.86,0
-58.59,-34.85,0
-58.59,-34.84,0
-58.59,-34.83,0
-58.59,-34.82,0
-58.59,-34.81,0
-58.59,-34.8,0
-58.59,-34.79,0
-58.59,-34.78,0
-58.59,-34.77,0
-58.59,-34.76,0
-58.59,-34.75,0
-58.59,-34.74,0
-58.59,-34.73,0
-58.59,-34.72,0
-58.59,-34.71,0
-58.59,-34.7,0
-58.59,-34.69,0
-58.59,-34.68,0
-58.59,-34.67,0
-58.59,-34.66,0
-58.59,-34.65,0
-58.59,-34.64,0
-58.59,-34.63,0
-58.59,-34.62,0
-58.59,-34.61,0
-58.59,-34.6,0
-58.59,-34.59,0
-58.59,-34.58,0
-58.59,-34.57,0
-58.59,-34.56,0
-58.59,-34.55,0
-58.59,-34.54,0
-58.59,-34.53,0
-58.59,-34.52,0
-58.59,-34.51,0
-58.59,-34.5,0
-58.59,-34.49,0
-58.59,-34.48,0
-58.59,-34.47,0
-58.59,-34.46,0
-58.59,-34.45,0
-58.59,-34.44,0
-58.59,-34.43,0
-58.59,-34.42,0
-58.59,-34.41,0
-58.59,-34.4,0
-58.59,-34.39,0
-58.59,-34.38,0
-58.59,-34.37,0
-58.59,-34.36,0
-58.59,-34.35,0
-58.59,-34.34,0
-58.59,-34.33,0
-58.59,-34.32,0
-58.58,-34.93,0
-58.58,-34.92,0
-58.58,-34.91,0
-58.58,-34.9,0
-58.58,-34.89,0
-58.58,-34.88,0
-58.58,-34.87,0
-58.58,-34.86,0
-58.58,-34.85,0
-58.58,-34.84,0
-58.58,-34.83,0
-58.58,-34.82,0
-58.58,-34.81,0
-58.58,-34.8,0
-58.58,-34.79,0
-58.58,-34.78,0
-58.58,-34.77,0
-58.58,-34.76,0
-58.58,-34.75,0
-58.58,-34.74,0
-58.58,-34.73,0
-58.58,-34.72,0
-58.58,-34.71,0
-58.58,-34.7,0
-58.58,-34.69,0
-58.58,-34.68,0
-58.58,-34.67,0
-58.58,-34.66,0
-58.58,-34.65,0
-58.58,-34.64,0
-58.58,-34.63,0
-58.58,-34.62,1
-58.58,-34.61,1
-58.58,-34.6,1
-58.58,-34.59,0
-58.58,-34.58,0
-58.58,-34.57,0
-58.58,-34.56,0
-58.58,-34.55,0
-58.58,-34.54,0
-58.58,-34.53,0
-58.58,-34.52,0
-58.58,-34.51,0
-58.58,-34.5,0
-58.58,-34.49,0
-58.58,-34.48,0
-58.58,-34.47,0
-58.58,-34.46,0
-58.58,-34.45,0
-58.58,-34.44,0
-58.58,-34.43,0
-58.58,-34.42,0
-58.58,-34.41,0
-58.58,-34.4,0
-58.58,-34.39,0
-58.58,-34.38,0
-58.58,-34.37,0
-58.58,-34.36,0
-58.58,-34.35,0
-58.58,-34.34,0
-58.58,-34.33,0
-58.58,-34.32,0
-58.57,-34.93,0
-58.57,-34.92,0
-58.57,-34.91,0
-58.57,-34.9,0
-58.57,-34.89,0
-58.57,-34.88,0
-58.57,-34.87,0
-58.57,-34.86,0
-58.57,-34.85,0
-58.57,-34.84,0
-58.57,-34.83,0
-58.57,-34.82,0
-58.57,-34.81,0
-58.57,-34.8,0
-58.57,-34.79,0
-58.57,-34.78,0
-58.57,-34.77,0
-58.57,-34.76,0
-58.57,-34.75,0
-58.57,-34.74,0
-58.57,-34.73,0
-58.57,-34.72,0
-58.57,-34.71,0
-58.57,-34.7,0
-58.57,-34.69,0
-58.57,-34.68,0
-58.57,-34.67,0
-58.57,-34.66,0
-58.57,-34.65,1
-58.57,-34.64,1
-58.57,-34.63,1
-58.57,-34.62,1
-58.57,-34.61,1
-58.57,-34.6,1
-58.57,-34.59,0
-58.57,-34.58,0
-58.57,-34.57,0
-58.57,-34.56,0
-58.57,-34.55,0
-58.57,-34.54,0
-58.57,-34.53,0
-58.57,-34.52,0
-58.57,-34.51,0
-58.57,-34.5,0
-58.57,-34.49,0
-58.57,-34.48,0
-58.57,-34.47,0
-58.57,-34.46,0
-58.57,-34.45,0
-58.57,-34.44,0
-58.57,-34.43,0
-58.57,-34.42,0
-58.57,-34.41,0
-58.57,-34.4,0
-58.57,-34.39,0
-58.57,-34.38,0
-58.57,-34.37,0
-58.57,-34.36,0
-58.57,-34.35,0
-58.57,-34.34,0
-58.57,-34.33,0
-58.57,-34.32,0
-58.56,-34.93,0
-58.56,-34.92,0
-58.56,-34.91,0
-58.56,-34.9,0
-58.56,-34.89,0
-58.56,-34.88,0
-58.56,-34.87,0
-58.56,-34.86,0
-58.56,-34.85,0
-58.56,-34.84,0
-58.56,-34.83,0
-58.56,-34.82,0
-58.56,-34.81,0
-58.56,-34.8,0
-58.56,-34.79,0
-58.56,-34.78,0
-58.56,-34.77,0
-58.56,-34.76,0
-58.56,-34.75,0
-58.56,-34.74,0
-58.56,-34.73,0
-58.56,-34.72,0
-58.56,-34.71,0
-58.56,-34.7,0
-58.56,-34.69,0
-58.56,-34.68,0
-58.56,-34.67,0
-58.56,-34.66,0
-58.56,-34.65,0
-58.56,-34.64,1
-58.56,-34.63,1
-58.56,-34.62,1
-58.56,-34.61,1
-58.56,-34.6,1
-58.56,-34.59,1
-58.56,-34.58,1
-58.56,-34.57,0
-58.56,-34.56,0
-58.56,-34.55,0
-58.56,-34.54,0
-58.56,-34.53,0
-58.56,-34.52,0
-58.56,-34.51,0
-58.56,-34.5,0
-58.56,-34.49,0
-58.56,-34.48,0
-58.56,-34.47,0
-58.56,-34.46,0
-58.56,-34.45,0
-58.56,-34.44,0
-58.56,-34.43,0
-58.56,-34.42,0
-58.56,-34.41,0
-58.56,-34.4,0
-58.56,-34.39,0
-58.56,-34.38,0
-58.56,-34.37,0
-58.56,-34.36,0
-58.56,-34.35,0
-58.56,-34.34,0
-58.56,-34.33,0
-58.56,-34.32,0
-58.55,-34.93,0
-58.55,-34.92,0
-58.55,-34.91,0
-58.55,-34.9,0
-58.55,-34.89,0
-58.55,-34.88,0
-58.55,-34.87,0
-58.55,-34.86,0
-58.55,-34.85,0
-58.55,-34.84,0
-58.55,-34.83,0
-58.55,-34.82,0
-58.55,-34.81,0
-58.55,-34.8,0
-58.55,-34.79,0
-58.55,-34.78,0
-58.55,-34.77,0
-58.55,-34.76,0
-58.55,-34.75,0
-58.55,-34.74,0
-58.55,-34.73,0
-58.55,-34.72,0
-58.55,-34.71,0
-58.55,-34.7,0
-58.55,-34.69,0
-58.55,-34.68,0
-58.55,-34.67,0
-58.55,-34.66,0
-58.55,-34.65,0
-58.55,-34.64,1
-58.55,-34.63,1
-58.55,-34.62,1
-58.55,-34.61,1
-58.55,-34.6,1
-58.55,-34.59,1
-58.55,-34.58,1
-58.55,-34.57,0
-58.55,-34.56,0
-58.55,-34.55,0
-58.55,-34.54,0
-58.55,-34.53,0
-58.55,-34.52,0
-58.55,-34.51,0
-58.55,-34.5,0
-58.55,-34.49,0
-58.55,-34.48,0
-58.55,-34.47,0
-58.55,-34.46,0
-58.55,-34.45,0
-58.55,-34.44,0
-58.55,-34.43,0
-58.55,-34.42,0
-58.55,-34.41,0
-58.55,-34.4,0
-58.55,-34.39,0
-58.55,-34.38,0
-58.55,-34.37,0
-58.55,-34.36,0
-58.55,-34.35,0
-58.55,-34.34,0
-58.55,-34.33,0
-58.55,-34.32,0
-58.54,-34.93,0
-58.54,-34.92,0
-58.54,-34.91,0
-58.54,-34.9,0
-58.54,-34.89,0
-58.54,-34.88,0
-58.54,-34.87,0
-58.54,-34.86,0
-58.54,-34.85,0
-58.54,-34.84,0
-58.54,-34.83,0
-58.54,-34.82,0
-58.54,-34.81,0
-58.54,-34.8,0
-58.54,-34.79,0
-58.54,-34.78,0
-58.54,-34.77,0
-58.54,-34.76,0
-58.54,-34.75,0
-58.54,-34.74,0
-58.54,-34.73,0
-58.54,-34.72,0
-58.54,-34.71,0
-58.54,-34.7,0
-58.54,-34.69,0
-58.54,-34.68,0
-58.54,-34.67,0
-58.54,-34.66,0
-58.54,-34.65,0
-58.54,-34.64,1
-58.54,-34.63,1
-58.54,-34.62,1
-58.54,-34.61,1
-58.54,-34.6,1
-58.54,-34.59,1
-58.54,-34.58,1
-58.54,-34.57,0
-58.54,-34.56,0
-58.54,-34.55,0
-58.54,-34.54,0
-58.54,-34.53,0
-58.54,-34.52,0
-58.54,-34.51,0
-58.54,-34.5,0
-58.54,-34.49,0
-58.54,-34.48,0
-58.54,-34.47,0
-58.54,-34.46,0
-58.54,-34.45,0
-58.54,-34.44,0
-58.54,-34.43,0
-58.54,-34.42,0
-58.54,-34.41,0
-58.54,-34.4,0
-58.54,-34.39,0
-58.54,-34.38,0
-58.54,-34.37,0
-58.54,-34.36,0
-58.54,-34.35,0
-58.54,-34.34,0
-58.54,-34.33,0
-58.54,-34.32,0
-58.53,-34.93,0
-58.53,-34.92,0
-58.53,-34.91,0
-58.53,-34.9,0
-58.53,-34.89,0
-58.53,-34.88,0
-58.53,-34.87,0
-58.53,-34.86,0
-58.53,-34.85,0
-58.53,-34.84,0
-58.53,-34.83,0
-58.53,-34.82,0
-58.53,-34.81,0
-58.53,-34.8,0
-58.53,-34.79,0
-58.53,-34.78,0
-58.53,-34.77,0
-58.53,-34.76,0
-58.53,-34.75,0
-58.53,-34.74,0
-58.53,-34.73,0
-58.53,-34.72,0
-58.53,-34.71,0
-58.53,-34.7,0
-58.53,-34.69,1
-58.53,-34.68,1
-58.53,-34.67,0
-58.53,-34.66,0
-58.53,-34.65,1
-58.53,-34.64,1
-58.53,-34.63,1
-58.53,-34.62,1
-58.53,-34.61,1
-58.53,-34.6,1
-58.53,-34.59,1
-58.53,-34.58,1
-58.53,-34.57,0
-58.53,-34.56,0
-58.53,-34.55,0
-58.53,-34.54,0
-58.53,-34.53,0
-58.53,-34.52,0
-58.53,-34.51,0
-58.53,-34.5,0
-58.53,-34.49,0
-58.53,-34.48,0
-58.53,-34.47,0
-58.53,-34.46,0
-58.53,-34.45,0
-58.53,-34.44,0
-58.53,-34.43,0
-58.53,-34.42,0
-58.53,-34.41,0
-58.53,-34.4,0
-58.53,-34.39,0
-58.53,-34.38,0
-58.53,-34.37,0
-58.53,-34.36,0
-58.53,-34.35,0
-58.53,-34.34,0
-58.53,-34.33,0
-58.53,-34.32,0
-58.52,-34.93,0
-58.52,-34.92,0
-58.52,-34.91,0
-58.52,-34.9,0
-58.52,-34.89,0
-58.52,-34.88,0
-58.52,-34.87,0
-58.52,-34.86,0
-58.52,-34.85,0
-58.52,-34.84,0
-58.52,-34.83,0
-58.52,-34.82,0
-58.52,-34.81,0
-58.52,-34.8,0
-58.52,-34.79,0
-58.52,-34.78,0
-58.52,-34.77,0
-58.52,-34.76,0
-58.52,-34.75,0
-58.52,-34.74,0
-58.52,-34.73,0
-58.52,-34.72,0
-58.52,-34.71,0
-58.52,-34.7,1
-58.52,-34.69,0
-58.52,-34.68,0
-58.52,-34.67,0
-58.52,-34.66,0
-58.52,-34.65,1
-58.52,-34.64,1
-58.52,-34.63,1
-58.52,-34.62,1
-58.52,-34.61,1
-58.52,-34.6,1
-58.52,-34.59,1
-58.52,-34.58,0
-58.52,-34.57,0
-58.52,-34.56,0
-58.52,-34.55,0
-58.52,-34.54,0
-58.52,-34.53,0
-58.52,-34.52,0
-58.52,-34.51,0
-58.52,-34.5,0
-58.52,-34.49,0
-58.52,-34.48,0
-58.52,-34.47,0
-58.52,-34.46,0
-58.52,-34.45,0
-58.52,-34.44,0
-58.52,-34.43,0
-58.52,-34.42,0
-58.52,-34.41,0
-58.52,-34.4,0
-58.52,-34.39,0
-58.52,-34.38,0
-58.52,-34.37,0
-58.52,-34.36,0
-58.52,-34.35,0
-58.52,-34.34,0
-58.52,-34.33,0
-58.52,-34.32,0
-58.51,-34.93,0
-58.51,-34.92,0
-58.51,-34.91,0
-58.51,-34.9,0
-58.51,-34.89,0
-58.51,-34.88,0
-58.51,-34.87,0
-58.51,-34.86,0
-58.51,-34.85,0
-58.51,-34.84,0
-58.51,-34.83,0
-58.51,-34.82,0
-58.51,-34.81,0
-58.51,-34.8,0
-58.51,-34.79,0
-58.51,-34.78,0
-58.51,-34.77,0
-58.51,-34.76,0
-58.51,-34.75,0
-58.51,-34.74,0
-58.51,-34.73,0
-58.51,-34.72,0
-58.51,-34.71,0
-58.51,-34.7,1
-58.51,-34.69,1
-58.51,-34.68,1
-58.51,-34.67,1
-58.51,-34.66,1
-58.51,-34.65,1
-58.51,-34.64,1
-58.51,-34.63,1
-58.51,-34.62,1
-58.51,-34.61,1
-58.51,-34.6,1
-58.51,-34.59,1
-58.51,-34.58,0
-58.51,-34.57,0
-58.51,-34.56,0
-58.51,-34.55,0
-58.51,-34.54,0
-58.51,-34.53,0
-58.51,-34.52,0
-58.51,-34.51,0
-58.51,-34.5,0
-58.51,-34.49,0
-58.51,-34.48,0
-58.51,-34.47,0
-58.51,-34.46,0
-58.51,-34.45,0
-58.51,-34.44,0
-58.51,-34.43,0
-58.51,-34.42,0
-58.51,-34.41,0
-58.51,-34.4,0
-58.51,-34.39,0
-58.51,-34.38,0
-58.51,-34.37,0
-58.51,-34.36,0
-58.51,-34.35,0
-58.51,-34.34,0
-58.51,-34.33,0
-58.51,-34.32,0
-58.5,-34.93,0
-58.5,-34.92,0
-58.5,-34.91,0
-58.5,-34.9,0
-58.5,-34.89,0
-58.5,-34.88,0
-58.5,-34.87,0
-58.5,-34.86,0
-58.5,-34.85,0
-58.5,-34.84,0
-58.5,-34.83,0
-58.5,-34.82,0
-58.5,-34.81,0
-58.5,-34.8,0
-58.5,-34.79,0
-58.5,-34.78,0
-58.5,-34.77,0
-58.5,-34.76,0
-58.5,-34.75,0
-58.5,-34.74,0
-58.5,-34.73,0
-58.5,-34.72,0
-58.5,-34.71,1
-58.5,-34.7,1
-58.5,-34.69,1
-58.5,-34.68,1
-58.5,-34.67,1
-58.5,-34.66,1
-58.5,-34.65,1
-58.5,-34.64,1
-58.5,-34.63,1
-58.5,-34.62,1
-58.5,-34.61,1
-58.5,-34.6,1
-58.5,-34.59,1
-58.5,-34.58,0
-58.5,-34.57,0
-58.5,-34.56,0
-58.5,-34.55,0
-58.5,-34.54,0
-58.5,-34.53,0
-58.5,-34.52,0
-58.5,-34.51,0
-58.5,-34.5,0
-58.5,-34.49,0
-58.5,-34.48,0
-58.5,-34.47,0
-58.5,-34.46,0
-58.5,-34.45,0
-58.5,-34.44,0
-58.5,-34.43,0
-58.5,-34.42,0
-58.5,-34.41,0
-58.5,-34.4,0
-58.5,-34.39,0
-58.5,-34.38,0
-58.5,-34.37,0
-58.5,-34.36,0
-58.5,-34.35,0
-58.5,-34.34,0
-58.5,-34.33,0
-58.5,-34.32,0
-58.49,-34.93,0
-58.49,-34.92,0
-58.49,-34.91,0
-58.49,-34.9,0
-58.49,-34.89,0
-58.49,-34.88,0
-58.49,-34.87,0
-58.49,-34.86,0
-58.49,-34.85,0
-58.49,-34.84,0
-58.49,-34.83,0
-58.49,-34.82,0
-58.49,-34.81,0
-58.49,-34.8,0
-58.49,-34.79,0
-58.49,-34.78,0
-58.49,-34.77,0
-58.49,-34.76,0
-58.49,-34.75,0
-58.49,-34.74,0
-58.49,-34.73,0
-58.49,-34.72,0
-58.49,-34.71,1
-58.49,-34.7,1
-58.49,-34.69,1
-58.49,-34.68,1
-58.49,-34.67,1
-58.49,-34.66,1
-58.49,-34.65,1
-58.49,-34.64,1
-58.49,-34.63,1
-58.49,-34.62,1
-58.49,-34.61,1
-58.49,-34.6,1
-58.49,-34.59,1
-58.49,-34.58,0
-58.49,-34.57,0
-58.49,-34.56,0
-58.49,-34.55,0
-58.49,-34.54,0
-58.49,-34.53,0
-58.49,-34.52,0
-58.49,-34.51,0
-58.49,-34.5,0
-58.49,-34.49,0
-58.49,-34.48,0
-58.49,-34.47,0
-58.49,-34.46,0
-58.49,-34.45,0
-58.49,-34.44,0
-58.49,-34.43,0
-58.49,-34.42,0
-58.49,-34.41,0
-58.49,-34.4,0
-58.49,-34.39,0
-58.49,-34.38,0
-58.49,-34.37,0
-58.49,-34.36,0
-58.49,-34.35,0
-58.49,-34.34,0
-58.49,-34.33,0
-58.49,-34.32,0
-58.48,-34.93,0
-58.48,-34.92,0
-58.48,-34.91,0
-58.48,-34.9,0
-58.48,-34.89,0
-58.48,-34.88,0
-58.48,-34.87,0
-58.48,-34.86,0
-58.48,-34.85,0
-58.48,-34.84,0
-58.48,-34.83,0
-58.48,-34.82,0
-58.48,-34.81,0
-58.48,-34.8,0
-58.48,-34.79,0
-58.48,-34.78,0
-58.48,-34.77,0
-58.48,-34.76,0
-58.48,-34.75,0
-58.48,-34.74,0
-58.48,-34.73,0
-58.48,-34.72,0
-58.48,-34.71,0
-58.48,-34.7,1
-58.48,-34.69,1
-58.48,-34.68,1
-58.48,-34.67,1
-58.48,-34.66,1
-58.48,-34.65,1
-58.48,-34.64,1
-58.48,-34.63,1
-58.48,-34.62,1
-58.48,-34.61,1
-58.48,-34.6,1
-58.48,-34.59,1
-58.48,-34.58,0
-58.48,-34.57,0
-58.48,-34.56,0
-58.48,-34.55,0
-58.48,-34.54,0
-58.48,-34.53,0
-58.48,-34.52,0
-58.48,-34.51,0
-58.48,-34.5,0
-58.48,-34.49,0
-58.48,-34.48,0
-58.48,-34.47,0
-58.48,-34.46,0
-58.48,-34.45,0
-58.48,-34.44,0
-58.48,-34.43,0
-58.48,-34.42,0
-58.48,-34.41,0
-58.48,-34.4,0
-58.48,-34.39,0
-58.48,-34.38,0
-58.48,-34.37,0
-58.48,-34.36,0
-58.48,-34.35,0
-58.48,-34.34,0
-58.48,-34.33,0
-58.48,-34.32,0
-58.47,-34.93,0
-58.47,-34.92,0
-58.47,-34.91,0
-58.47,-34.9,0
-58.47,-34.89,0
-58.47,-34.88,0
-58.47,-34.87,0
-58.47,-34.86,0
-58.47,-34.85,0
-58.47,-34.84,0
-58.47,-34.83,0
-58.47,-34.82,0
-58.47,-34.81,0
-58.47,-34.8,0
-58.47,-34.79,0
-58.47,-34.78,0
-58.47,-34.77,0
-58.47,-34.76,0
-58.47,-34.75,0
-58.47,-34.74,0
-58.47,-34.73,0
-58.47,-34.72,0
-58.47,-34.71,1
-58.47,-34.7,1
-58.47,-34.69,1
-58.47,-34.68,1
-58.47,-34.67,1
-58.47,-34.66,1
-58.47,-34.65,1
-58.47,-34.64,1
-58.47,-34.63,1
-58.47,-34.62,1
-58.47,-34.61,1
-58.47,-34.6,1
-58.47,-34.59,1
-58.47,-34.58,0
-58.47,-34.57,0
-58.47,-34.56,0
-58.47,-34.55,0
-58.47,-34.54,0
-58.47,-34.53,0
-58.47,-34.52,0
-58.47,-34.51,0
-58.47,-34.5,0
-58.47,-34.49,0
-58.47,-34.48,0
-58.47,-34.47,0
-58.47,-34.46,0
-58.47,-34.45,0
-58.47,-34.44,0
-58.47,-34.43,0
-58.47,-34.42,0
-58.47,-34.41,0
-58.47,-34.4,0
-58.47,-34.39,0
-58.47,-34.38,0
-58.47,-34.37,0
-58.47,-34.36,0
-58.47,-34.35,0
-58.47,-34.34,0
-58.47,-34.33,0
-58.47,-34.32,0
-58.46,-34.93,0
-58.46,-34.92,0
-58.46,-34.91,0
-58.46,-34.9,0
-58.46,-34.89,0
-58.46,-34.88,0
-58.46,-34.87,0
-58.46,-34.86,0
-58.46,-34.85,0
-58.46,-34.84,0
-58.46,-34.83,0
-58.46,-34.82,0
-58.46,-34.81,0
-58.46,-34.8,0
-58.46,-34.79,0
-58.46,-34.78,0
-58.46,-34.77,0
-58.46,-34.76,0
-58.46,-34.75,0
-58.46,-34.74,0
-58.46,-34.73,1
-58.46,-34.72,1
-58.46,-34.71,1
-58.46,-34.7,1
-58.46,-34.69,1
-58.46,-34.68,1
-58.46,-34.67,1
-58.46,-34.66,1
-58.46,-34.65,1
-58.46,-34.64,1
-58.46,-34.63,1
-58.46,-34.62,1
-58.46,-34.61,1
-58.46,-34.6,1
-58.46,-34.59,1
-58.46,-34.58,0
-58.46,-34.57,0
-58.46,-34.56,0
-58.46,-34.55,0
-58.46,-34.54,0
-58.46,-34.53,0
-58.46,-34.52,0
-58.46,-34.51,0
-58.46,-34.5,0
-58.46,-34.49,0
-58.46,-34.48,0
-58.46,-34.47,0
-58.46,-34.46,0
-58.46,-34.45,0
-58.46,-34.44,0
-58.46,-34.43,0
-58.46,-34.42,0
-58.46,-34.41,0
-58.46,-34.4,0
-58.46,-34.39,0
-58.46,-34.38,0
-58.46,-34.37,0
-58.46,-34.36,0
-58.46,-34.35,0
-58.46,-34.34,0
-58.46,-34.33,0
-58.46,-34.32,0
-58.45,-34.93,0
-58.45,-34.92,0
-58.45,-34.91,0
-58.45,-34.9,0
-58.45,-34.89,0
-58.45,-34.88,0
-58.45,-34.87,0
-58.45,-34.86,0
-58.45,-34.85,0
-58.45,-34.84,0
-58.45,-34.83,0
-58.45,-34.82,0
-58.45,-34.81,0
-58.45,-34.8,0
-58.45,-34.79,0
-58.45,-34.78,0
-58.45,-34.77,0
-58.45,-34.76,0
-58.45,-34.75,0
-58.45,-34.74,0
-58.45,-34.73,1
-58.45,-34.72,1
-58.45,-34.71,1
-58.45,-34.7,1
-58.45,-34.69,1
-58.45,-34.68,1
-58.45,-34.67,1
-58.45,-34.66,1
-58.45,-34.65,1
-58.45,-34.64,1
-58.45,-34.63,1
-58.45,-34.62,1
-58.45,-34.61,1
-58.45,-34.6,1
-58.45,-34.59,1
-58.45,-34.58,0
-58.45,-34.57,0
-58.45,-34.56,0
-58.45,-34.55,0
-58.45,-34.54,0
-58.45,-34.53,0
-58.45,-34.52,0
-58.45,-34.51,0
-58.45,-34.5,0
-58.45,-34.49,0
-58.45,-34.48,0
-58.45,-34.47,0
-58.45,-34.46,0
-58.45,-34.45,0
-58.45,-34.44,0
-58.45,-34.43,0
-58.45,-34.42,0
-58.45,-34.41,0
-58.45,-34.4,0
-58.45,-34.39,0
-58.45,-34.38,0
-58.45,-34.37,0
-58.45,-34.36,0
-58.45,-34.35,0
-58.45,-34.34,0
-58.45,-34.33,0
-58.45,-34.32,0
-58.44,-34.93,0
-58.44,-34.92,0
-58.44,-34.91,0
-58.44,-34.9,0
-58.44,-34.89,0
-58.44,-34.88,0
-58.44,-34.87,0
-58.44,-34.86,0
-58.44,-34.85,0
-58.44,-34.84,0
-58.44,-34.83,0
-58.44,-34.82,0
-58.44,-34.81,0
-58.44,-34.8,0
-58.44,-34.79,0
-58.44,-34.78,0
-58.44,-34.77,0
-58.44,-34.76,0
-58.44,-34.75,0
-58.44,-34.74,0
-58.44,-34.73,1
-58.44,-34.72,0
-58.44,-34.71,0
-58.44,-34.7,1
-58.44,-34.69,1
-58.44,-34.68,1
-58.44,-34.67,1
-58.44,-34.66,1
-58.44,-34.65,1
-58.44,-34.64,1
-58.44,-34.63,1
-58.44,-34.62,1
-58.44,-34.61,1
-58.44,-34.6,1
-58.44,-34.59,1
-58.44,-34.58,0
-58.44,-34.57,0
-58.44,-34.56,0
-58.44,-34.55,0
-58.44,-34.54,0
-58.44,-34.53,0
-58.44,-34.52,0
-58.44,-34.51,0
-58.44,-34.5,0
-58.44,-34.49,0
-58.44,-34.48,0
-58.44,-34.47,0
-58.44,-34.46,0
-58.44,-34.45,0
-58.44,-34.44,0
-58.44,-34.43,0
-58.44,-34.42,0
-58.44,-34.41,0
-58.44,-34.4,0
-58.44,-34.39,0
-58.44,-34.38,0
-58.44,-34.37,0
-58.44,-34.36,0
-58.44,-34.35,0
-58.44,-34.34,0
-58.44,-34.33,0
-58.44,-34.32,0
-58.43,-34.93,0
-58.43,-34.92,0
-58.43,-34.91,0
-58.43,-34.9,0
-58.43,-34.89,0
-58.43,-34.88,0
-58.43,-34.87,0
-58.43,-34.86,0
-58.43,-34.85,0
-58.43,-34.84,0
-58.43,-34.83,0
-58.43,-34.82,0
-58.43,-34.81,0
-58.43,-34.8,0
-58.43,-34.79,0
-58.43,-34.78,0
-58.43,-34.77,0
-58.43,-34.76,0
-58.43,-34.75,0
-58.43,-34.74,0
-58.43,-34.73,0
-58.43,-34.72,0
-58.43,-34.71,0
-58.43,-34.7,1
-58.43,-34.69,1
-58.43,-34.68,1
-58.43,-34.67,1
-58.43,-34.66,1
-58.43,-34.65,1
-58.43,-34.64,1
-58.43,-34.63,1
-58.43,-34.62,1
-58.43,-34.61,1
-58.43,-34.6,1
-58.43,-34.59,1
-58.43,-34.58,0
-58.43,-34.57,0
-58.43,-34.56,0
-58.43,-34.55,0
-58.43,-34.54,0
-58.43,-34.53,0
-58.43,-34.52,0
-58.43,-34.51,0
-58.43,-34.5,0
-58.43,-34.49,0
-58.43,-34.48,0
-58.43,-34.47,0
-58.43,-34.46,0
-58.43,-34.45,0
-58.43,-34.44,0
-58.43,-34.43,0
-58.43,-34.42,0
-58.43,-34.41,0
-58.43,-34.4,0
-58.43,-34.39,0
-58.43,-34.38,0
-58.43,-34.37,0
-58.43,-34.36,0
-58.43,-34.35,0
-58.43,-34.34,0
-58.43,-34.33,0
-58.43,-34.32,0
-58.42,-34.93,0
-58.42,-34.92,0
-58.42,-34.91,0
-58.42,-34.9,0
-58.42,-34.89,0
-58.42,-34.88,0
-58.42,-34.87,0
-58.42,-34.86,0
-58.42,-34.85,0
-58.42,-34.84,0
-58.42,-34.83,0
-58.42,-34.82,0
-58.42,-34.81,0
-58.42,-34.8,0
-58.42,-34.79,0
-58.42,-34.78,0
-58.42,-34.77,0
-58.42,-34.76,0
-58.42,-34.75,0
-58.42,-34.74,0
-58.42,-34.73,0
-58.42,-34.72,0
-58.42,-34.71,0
-58.42,-34.7,1
-58.42,-34.69,1
-58.42,-34.68,1
-58.42,-34.67,1
-58.42,-34.66,1
-58.42,-34.65,1
-58.42,-34.64,1
-58.42,-34.63,1
-58.42,-34.62,1
-58.42,-34.61,1
-58.42,-34.6,1
-58.42,-34.59,1
-58.42,-34.58,0
-58.42,-34.57,0
-58.42,-34.56,0
-58.42,-34.55,0
-58.42,-34.54,0
-58.42,-34.53,0
-58.42,-34.52,0
-58.42,-34.51,0
-58.42,-34.5,0
-58.42,-34.49,0
-58.42,-34.48,0
-58.42,-34.47,0
-58.42,-34.46,0
-58.42,-34.45,0
-58.42,-34.44,0
-58.42,-34.43,0
-58.42,-34.42,0
-58.42,-34.41,0
-58.42,-34.4,0
-58.42,-34.39,0
-58.42,-34.38,0
-58.42,-34.37,0
-58.42,-34.36,0
-58.42,-34.35,0
-58.42,-34.34,0
-58.42,-34.33,0
-58.42,-34.32,0
-58.41,-34.93,0
-58.41,-34.92,0
-58.41,-34.91,0
-58.41,-34.9,0
-58.41,-34.89,0
-58.41,-34.88,0
-58.41,-34.87,0
-58.41,-34.86,0
-58.41,-34.85,0
-58.41,-34.84,0
-58.41,-34.83,0
-58.41,-34.82,0
-58.41,-34.81,0
-58.41,-34.8,0
-58.41,-34.79,0
-58.41,-34.78,0
-58.41,-34.77,0
-58.41,-34.76,0
-58.41,-34.75,0
-58.41,-34.74,0
-58.41,-34.73,0
-58.41,-34.72,0
-58.41,-34.71,1
-58.41,-34.7,1
-58.41,-34.69,1
-58.41,-34.68,1
-58.41,-34.67,1
-58.41,-34.66,1
-58.41,-34.65,1
-58.41,-34.64,1
-58.41,-34.63,1
-58.41,-34.62,1
-58.41,-34.61,1
-58.41,-34.6,1
-58.41,-34.59,1
-58.41,-34.58,0
-58.41,-34.57,0
-58.41,-34.56,0
-58.41,-34.55,0
-58.41,-34.54,0
-58.41,-34.53,0
-58.41,-34.52,0
-58.41,-34.51,0
-58.41,-34.5,0
-58.41,-34.49,0
-58.41,-34.48,0
-58.41,-34.47,0
-58.41,-34.46,0
-58.41,-34.45,0
-58.41,-34.44,0
-58.41,-34.43,0
-58.41,-34.42,0
-58.41,-34.41,0
-58.41,-34.4,0
-58.41,-34.39,0
-58.41,-34.38,0
-58.41,-34.37,0
-58.41,-34.36,0
-58.41,-34.35,0
-58.41,-34.34,0
-58.41,-34.33,0
-58.41,-34.32,0
-58.4,-34.93,0
-58.4,-34.92,0
-58.4,-34.91,0
-58.4,-34.9,0
-58.4,-34.89,0
-58.4,-34.88,0
-58.4,-34.87,0
-58.4,-34.86,0
-58.4,-34.85,0
-58.4,-34.84,0
-58.4,-34.83,0
-58.4,-34.82,0
-58.4,-34.81,0
-58.4,-34.8,0
-58.4,-34.79,0
-58.4,-34.78,0
-58.4,-34.77,0
-58.4,-34.76,0
-58.4,-34.75,0
-58.4,-34.74,0
-58.4,-34.73,0
-58.4,-34.72,1
-58.4,-34.71,1
-58.4,-34.7,1
-58.4,-34.69,1
-58.4,-34.68,1
-58.4,-34.67,1
-58.4,-34.66,1
-58.4,-34.65,1
-58.4,-34.64,1
-58.4,-34.63,1
-58.4,-34.62,1
-58.4,-34.61,1
-58.4,-34.6,1
-58.4,-34.59,1
-58.4,-34.58,0
-58.4,-34.57,0
-58.4,-34.56,0
-58.4,-34.55,0
-58.4,-34.54,0
-58.4,-34.53,0
-58.4,-34.52,0
-58.4,-34.51,0
-58.4,-34.5,0
-58.4,-34.49,0
-58.4,-34.48,0
-58.4,-34.47,0
-58.4,-34.46,0
-58.4,-34.45,0
-58.4,-34.44,0
-58.4,-34.43,0
-58.4,-34.42,0
-58.4,-34.41,0
-58.4,-34.4,0
-58.4,-34.39,0
-58.4,-34.38,0
-58.4,-34.37,0
-58.4,-34.36,0
-58.4,-34.35,0
-58.4,-34.34,0
-58.4,-34.33,0
-58.4,-34.32,0
-58.39,-34.93,0
-58.39,-34.92,0
-58.39,-34.91,0
-58.39,-34.9,0
-58.39,-34.89,0
-58.39,-34.88,0
-58.39,-34.87,0
-58.39,-34.86,0
-58.39,-34.85,0
-58.39,-34.84,0
-58.39,-34.83,0
-58.39,-34.82,0
-58.39,-34.81,0
-58.39,-34.8,0
-58.39,-34.79,0
-58.39,-34.78,0
-58.39,-34.77,0
-58.39,-34.76,0
-58.39,-34.75,0
-58.39,-34.74,0
-58.39,-34.73,0
-58.39,-34.72,1
-58.39,-34.71,1
-58.39,-34.7,1
-58.39,-34.69,1
-58.39,-34.68,1
-58.39,-34.67,1
-58.39,-34.66,1
-58.39,-34.65,1
-58.39,-34.64,1
-58.39,-34.63,1
-58.39,-34.62,1
-58.39,-34.61,1
-58.39,-34.6,1
-58.39,-34.59,0
-58.39,-34.58,0
-58.39,-34.57,0
-58.39,-34.56,0
-58.39,-34.55,0
-58.39,-34.54,0
-58.39,-34.53,0
-58.39,-34.52,0
-58.39,-34.51,0
-58.39,-34.5,0
-58.39,-34.49,0
-58.39,-34.48,0
-58.39,-34.47,0
-58.39,-34.46,0
-58.39,-34.45,0
-58.39,-34.44,0
-58.39,-34.43,0
-58.39,-34.42,0
-58.39,-34.41,0
-58.39,-34.4,0
-58.39,-34.39,0
-58.39,-34.38,0
-58.39,-34.37,0
-58.39,-34.36,0
-58.39,-34.35,0
-58.39,-34.34,0
-58.39,-34.33,0
-58.39,-34.32,0
-58.38,-34.93,0
-58.38,-34.92,0
-58.38,-34.91,0
-58.38,-34.9,0
-58.38,-34.89,0
-58.38,-34.88,0
-58.38,-34.87,0
-58.38,-34.86,0
-58.38,-34.85,0
-58.38,-34.84,0
-58.38,-34.83,0
-58.38,-34.82,0
-58.38,-34.81,0
-58.38,-34.8,0
-58.38,-34.79,0
-58.38,-34.78,0
-58.38,-34.77,0
-58.38,-34.76,0
-58.38,-34.75,0
-58.38,-34.74,0
-58.38,-34.73,0
-58.38,-34.72,1
-58.38,-34.71,1
-58.38,-34.7,1
-58.38,-34.69,1
-58.38,-34.68,1
-58.38,-34.67,1
-58.38,-34.66,1
-58.38,-34.65,1
-58.38,-34.64,1
-58.38,-34.63,1
-58.38,-34.62,1
-58.38,-34.61,1
-58.38,-34.6,0
-58.38,-34.59,0
-58.38,-34.58,0
-58.38,-34.57,0
-58.38,-34.56,0
-58.38,-34.55,0
-58.38,-34.54,0
-58.38,-34.53,0
-58.38,-34.52,0
-58.38,-34.51,0
-58.38,-34.5,0
-58.38,-34.49,0
-58.38,-34.48,0
-58.38,-34.47,0
-58.38,-34.46,0
-58.38,-34.45,0
-58.38,-34.44,0
-58.38,-34.43,0
-58.38,-34.42,0
-58.38,-34.41,0
-58.38,-34.4,0
-58.38,-34.39,0
-58.38,-34.38,0
-58.38,-34.37,0
-58.38,-34.36,0
-58.38,-34.35,0
-58.38,-34.34,0
-58.38,-34.33,0
-58.38,-34.32,0
-58.37,-34.93,0
-58.37,-34.92,0
-58.37,-34.91,0
-58.37,-34.9,0
-58.37,-34.89,0
-58.37,-34.88,0
-58.37,-34.87,0
-58.37,-34.86,0
-58.37,-34.85,0
-58.37,-34.84,0
-58.37,-34.83,0
-58.37,-34.82,0
-58.37,-34.81,0
-58.37,-34.8,0
-58.37,-34.79,0
-58.37,-34.78,0
-58.37,-34.77,0
-58.37,-34.76,0
-58.37,-34.75,0
-58.37,-34.74,0
-58.37,-34.73,0
-58.37,-34.72,0
-58.37,-34.71,1
-58.37,-34.7,1
-58.37,-34.69,1
-58.37,-34.68,1
-58.37,-34.67,1
-58.37,-34.66,1
-58.37,-34.65,1
-58.37,-34.64,1
-58.37,-34.63,1
-58.37,-34.62,0
-58.37,-34.61,0
-58.37,-34.6,0
-58.37,-34.59,0
-58.37,-34.58,0
-58.37,-34.57,0
-58.37,-34.56,0
-58.37,-34.55,0
-58.37,-34.54,0
-58.37,-34.53,0
-58.37,-34.52,0
-58.37,-34.51,0
-58.37,-34.5,0
-58.37,-34.49,0
-58.37,-34.48,0
-58.37,-34.47,0
-58.37,-34.46,0
-58.37,-34.45,0
-58.37,-34.44,0
-58.37,-34.43,0
-58.37,-34.42,0
-58.37,-34.41,0
-58.37,-34.4,0
-58.37,-34.39,0
-58.37,-34.38,0
-58.37,-34.37,0
-58.37,-34.36,0
-58.37,-34.35,0
-58.37,-34.34,0
-58.37,-34.33,0
-58.37,-34.32,0
-58.36,-34.93,0
-58.36,-34.92,0
-58.36,-34.91,0
-58.36,-34.9,0
-58.36,-34.89,0
-58.36,-34.88,0
-58.36,-34.87,0
-58.36,-34.86,0
-58.36,-34.85,0
-58.36,-34.84,0
-58.36,-34.83,0
-58.36,-34.82,0
-58.36,-34.81,0
-58.36,-34.8,0
-58.36,-34.79,0
-58.36,-34.78,0
-58.36,-34.77,0
-58.36,-34.76,0
-58.36,-34.75,0
-58.36,-34.74,0
-58.36,-34.73,0
-58.36,-34.72,0
-58.36,-34.71,1
-58.36,-34.7,1
-58.36,-34.69,1
-58.36,-34.68,1
-58.36,-34.67,1
-58.36,-34.66,1
-58.36,-34.65,1
-58.36,-34.64,1
-58.36,-34.63,0
-58.36,-34.62,0
-58.36,-34.61,0
-58.36,-34.6,0
-58.36,-34.59,0
-58.36,-34.58,0
-58.36,-34.57,0
-58.36,-34.56,0
-58.36,-34.55,0
-58.36,-34.54,0
-58.36,-34.53,0
-58.36,-34.52,0
-58.36,-34.51,0
-58.36,-34.5,0
-58.36,-34.49,0
-58.36,-34.48,0
-58.36,-34.47,0
-58.36,-34.46,0
-58.36,-34.45,0
-58.36,-34.44,0
-58.36,-34.43,0
-58.36,-34.42,0
-58.36,-34.41,0
-58.36,-34.4,0
-58.36,-34.39,0
-58.36,-34.38,0
-58.36,-34.37,0
-58.36,-34.36,0
-58.36,-34.35,0
-58.36,-34.34,0
-58.36,-34.33,0
-58.36,-34.32,0
-58.35,-34.93,0
-58.35,-34.92,0
-58.35,-34.91,0
-58.35,-34.9,0
-58.35,-34.89,0
-58.35,-34.88,0
-58.35,-34.87,0
-58.35,-34.86,0
-58.35,-34.85,0
-58.35,-34.84,0
-58.35,-34.83,0
-58.35,-34.82,0
-58.35,-34.81,0
-58.35,-34.8,0
-58.35,-34.79,0
-58.35,-34.78,0
-58.35,-34.77,0
-58.35,-34.76,0
-58.35,-34.75,0
-58.35,-34.74,0
-58.35,-34.73,0
-58.35,-34.72,0
-58.35,-34.71,1
-58.35,-34.7,1
-58.35,-34.69,1
-58.35,-34.68,1
-58.35,-34.67,1
-58.35,-34.66,1
-58.35,-34.65,1
-58.35,-34.64,0
-58.35,-34.63,0
-58.35,-34.62,0
-58.35,-34.61,0
-58.35,-34.6,0
-58.35,-34.59,0
-58.35,-34.58,0
-58.35,-34.57,0
-58.35,-34.56,0
-58.35,-34.55,0
-58.35,-34.54,0
-58.35,-34.53,0
-58.35,-34.52,0
-58.35,-34.51,0
-58.35,-34.5,0
-58.35,-34.49,0
-58.35,-34.48,0
-58.35,-34.47,0
-58.35,-34.46,0
-58.35,-34.45,0
-58.35,-34.44,0
-58.35,-34.43,0
-58.35,-34.42,0
-58.35,-34.41,0
-58.35,-34.4,0
-58.35,-34.39,0
-58.35,-34.38,0
-58.35,-34.37,0
-58.35,-34.36,0
-58.35,-34.35,0
-58.35,-34.34,0
-58.35,-34.33,0
-58.35,-34.32,0
-58.34,-34.93,0
-58.34,-34.92,0
-58.34,-34.91,0
-58.34,-34.9,0
-58.34,-34.89,0
-58.34,-34.88,0
-58.34,-34.87,0
-58.34,-34.86,0
-58.34,-34.85,0
-58.34,-34.84,0
-58.34,-34.83,0
-58.34,-34.82,0
-58.34,-34.81,0
-58.34,-34.8,0
-58.34,-34.79,0
-58.34,-34.78,0
-58.34,-34.77,0
-58.34,-34.76,0
-58.34,-34.75,0
-58.34,-34.74,0
-58.34,-34.73,0
-58.34,-34.72,0
-58.34,-34.71,1
-58.34,-34.7,1
-58.34,-34.69,1
-58.34,-34.68,1
-58.34,-34.67,0
-58.34,-34.66,0
-58.34,-34.65,0
-58.34,-34.64,0
-58.34,-34.63,0
-58.34,-34.62,0
-58.34,-34.61,0
-58.34,-34.6,0
-58.34,-34.59,0
-58.34,-34.58,0
-58.34,-34.57,0
-58.34,-34.56,0
-58.34,-34.55,0
-58.34,-34.54,0
-58.34,-34.53,0
-58.34,-34.52,0
-58.34,-34.51,0
-58.34,-34.5,0
-58.34,-34.49,0
-58.34,-34.48,0
-58.34,-34.47,0
-58.34,-34.46,0
-58.34,-34.45,0
-58.34,-34.44,0
-58.34,-34.43,0
-58.34,-34.42,0
-58.34,-34.41,0
-58.34,-34.4,0
-58.34,-34.39,0
-58.34,-34.38,0
-58.34,-34.37,0
-58.34,-34.36,0
-58.34,-34.35,0
-58.34,-34.34,0
-58.34,-34.33,0
-58.34,-34.32,0
-58.33,-34.93,0
-58.33,-34.92,0
-58.33,-34.91,0
-58.33,-34.9,0
-58.33,-34.89,0
-58.33,-34.88,0
-58.33,-34.87,0
-58.33,-34.86,0
-58.33,-34.85,0
-58.33,-34.84,0
-58.33,-34.83,0
-58.33,-34.82,0
-58.33,-34.81,0
-58.33,-34.8,0
-58.33,-34.79,0
-58.33,-34.78,0
-58.33,-34.77,0
-58.33,-34.76,0
-58.33,-34.75,0
-58.33,-34.74,0
-58.33,-34.73,0
-58.33,-34.72,0
-58.33,-34.71,0
-58.33,-34.7,1
-58.33,-34.69,0
-58.33,-34.68,0
-58.33,-34.67,0
-58.33,-34.66,0
-58.33,-34.65,0
-58.33,-34.64,0
-58.33,-34.63,0
-58.33,-34.62,0
-58.33,-34.61,0
-58.33,-34.6,0
-58.33,-34.59,0
-58.33,-34.58,0
-58.33,-34.57,0
-58.33,-34.56,0
-58.33,-34.55,0
-58.33,-34.54,0
-58.33,-34.53,0
-58.33,-34.52,0
-58.33,-34.51,0
-58.33,-34.5,0
-58.33,-34.49,0
-58.33,-34.48,0
-58.33,-34.47,0
-58.33,-34.46,0
-58.33,-34.45,0
-58.33,-34.44,0
-58.33,-34.43,0
-58.33,-34.42,0
-58.33,-34.41,0
-58.33,-34.4,0
-58.33,-34.39,0
-58.33,-34.38,0
-58.33,-34.37,0
-58.33,-34.36,0
-58.33,-34.35,0
-58.33,-34.34,0
-58.33,-34.33,0
-58.33,-34.32,0
-58.32,-34.93,0
-58.32,-34.92,0
-58.32,-34.91,0
-58.32,-34.9,0
-58.32,-34.89,0
-58.32,-34.88,0
-58.32,-34.87,0
-58.32,-34.86,0
-58.32,-34.85,0
-58.32,-34.84,0
-58.32,-34.83,0
-58.32,-34.82,0
-58.32,-34.81,0
-58.32,-34.8,0
-58.32,-34.79,0
-58.32,-34.78,0
-58.32,-34.77,0
-58.32,-34.76,0
-58.32,-34.75,0
-58.32,-34.74,0
-58.32,-34.73,0
-58.32,-34.72,0
-58.32,-34.71,0
-58.32,-34.7,0
-58.32,-34.69,0
-58.32,-34.68,0
-58.32,-34.67,0
-58.32,-34.66,0
-58.32,-34.65,0
-58.32,-34.64,0
-58.32,-34.63,0
-58.32,-34.62,0
-58.32,-34.61,0
-58.32,-34.6,0
-58.32,-34.59,0
-58.32,-34.58,0
-58.32,-34.57,0
-58.32,-34.56,0
-58.32,-34.55,0
-58.32,-34.54,0
-58.32,-34.53,0
-58.32,-34.52,0
-58.32,-34.51,0
-58.32,-34.5,0
-58.32,-34.49,0
-58.32,-34.48,0
-58.32,-34.47,0
-58.32,-34.46,0
-58.32,-34.45,0
-58.32,-34.44,0
-58.32,-34.43,0
-58.32,-34.42,0
-58.32,-34.41,0
-58.32,-34.4,0
-58.32,-34.39,0
-58.32,-34.38,0
-58.32,-34.37,0
-58.32,-34.36,0
-58.32,-34.35,0
-58.32,-34.34,0
-58.32,-34.33,0
-58.32,-34.32,0
-58.31,-34.93,0
-58.31,-34.92,0
-58.31,-34.91,0
-58.31,-34.9,0
-58.31,-34.89,0
-58.31,-34.88,0
-58.31,-34.87,0
-58.31,-34.86,0
-58.31,-34.85,0
-58.31,-34.84,0
-58.31,-34.83,0
-58.31,-34.82,0
-58.31,-34.81,0
-58.31,-34.8,0
-58.31,-34.79,0
-58.31,-34.78,0
-58.31,-34.77,0
-58.31,-34.76,0
-58.31,-34.75,0
-58.31,-34.74,0
-58.31,-34.73,0
-58.31,-34.72,0
-58.31,-34.71,0
-58.31,-34.7,0
-58.31,-34.69,0
-58.31,-34.68,0
-58.31,-34.67,0
-58.31,-34.66,0
-58.31,-34.65,0
-58.31,-34.64,0
-58.31,-34.63,0
-58.31,-34.62,0
-58.31,-34.61,0
-58.31,-34.6,0
-58.31,-34.59,0
-58.31,-34.58,0
-58.31,-34.57,0
-58.31,-34.56,0
-58.31,-34.55,0
-58.31,-34.54,0
-58.31,-34.53,0
-58.31,-34.52,0
-58.31,-34.51,0
-58.31,-34.5,0
-58.31,-34.49,0
-58.31,-34.48,0
-58.31,-34.47,0
-58.31,-34.46,0
-58.31,-34.45,0
-58.31,-34.44,0
-58.31,-34.43,0
-58.31,-34.42,0
-58.31,-34.41,0
-58.31,-34.4,0
-58.31,-34.39,0
-58.31,-34.38,0
-58.31,-34.37,0
-58.31,-34.36,0
-58.31,-34.35,0
-58.31,-34.34,0
-58.31,-34.33,0
-58.31,-34.32,0
-58.3,-34.93,0
-58.3,-34.92,0
-58.3,-34.91,0
-58.3,-34.9,0
-58.3,-34.89,0
-58.3,-34.88,0
-58.3,-34.87,0
-58.3,-34.86,0
-58.3,-34.85,0
-58.3,-34.84,0
-58.3,-34.83,0
-58.3,-34.82,0
-58.3,-34.81,0
-58.3,-34.8,0
-58.3,-34.79,0
-58.3,-34.78,0
-58.3,-34.77,0
-58.3,-34.76,0
-58.3,-34.75,0
-58.3,-34.74,0
-58.3,-34.73,0
-58.3,-34.72,0
-58.3,-34.71,0
-58.3,-34.7,0
-58.3,-34.69,0
-58.3,-34.68,0
-58.3,-34.67,0
-58.3,-34.66,0
-58.3,-34.65,0
-58.3,-34.64,0
-58.3,-34.63,0
-58.3,-34.62,0
-58.3,-34.61,0
-58.3,-34.6,0
-58.3,-34.59,0
-58.3,-34.58,0
-58.3,-34.57,0
-58.3,-34.56,0
-58.3,-34.55,0
-58.3,-34.54,0
-58.3,-34.53,0
-58.3,-34.52,0
-58.3,-34.51,0
-58.3,-34.5,0
-58.3,-34.49,0
-58.3,-34.48,0
-58.3,-34.47,0
-58.3,-34.46,0
-58.3,-34.45,0
-58.3,-34.44,0
-58.3,-34.43,0
-58.3,-34.42,0
-58.3,-34.41,0
-58.3,-34.4,0
-58.3,-34.39,0
-58.3,-34.38,0
-58.3,-34.37,0
-58.3,-34.36,0
-58.3,-34.35,0
-58.3,-34.34,0
-58.3,-34.33,0
-58.3,-34.32,0
-58.29,-34.93,0
-58.29,-34.92,0
-58.29,-34.91,0
-58.29,-34.9,0
-58.29,-34.89,0
-58.29,-34.88,0
-58.29,-34.87,0
-58.29,-34.86,0
-58.29,-34.85,0
-58.29,-34.84,0
-58.29,-34.83,0
-58.29,-34.82,0
-58.29,-34.81,0
-58.29,-34.8,0
-58.29,-34.79,0
-58.29,-34.78,0
-58.29,-34.77,0
-58.29,-34.76,0
-58.29,-34.75,0
-58.29,-34.74,0
-58.29,-34.73,0
-58.29,-34.72,0
-58.29,-34.71,0
-58.29,-34.7,0
-58.29,-34.69,0
-58.29,-34.68,0
-58.29,-34.67,0
-58.29,-34.66,0
-58.29,-34.65,0
-58.29,-34.64,0
-58.29,-34.63,0
-58.29,-34.62,0
-58.29,-34.61,0
-58.29,-34.6,0
-58.29,-34.59,0
-58.29,-34.58,0
-58.29,-34.57,0
-58.29,-34.56,0
-58.29,-34.55,0
-58.29,-34.54,0
-58.29,-34.53,0
-58.29,-34.52,0
-58.29,-34.51,0
-58.29,-34.5,0
-58.29,-34.49,0
-58.29,-34.48,0
-58.29,-34.47,0
-58.29,-34.46,0
-58.29,-34.45,0
-58.29,-34.44,0
-58.29,-34.43,0
-58.29,-34.42,0
-58.29,-34.41,0
-58.29,-34.4,0
-58.29,-34.39,0
-58.29,-34.38,0
-58.29,-34.37,0
-58.29,-34.36,0
-58.29,-34.35,0
-58.29,-34.34,0
-58.29,-34.33,0
-58.29,-34.32,0
-58.28,-34.93,0
-58.28,-34.92,0
-58.28,-34.91,0
-58.28,-34.9,0
-58.28,-34.89,0
-58.28,-34.88,0
-58.28,-34.87,0
-58.28,-34.86,0
-58.28,-34.85,0
-58.28,-34.84,0
-58.28,-34.83,0
-58.28,-34.82,0
-58.28,-34.81,0
-58.28,-34.8,0
-58.28,-34.79,0
-58.28,-34.78,0
-58.28,-34.77,0
-58.28,-34.76,0
-58.28,-34.75,0
-58.28,-34.74,0
-58.28,-34.73,0
-58.28,-34.72,0
-58.28,-34.71,0
-58.28,-34.7,0
-58.28,-34.69,0
-58.28,-34.68,0
-58.28,-34.67,0
-58.28,-34.66,0
-58.28,-34.65,0
-58.28,-34.64,0
-58.28,-34.63,0
-58.28,-34.62,0
-58.28,-34.61,0
-58.28,-34.6,0
-58.28,-34.59,0
-58.28,-34.58,0
-58.28,-34.57,0
-58.28,-34.56,0
-58.28,-34.55,0
-58.28,-34.54,0
-58.28,-34.53,0
-58.28,-34.52,0
-58.28,-34.51,0
-58.28,-34.5,0
-58.28,-34.49,0
-58.28,-34.48,0
-58.28,-34.47,0
-58.28,-34.46,0
-58.28,-34.45,0
-58.28,-34.44,0
-58.28,-34.43,0
-58.28,-34.42,0
-58.28,-34.41,0
-58.28,-34.4,0
-58.28,-34.39,0
-58.28,-34.38,0
-58.28,-34.37,0
-58.28,-34.36,0
-58.28,-34.35,0
-58.28,-34.34,0
-58.28,-34.33,0
-58.28,-34.32,0
-58.27,-34.93,0
-58.27,-34.92,0
-58.27,-34.91,0
-58.27,-34.9,0
-58.27,-34.89,0
-58.27,-34.88,0
-58.27,-34.87,0
-58.27,-34.86,0
-58.27,-34.85,0
-58.27,-34.84,0
-58.27,-34.83,0
-58.27,-34.82,0
-58.27,-34.81,0
-58.27,-34.8,0
-58.27,-34.79,0
-58.27,-34.78,0
-58.27,-34.77,0
-58.27,-34.76,0
-58.27,-34.75,0
-58.27,-34.74,0
-58.27,-34.73,0
-58.27,-34.72,0
-58.27,-34.71,0
-58.27,-34.7,0
-58.27,-34.69,0
-58.27,-34.68,0
-58.27,-34.67,0
-58.27,-34.66,0
-58.27,-34.65,0
-58.27,-34.64,0
-58.27,-34.63,0
-58.27,-34.62,0
-58.27,-34.61,0
-58.27,-34.6,0
-58.27,-34.59,0
-58.27,-34.58,0
-58.27,-34.57,0
-58.27,-34.56,0
-58.27,-34.55,0
-58.27,-34.54,0
-58.27,-34.53,0
-58.27,-34.52,0
-58.27,-34.51,0
-58.27,-34.5,0
-58.27,-34.49,0
-58.27,-34.48,0
-58.27,-34.47,0
-58.27,-34.46,0
-58.27,-34.45,0
-58.27,-34.44,0
-58.27,-34.43,0
-58.27,-34.42,0
-58.27,-34.41,0
-58.27,-34.4,0
-58.27,-34.39,0
-58.27,-34.38,0
-58.27,-34.37,0
-58.27,-34.36,0
-58.27,-34.35,0
-58.27,-34.34,0
-58.27,-34.33,0
-58.27,-34.32,0
-58.26,-34.93,0
-58.26,-34.92,0
-58.26,-34.91,0
-58.26,-34.9,0
-58.26,-34.89,0
-58.26,-34.88,0
-58.26,-34.87,0
-58.26,-34.86,0
-58.26,-34.85,0
-58.26,-34.84,0
-58.26,-34.83,0
-58.26,-34.82,0
-58.26,-34.81,0
-58.26,-34.8,0
-58.26,-34.79,0
-58.26,-34.78,0
-58.26,-34.77,0
-58.26,-34.76,0
-58.26,-34.75,0
-58.26,-34.74,0
-58.26,-34.73,0
-58.26,-34.72,0
-58.26,-34.71,0
-58.26,-34.7,0
-58.26,-34.69,0
-58.26,-34.68,0
-58.26,-34.67,0
-58.26,-34.66,0
-58.26,-34.65,0
-58.26,-34.64,0
-58.26,-34.63,0
-58.26,-34.62,0
-58.26,-34.61,0
-58.26,-34.6,0
-58.26,-34.59,0
-58.26,-34.58,0
-58.26,-34.57,0
-58.26,-34.56,0
-58.26,-34.55,0
-58.26,-34.54,0
-58.26,-34.53,0
-58.26,-34.52,0
-58.26,-34.51,0
-58.26,-34.5,0
-58.26,-34.49,0
-58.26,-34.48,0
-58.26,-34.47,0
-58.26,-34.46,0
-58.26,-34.45,0
-58.26,-34.44,0
-58.26,-34.43,0
-58.26,-34.42,0
-58.26,-34.41,0
-58.26,-34.4,0
-58.26,-34.39,0
-58.26,-34.38,0
-58.26,-34.37,0
-58.26,-34.36,0
-58.26,-34.35,0
-58.26,-34.34,0
-58.26,-34.33,0
-58.26,-34.32,0
-58.25,-34.93,0
-58.25,-34.92,0
-58.25,-34.91,0
-58.25,-34.9,0
-58.25,-34.89,0
-58.25,-34.88,0
-58.25,-34.87,0
-58.25,-34.86,0
-58.25,-34.85,0
-58.25,-34.84,0
-58.25,-34.83,0
-58.25,-34.82,0
-58.25,-34.81,0
-58.25,-34.8,0
-58.25,-34.79,0
-58.25,-34.78,0
-58.25,-34.77,0
-58.25,-34.76,0
-58.25,-34.75,0
-58.25,-34.74,0
-58.25,-34.73,0
-58.25,-34.72,0
-58.25,-34.71,0
-58.25,-34.7,0
-58.25,-34.69,0
-58.25,-34.68,0
-58.25,-34.67,0
-58.25,-34.66,0
-58.25,-34.65,0
-58.25,-34.64,0
-58.25,-34.63,0
-58.25,-34.62,0
-58.25,-34.61,0
-58.25,-34.6,0
-58.25,-34.59,0
-58.25,-34.58,0
-58.25,-34.57,0
-58.25,-34.56,0
-58.25,-34.55,0
-58.25,-34.54,0
-58.25,-34.53,0
-58.25,-34.52,0
-58.25,-34.51,0
-58.25,-34.5,0
-58.25,-34.49,0
-58.25,-34.48,0
-58.25,-34.47,0
-58.25,-34.46,0
-58.25,-34.45,0
-58.25,-34.44,0
-58.25,-34.43,0
-58.25,-34.42,0
-58.25,-34.41,0
-58.25,-34.4,0
-58.25,-34.39,0
-58.25,-34.38,0
-58.25,-34.37,0
-58.25,-34.36,0
-58.25,-34.35,0
-58.25,-34.34,0
-58.25,-34.33,0
-58.25,-34.32,0
-58.24,-34.93,0
-58.24,-34.92,0
-58.24,-34.91,0
-58.24,-34.9,0
-58.24,-34.89,0
-58.24,-34.88,0
-58.24,-34.87,0
-58.24,-34.86,0
-58.24,-34.85,0
-58.24,-34.84,0
-58.24,-34.83,0
-58.24,-34.82,0
-58.24,-34.81,0
-58.24,-34.8,0
-58.24,-34.79,0
-58.24,-34.78,0
-58.24,-34.77,0
-58.24,-34.76,0
-58.24,-34.75,0
-58.24,-34.74,0
-58.24,-34.73,0
-58.24,-34.72,0
-58.24,-34.71,0
-58.24,-34.7,0
-58.24,-34.69,0
-58.24,-34.68,0
-58.24,-34.67,0
-58.24,-34.66,0
-58.24,-34.65,0
-58.24,-34.64,0
-58.24,-34.63,0
-58.24,-34.62,0
-58.24,-34.61,0
-58.24,-34.6,0
-58.24,-34.59,0
-58.24,-34.58,0
-58.24,-34.57,0
-58.24,-34.56,0
-58.24,-34.55,0
-58.24,-34.54,0
-58.24,-34.53,0
-58.24,-34.52,0
-58.24,-34.51,0
-58.24,-34.5,0
-58.24,-34.49,0
-58.24,-34.48,0
-58.24,-34.47,0
-58.24,-34.46,0
-58.24,-34.45,0
-58.24,-34.44,0
-58.24,-34.43,0
-58.24,-34.42,0
-58.24,-34.41,0
-58.24,-34.4,0
-58.24,-34.39,0
-58.24,-34.38,0
-58.24,-34.37,0
-58.24,-34.36,0
-58.24,-34.35,0
-58.24,-34.34,0
-58.24,-34.33,0
-58.24,-34.32,0
-58.23,-34.93,0
-58.23,-34.92,0
-58.23,-34.91,0
-58.23,-34.9,0
-58.23,-34.89,0
-58.23,-34.88,0
-58.23,-34.87,0
-58.23,-34.86,0
-58.23,-34.85,0
-58.23,-34.84,0
-58.23,-34.83,0
-58.23,-34.82,0
-58.23,-34.81,0
-58.23,-34.8,0
-58.23,-34.79,0
-58.23,-34.78,0
-58.23,-34.77,0
-58.23,-34.76,0
-58.23,-34.75,0
-58.23,-34.74,0
-58.23,-34.73,0
-58.23,-34.72,0
-58.23,-34.71,0
-58.23,-34.7,0
-58.23,-34.69,0
-58.23,-34.68,0
-58.23,-34.67,0
-58.23,-34.66,0
-58.23,-34.65,0
-58.23,-34.64,0
-58.23,-34.63,0
-58.23,-34.62,0
-58.23,-34.61,0
-58.23,-34.6,0
-58.23,-34.59,0
-58.23,-34.58,0
-58.23,-34.57,0
-58.23,-34.56,0
-58.23,-34.55,0
-58.23,-34.54,0
-58.23,-34.53,0
-58.23,-34.52,0
-58.23,-34.51,0
-58.23,-34.5,0
-58.23,-34.49,0
-58.23,-34.48,0
-58.23,-34.47,0
-58.23,-34.46,0
-58.23,-34.45,0
-58.23,-34.44,0
-58.23,-34.43,0
-58.23,-34.42,0
-58.23,-34.41,0
-58.23,-34.4,0
-58.23,-34.39,0
-58.23,-34.38,0
-58.23,-34.37,0
-58.23,-34.36,0
-58.23,-34.35,0
-58.23,-34.34,0
-58.23,-34.33,0
-58.23,-34.32,0
-58.22,-34.93,0
-58.22,-34.92,0
-58.22,-34.91,0
-58.22,-34.9,0
-58.22,-34.89,0
-58.22,-34.88,0
-58.22,-34.87,0
-58.22,-34.86,0
-58.22,-34.85,0
-58.22,-34.84,0
-58.22,-34.83,0
-58.22,-34.82,0
-58.22,-34.81,0
-58.22,-34.8,0
-58.22,-34.79,0
-58.22,-34.78,0
-58.22,-34.77,0
-58.22,-34.76,0
-58.22,-34.75,0
-58.22,-34.74,0
-58.22,-34.73,0
-58.22,-34.72,0
-58.22,-34.71,0
-58.22,-34.7,0
-58.22,-34.69,0
-58.22,-34.68,0
-58.22,-34.67,0
-58.22,-34.66,0
-58.22,-34.65,0
-58.22,-34.64,0
-58.22,-34.63,0
-58.22,-34.62,0
-58.22,-34.61,0
-58.22,-34.6,0
-58.22,-34.59,0
-58.22,-34.58,0
-58.22,-34.57,0
-58.22,-34.56,0
-58.22,-34.55,0
-58.22,-34.54,0
-58.22,-34.53,0
-58.22,-34.52,0
-58.22,-34.51,0
-58.22,-34.5,0
-58.22,-34.49,0
-58.22,-34.48,0
-58.22,-34.47,0
-58.22,-34.46,0
-58.22,-34.45,0
-58.22,-34.44,0
-58.22,-34.43,0
-58.22,-34.42,0
-58.22,-34.41,0
-58.22,-34.4,0
-58.22,-34.39,0
-58.22,-34.38,0
-58.22,-34.37,0
-58.22,-34.36,0
-58.22,-34.35,0
-58.22,-34.34,0
-58.22,-34.33,0
-58.22,-34.32,0
-58.21,-34.93,0
-58.21,-34.92,0
-58.21,-34.91,0
-58.21,-34.9,0
-58.21,-34.89,0
-58.21,-34.88,0
-58.21,-34.87,0
-58.21,-34.86,0
-58.21,-34.85,0
-58.21,-34.84,0
-58.21,-34.83,0
-58.21,-34.82,0
-58.21,-34.81,0
-58.21,-34.8,0
-58.21,-34.79,0
-58.21,-34.78,0
-58.21,-34.77,0
-58.21,-34.76,0
-58.21,-34.75,0
-58.21,-34.74,0
-58.21,-34.73,0
-58.21,-34.72,0
-58.21,-34.71,0
-58.21,-34.7,0
-58.21,-34.69,0
-58.21,-34.68,0
-58.21,-34.67,0
-58.21,-34.66,0
-58.21,-34.65,0
-58.21,-34.64,0
-58.21,-34.63,0
-58.21,-34.62,0
-58.21,-34.61,0
-58.21,-34.6,0
-58.21,-34.59,0
-58.21,-34.58,0
-58.21,-34.57,0
-58.21,-34.56,0
-58.21,-34.55,0
-58.21,-34.54,0
-58.21,-34.53,0
-58.21,-34.52,0
-58.21,-34.51,0
-58.21,-34.5,0
-58.21,-34.49,0
-58.21,-34.48,0
-58.21,-34.47,0
-58.21,-34.46,0
-58.21,-34.45,0
-58.21,-34.44,0
-58.21,-34.43,0
-58.21,-34.42,0
-58.21,-34.41,0
-58.21,-34.4,0
-58.21,-34.39,0
-58.21,-34.38,0
-58.21,-34.37,0
-58.21,-34.36,0
-58.21,-34.35,0
-58.21,-34.34,0
-58.21,-34.33,0
-58.21,-34.32,0
-58.2,-34.93,0
-58.2,-34.92,0
-58.2,-34.91,0
-58.2,-34.9,0
-58.2,-34.89,0
-58.2,-34.88,0
-58.2,-34.87,0
-58.2,-34.86,0
-58.2,-34.85,0
-58.2,-34.84,0
-58.2,-34.83,0
-58.2,-34.82,0
-58.2,-34.81,0
-58.2,-34.8,0
-58.2,-34.79,0
-58.2,-34.78,0
-58.2,-34.77,0
-58.2,-34.76,0
-58.2,-34.75,0
-58.2,-34.74,0
-58.2,-34.73,0
-58.2,-34.72,0
-58.2,-34.71,0
-58.2,-34.7,0
-58.2,-34.69,0
-58.2,-34.68,0
-58.2,-34.67,0
-58.2,-34.66,0
-58.2,-34.65,0
-58.2,-34.64,0
-58.2,-34.63,0
-58.2,-34.62,0
-58.2,-34.61,0
-58.2,-34.6,0
-58.2,-34.59,0
-58.2,-34.58,0
-58.2,-34.57,0
-58.2,-34.56,0
-58.2,-34.55,0
-58.2,-34.54,0
-58.2,-34.53,0
-58.2,-34.52,0
-58.2,-34.51,0
-58.2,-34.5,0
-58.2,-34.49,0
-58.2,-34.48,0
-58.2,-34.47,0
-58.2,-34.46,0
-58.2,-34.45,0
-58.2,-34.44,0
-58.2,-34.43,0
-58.2,-34.42,0
-58.2,-34.41,0
-58.2,-34.4,0
-58.2,-34.39,0
-58.2,-34.38,0
-58.2,-34.37,0
-58.2,-34.36,0
-58.2,-34.35,0
-58.2,-34.34,0
-58.2,-34.33,0
-58.2,-34.32,0
-58.19,-34.93,0
-58.19,-34.92,0
-58.19,-34.91,0
-58.19,-34.9,0
-58.19,-34.89,0
-58.19,-34.88,0
-58.19,-34.87,0
-58.19,-34.86,0
-58.19,-34.85,0
-58.19,-34.84,0
-58.19,-34.83,0
-58.19,-34.82,0
-58.19,-34.81,0
-58.19,-34.8,0
-58.19,-34.79,0
-58.19,-34.78,0
-58.19,-34.77,0
-58.19,-34.76,0
-58.19,-34.75,0
-58.19,-34.74,0
-58.19,-34.73,0
-58.19,-34.72,0
-58.19,-34.71,0
-58.19,-34.7,0
-58.19,-34.69,0
-58.19,-34.68,0
-58.19,-34.67,0
-58.19,-34.66,0
-58.19,-34.65,0
-58.19,-34.64,0
-58.19,-34.63,0
-58.19,-34.62,0
-58.19,-34.61,0
-58.19,-34.6,0
-58.19,-34.59,0
-58.19,-34.58,0
-58.19,-34.57,0
-58.19,-34.56,0
-58.19,-34.55,0
-58.19,-34.54,0
-58.19,-34.53,0
-58.19,-34.52,0
-58.19,-34.51,0
-58.19,-34.5,0
-58.19,-34.49,0
-58.19,-34.48,0
-58.19,-34.47,0
-58.19,-34.46,0
-58.19,-34.45,0
-58.19,-34.44,0
-58.19,-34.43,0
-58.19,-34.42,0
-58.19,-34.41,0
-58.19,-34.4,0
-58.19,-34.39,0
-58.19,-34.38,0
-58.19,-34.37,0
-58.19,-34.36,0
-58.19,-34.35,0
-58.19,-34.34,0
-58.19,-34.33,0
-58.19,-34.32,0
-58.18,-34.93,0
-58.18,-34.92,0
-58.18,-34.91,0
-58.18,-34.9,0
-58.18,-34.89,0
-58.18,-34.88,0
-58.18,-34.87,0
-58.18,-34.86,0
-58.18,-34.85,0
-58.18,-34.84,0
-58.18,-34.83,0
-58.18,-34.82,0
-58.18,-34.81,0
-58.18,-34.8,0
-58.18,-34.79,0
-58.18,-34.78,0
-58.18,-34.77,0
-58.18,-34.76,0
-58.18,-34.75,0
-58.18,-34.74,0
-58.18,-34.73,0
-58.18,-34.72,0
-58.18,-34.71,0
-58.18,-34.7,0
-58.18,-34.69,0
-58.18,-34.68,0
-58.18,-34.67,0
-58.18,-34.66,0
-58.18,-34.65,0
-58.18,-34.64,0
-58.18,-34.63,0
-58.18,-34.62,0
-58.18,-34.61,0
-58.18,-34.6,0
-58.18,-34.59,0
-58.18,-34.58,0
-58.18,-34.57,0
-58.18,-34.56,0
-58.18,-34.55,0
-58.18,-34.54,0
-58.18,-34.53,0
-58.18,-34.52,0
-58.18,-34.51,0
-58.18,-34.5,0
-58.18,-34.49,0
-58.18,-34.48,0
-58.18,-34.47,0
-58.18,-34.46,0
-58.18,-34.45,0
-58.18,-34.44,0
-58.18,-34.43,0
-58.18,-34.42,0
-58.18,-34.41,0
-58.18,-34.4,0
-58.18,-34.39,0
-58.18,-34.38,0
-58.18,-34.37,0
-58.18,-34.36,0
-58.18,-34.35,0
-58.18,-34.34,0
-58.18,-34.33,0
-58.18,-34.32,0
-58.17,-34.93,0
-58.17,-34.92,0
-58.17,-34.91,0
-58.17,-34.9,0
-58.17,-34.89,0
-58.17,-34.88,0
-58.17,-34.87,0
-58.17,-34.86,0
-58.17,-34.85,0
-58.17,-34.84,0
-58.17,-34.83,0
-58.17,-34.82,0
-58.17,-34.81,0
-58.17,-34.8,0
-58.17,-34.79,0
-58.17,-34.78,0
-58.17,-34.77,0
-58.17,-34.76,0
-58.17,-34.75,0
-58.17,-34.74,0
-58.17,-34.73,0
-58.17,-34.72,0
-58.17,-34.71,0
-58.17,-34.7,0
-58.17,-34.69,0
-58.17,-34.68,0
-58.17,-34.67,0
-58.17,-34.66,0
-58.17,-34.65,0
-58.17,-34.64,0
-58.17,-34.63,0
-58.17,-34.62,0
-58.17,-34.61,0
-58.17,-34.6,0
-58.17,-34.59,0
-58.17,-34.58,0
-58.17,-34.57,0
-58.17,-34.56,0
-58.17,-34.55,0
-58.17,-34.54,0
-58.17,-34.53,0
-58.17,-34.52,0
-58.17,-34.51,0
-58.17,-34.5,0
-58.17,-34.49,0
-58.17,-34.48,0
-58.17,-34.47,0
-58.17,-34.46,0
-58.17,-34.45,0
-58.17,-34.44,0
-58.17,-34.43,0
-58.17,-34.42,0
-58.17,-34.41,0
-58.17,-34.4,0
-58.17,-34.39,0
-58.17,-34.38,0
-58.17,-34.37,0
-58.17,-34.36,0
-58.17,-34.35,0
-58.17,-34.34,0
-58.17,-34.33,0
-58.17,-34.32,0
-58.16,-34.93,0
-58.16,-34.92,0
-58.16,-34.91,0
-58.16,-34.9,0
-58.16,-34.89,0
-58.16,-34.88,0
-58.16,-34.87,0
-58.16,-34.86,0
-58.16,-34.85,0
-58.16,-34.84,0
-58.16,-34.83,0
-58.16,-34.82,0
-58.16,-34.81,0
-58.16,-34.8,0
-58.16,-34.79,0
-58.16,-34.78,0
-58.16,-34.77,0
-58.16,-34.76,0
-58.16,-34.75,0
-58.16,-34.74,0
-58.16,-34.73,0
-58.16,-34.72,0
-58.16,-34.71,0
-58.16,-34.7,0
-58.16,-34.69,0
-58.16,-34.68,0
-58.16,-34.67,0
-58.16,-34.66,0
-58.16,-34.65,0
-58.16,-34.64,0
-58.16,-34.63,0
-58.16,-34.62,0
-58.16,-34.61,0
-58.16,-34.6,0
-58.16,-34.59,0
-58.16,-34.58,0
-58.16,-34.57,0
-58.16,-34.56,0
-58.16,-34.55,0
-58.16,-34.54,0
-58.16,-34.53,0
-58.16,-34.52,0
-58.16,-34.51,0
-58.16,-34.5,0
-58.16,-34.49,0
-58.16,-34.48,0
-58.16,-34.47,0
-58.16,-34.46,0
-58.16,-34.45,0
-58.16,-34.44,0
-58.16,-34.43,0
-58.16,-34.42,0
-58.16,-34.41,0
-58.16,-34.4,0
-58.16,-34.39,0
-58.16,-34.38,0
-58.16,-34.37,0
-58.16,-34.36,0
-58.16,-34.35,0
-58.16,-34.34,0
-58.16,-34.33,0
-58.16,-34.32,0
-58.15,-34.93,0
-58.15,-34.92,0
-58.15,-34.91,0
-58.15,-34.9,0
-58.15,-34.89,0
-58.15,-34.88,0
-58.15,-34.87,0
-58.15,-34.86,0
-58.15,-34.85,0
-58.15,-34.84,0
-58.15,-34.83,0
-58.15,-34.82,0
-58.15,-34.81,0
-58.15,-34.8,0
-58.15,-34.79,0
-58.15,-34.78,0
-58.15,-34.77,0
-58.15,-34.76,0
-58.15,-34.75,0
-58.15,-34.74,0
-58.15,-34.73,0
-58.15,-34.72,0
-58.15,-34.71,0
-58.15,-34.7,0
-58.15,-34.69,0
-58.15,-34.68,0
-58.15,-34.67,0
-58.15,-34.66,0
-58.15,-34.65,0
-58.15,-34.64,0
-58.15,-34.63,0
-58.15,-34.62,0
-58.15,-34.61,0
-58.15,-34.6,0
-58.15,-34.59,0
-58.15,-34.58,0
-58.15,-34.57,0
-58.15,-34.56,0
-58.15,-34.55,0
-58.15,-34.54,0
-58.15,-34.53,0
-58.15,-34.52,0
-58.15,-34.51,0
-58.15,-34.5,0
-58.15,-34.49,0
-58.15,-34.48,0
-58.15,-34.47,0
-58.15,-34.46,0
-58.15,-34.45,0
-58.15,-34.44,0
-58.15,-34.43,0
-58.15,-34.42,0
-58.15,-34.41,0
-58.15,-34.4,0
-58.15,-34.39,0
-58.15,-34.38,0
-58.15,-34.37,0
-58.15,-34.36,0
-58.15,-34.35,0
-58.15,-34.34,0
-58.15,-34.33,0
-58.15,-34.32,0
-58.14,-34.93,0
-58.14,-34.92,0
-58.14,-34.91,0
-58.14,-34.9,0
-58.14,-34.89,0
-58.14,-34.88,0
-58.14,-34.87,0
-58.14,-34.86,0
-58.14,-34.85,0
-58.14,-34.84,0
-58.14,-34.83,0
-58.14,-34.82,0
-58.14,-34.81,0
-58.14,-34.8,0
-58.14,-34.79,0
-58.14,-34.78,0
-58.14,-34.77,0
-58.14,-34.76,0
-58.14,-34.75,0
-58.14,-34.74,0
-58.14,-34.73,0
-58.14,-34.72,0
-58.14,-34.71,0
-58.14,-34.7,0
-58.14,-34.69,0
-58.14,-34.68,0
-58.14,-34.67,0
-58.14,-34.66,0
-58.14,-34.65,0
-58.14,-34.64,0
-58.14,-34.63,0
-58.14,-34.62,0
-58.14,-34.61,0
-58.14,-34.6,0
-58.14,-34.59,0
-58.14,-34.58,0
-58.14,-34.57,0
-58.14,-34.56,0
-58.14,-34.55,0
-58.14,-34.54,0
-58.14,-34.53,0
-58.14,-34.52,0
-58.14,-34.51,0
-58.14,-34.5,0
-58.14,-34.49,0
-58.14,-34.48,0
-58.14,-34.47,0
-58.14,-34.46,0
-58.14,-34.45,0
-58.14,-34.44,0
-58.14,-34.43,0
-58.14,-34.42,0
-58.14,-34.41,0
-58.14,-34.4,0
-58.14,-34.39,0
-58.14,-34.38,0
-58.14,-34.37,0
-58.14,-34.36,0
-58.14,-34.35,0
-58.14,-34.34,0
-58.14,-34.33,0
-58.14,-34.32,0
-58.13,-34.93,0
-58.13,-34.92,0
-58.13,-34.91,0
-58.13,-34.9,0
-58.13,-34.89,0
-58.13,-34.88,0
-58.13,-34.87,0
-58.13,-34.86,0
-58.13,-34.85,0
-58.13,-34.84,0
-58.13,-34.83,0
-58.13,-34.82,0
-58.13,-34.81,0
-58.13,-34.8,0
-58.13,-34.79,0
-58.13,-34.78,0
-58.13,-34.77,0
-58.13,-34.76,0
-58.13,-34.75,0
-58.13,-34.74,0
-58.13,-34.73,0
-58.13,-34.72,0
-58.13,-34.71,0
-58.13,-34.7,0
-58.13,-34.69,0
-58.13,-34.68,0
-58.13,-34.67,0
-58.13,-34.66,0
-58.13,-34.65,0
-58.13,-34.64,0
-58.13,-34.63,0
-58.13,-34.62,0
-58.13,-34.61,0
-58.13,-34.6,0
-58.13,-34.59,0
-58.13,-34.58,0
-58.13,-34.57,0
-58.13,-34.56,0
-58.13,-34.55,0
-58.13,-34.54,0
-58.13,-34.53,0
-58.13,-34.52,0
-58.13,-34.51,0
-58.13,-34.5,0
-58.13,-34.49,0
-58.13,-34.48,0
-58.13,-34.47,0
-58.13,-34.46,0
-58.13,-34.45,0
-58.13,-34.44,0
-58.13,-34.43,0
-58.13,-34.42,0
-58.13,-34.41,0
-58.13,-34.4,0
-58.13,-34.39,0
-58.13,-34.38,0
-58.13,-34.37,0
-58.13,-34.36,0
-58.13,-34.35,0
-58.13,-34.34,0
-58.13,-34.33,0
-58.13,-34.32,0
