fecha,NO2_trop_mean,NO2_trop_std
2018-07-08,5.05773574799681e-05,2.53830251395642e-05
2018-07-09,,
2018-07-10,,
2018-07-11,9.506283856119e-05,9.84921353089895e-06
2018-07-12,0.000156918830912196,1.57823010954138e-05
2018-07-13,,
2018-07-14,0.000122020037046178,5.46656004637669e-05
2018-07-15,6.72148772662453e-05,2.11050298649801e-05
2018-07-16,3.13644756967682e-05,3.77209536232154e-06
2018-07-17,,
2018-07-18,,
2018-07-19,,
2018-07-20,,
2018-07-21,0.000102361750530981,3.33413041402251e-05
2018-07-22,,
2018-07-23,0.000149420635473606,6.59038660568644e-05
2018-07-24,0.00015468498536525,7.9994062556536e-05
2018-07-25,,
2018-07-26,,
2018-07-27,,
2018-07-28,,
2018-07-29,,
2018-07-30,0.000136574496914824,5.00268427259098e-05
2018-07-31,0.00023716746828065,8.64049582562173e-05
2018-08-01,0.000103128266988645,5.21423757476517e-05
2018-08-02,0.000121920924358026,6.96621943773751e-05
2018-08-03,,
2018-08-04,,
2018-08-05,,
2018-08-06,0.000102477662952971,5.16260820015068e-05
2018-08-07,,
2018-08-08,,
2018-08-09,0.000120233304942971,2.15637115269385e-05
2018-08-10,0.000227536580414583,5.48111465513152e-05
2018-08-11,,
2018-08-12,4.73271813845181e-05,2.64374229598261e-05
2018-08-13,,
2018-08-14,8.26127326052756e-05,2.80018468800186e-05
2018-08-15,0.000314249740702113,0.000154533676040973
2018-08-16,8.80152285349902e-05,4.37087650409974e-05
2018-08-17,9.18920329494245e-05,6.15669834295364e-05
2018-08-18,,
2018-08-19,1.60781234958687e-05,9.54902127787591e-06
2018-08-20,4.0662915553311e-05,1.62065951596845e-05
2018-08-21,0.000453470751174392,0.00018064091005555
2018-08-22,4.77022193553038e-05,2.69020977458011e-05
2018-08-23,,
2018-08-24,,
2018-08-25,6.69168981727681e-05,2.1398533590342e-05
2018-08-26,7.34194241532427e-05,2.58615392726121e-05
2018-08-27,0.00011925330203739,6.12864116734133e-05
2018-08-28,0.000156782859492975,7.73106554513086e-05
2018-08-29,0.000100766473605521,4.29920547630363e-05
2018-08-30,,
2018-08-31,7.73798587484065e-05,3.33675120576158e-05
2018-09-01,0.000117833074797372,3.7866976762353e-05
2018-09-02,5.61544842214192e-05,2.43532795751702e-05
2018-09-03,0.000193404058467894,7.79762056856841e-05
2018-09-04,0.000104807258264356,5.14362226888428e-05
2018-09-05,7.13788795252214e-05,3.42377490294694e-05
2018-09-06,0.000178945922548977,8.58973651916419e-05
2018-09-07,0.00010466012279413,4.87283779339018e-05
2018-09-08,3.36760354050052e-05,8.70847993734738e-06
2018-09-09,4.18698755639251e-05,1.19989436878076e-05
2018-09-10,4.41703081224518e-05,1.62841983094768e-05
2018-09-11,7.48755555801175e-05,4.48477407897571e-05
2018-09-12,,
2018-09-13,0.000136090123641167,5.92452815668374e-05
2018-09-14,9.16223220777506e-05,2.34789230669959e-05
2018-09-15,,
2018-09-16,3.40670841061455e-05,9.58055879495716e-06
2018-09-17,0.000386220686596684,0.000191846432494935
2018-09-18,4.25576861850911e-05,1.62417489703701e-05
2018-09-19,4.36378646178901e-05,1.40210905254732e-05
2018-09-20,2.9621526045937e-05,1.38660237906295e-05
2018-09-21,0.00014152412960758,6.04716386481869e-05
2018-09-22,5.60163995230468e-05,2.24450405248768e-05
2018-09-23,,
2018-09-24,4.10787442041063e-05,1.29620946548023e-05
2018-09-25,4.22629132805559e-05,1.68147536145484e-05
2018-09-26,8.3974028674881e-05,5.57139168774676e-05
2018-09-27,,
2018-09-28,,
2018-09-29,8.7956425601794e-05,3.01374078061588e-05
2018-09-30,,
2018-10-01,7.49728300800066e-05,2.35273909189196e-05
2018-10-02,0.000297604285692472,0.000129658085801605
2018-10-03,0.000116327782328008,3.85228610019156e-05
2018-10-04,0.000201120280388587,6.72767494465881e-05
2018-10-05,0.000290571071659673,9.10957510609775e-05
2018-10-06,6.14868563056302e-05,2.41015306270086e-05
2018-10-07,7.50851897365783e-05,3.19697662331002e-05
2018-10-08,7.40341935088864e-05,2.77097959960131e-05
2018-10-09,8.36159952790222e-05,3.23360791960413e-05
2018-10-10,9.04325407117629e-05,3.04333997377734e-05
2018-10-11,,
2018-10-12,,
2018-10-13,8.75959657599291e-05,3.4221427194895e-05
2018-10-14,5.70151018133227e-05,1.2105346769831e-05
2018-10-15,,
2018-10-16,0.000116549586381647,6.16573678219355e-05
2018-10-17,0.000110603274253317,4.16435695720788e-05
2018-10-18,,
2018-10-19,7.09269365028343e-05,2.56808214542033e-05
2018-10-20,,
2018-10-21,,
2018-10-22,7.92778519098647e-06,0
2018-10-23,5.20728761253837e-05,1.97103072196854e-05
2018-10-24,,
2018-10-25,,
2018-10-26,9.29353450202454e-05,3.99445262265204e-06
2018-10-27,9.08683805009463e-05,3.74173979276322e-05
2018-10-28,7.09744445021748e-05,3.09256721127165e-05
2018-10-29,,
2018-10-30,,
2018-10-31,,
2018-11-01,0.000192239556640574,6.03872194658467e-05
2018-11-02,,
2018-11-03,0.000112589399860566,7.08676619647905e-05
2018-11-04,5.51551192528744e-05,2.67383122999064e-05
2018-11-05,0.000131724517978554,6.55800843220174e-05
2018-11-06,5.22799962338917e-05,2.08092107868867e-05
2018-11-07,9.27262127018001e-05,4.37108065276767e-05
2018-11-08,4.6200890910599e-05,2.66123415910704e-05
2018-11-09,8.63586233127559e-05,4.68538970880069e-05
2018-11-10,,
2018-11-11,,
2018-11-12,,
2018-11-13,0.000145567290019244,0
2018-11-14,4.17153751175473e-05,1.3163095890308e-05
2018-11-15,8.01060862199018e-05,2.60890172343392e-05
2018-11-16,5.85285903822221e-05,1.86524730148592e-05
2018-11-17,,
2018-11-18,2.68528092727446e-05,1.18412225234693e-05
2018-11-19,5.38287918160478e-05,2.60409116173321e-05
2018-11-20,0.000101851381642312,4.72570835648955e-05
2018-11-21,7.14558256978499e-05,3.13889393286057e-05
2018-11-22,,
2018-11-23,,
2018-11-24,4.88945152905624e-05,1.48417437857456e-05
2018-11-25,8.18090507518806e-05,6.11184532196144e-05
2018-11-26,,
2018-11-27,,
2018-11-28,6.19706259036142e-05,2.19567289785187e-05
2018-11-29,,
2018-11-30,0.000166549906553341,7.15772328033674e-05
2018-12-01,,
2018-12-02,4.27650995015504e-05,1.50923530757818e-05
2018-12-03,6.01685898042603e-05,1.95222954555574e-05
2018-12-04,0.000136503139889057,6.71739606887304e-05
2018-12-05,0.000109705776144121,6.75715122591972e-05
2018-12-06,8.31381622929922e-05,3.40673253579415e-05
2018-12-07,0.000256621071230727,6.65352350681719e-05
2018-12-08,3.43158760702878e-05,1.25522962328987e-05
2018-12-09,,
2018-12-10,,
2018-12-11,,
2018-12-12,4.64783321566912e-05,1.06283499318218e-05
2018-12-13,,
2018-12-14,4.98449723508748e-05,8.45601963663957e-06
2018-12-15,0.000136886616116777,7.24398432309617e-05
2018-12-16,4.36334826076644e-05,1.86159971961163e-05
2018-12-17,,
2018-12-18,4.03877741595986e-05,1.33500014692872e-05
2018-12-19,8.77586531916087e-05,4.47301970465164e-05
2018-12-20,,
2018-12-21,6.32156841230109e-05,2.28961185564443e-05
2018-12-22,8.65415594666797e-05,3.30777638150662e-05
2018-12-23,6.65459795957783e-05,2.81591784218781e-05
2018-12-24,4.29835433077983e-05,1.55416713003227e-05
2018-12-25,4.98281628496138e-05,1.67435703068757e-05
2018-12-26,8.74271216644402e-05,4.43353096175717e-05
2018-12-27,,
2018-12-28,3.88152842492047e-05,1.59746846652679e-05
2018-12-29,5.77605821671809e-05,2.85226720365092e-05
2018-12-30,3.27296819887587e-05,7.41801675735672e-06
2018-12-31,4.04150273408266e-05,1.81642237989271e-05
2019-01-01,1.03347396407177e-05,2.9183447972884e-06
2019-01-02,,
2019-01-03,7.96438073335481e-05,2.84333697125136e-05
2019-01-04,0.00011068330628836,4.65921461195082e-05
2019-01-05,4.74002231724108e-05,1.49636861102611e-05
2019-01-06,,
2019-01-07,,
2019-01-08,3.56838117319565e-05,3.03168081263443e-05
2019-01-09,,
2019-01-10,,
2019-01-11,8.13209330719177e-05,2.06786053542792e-05
2019-01-12,4.39530553591437e-05,1.48817147084223e-05
2019-01-13,,
2019-01-14,5.62955844532779e-05,9.42282507239381e-05
2019-01-15,,
2019-01-16,0.000165966962278544,1.24426418719486e-05
2019-01-17,,
2019-01-18,1.19963986962969e-05,3.45166768699126e-05
2019-01-19,4.92445887545137e-05,1.5466227329072e-05
2019-01-20,3.37063247622244e-05,2.89059059742928e-05
2019-01-21,7.22652190120407e-05,3.59625083360386e-05
2019-01-22,6.9978694253447e-05,2.63746263771191e-05
2019-01-23,5.92662209155925e-05,1.95833123097556e-05
2019-01-24,4.78299149612398e-05,2.30898637459848e-05
2019-01-25,,
2019-01-26,,
2019-01-27,6.69096399512787e-05,2.41147231695435e-06
2019-01-28,3.69406932761083e-05,1.47115309489475e-05
2019-01-29,4.0239375699255e-05,1.52105783996337e-05
2019-01-30,8.13455808547605e-05,3.96440978245079e-05
2019-01-31,9.52777515430358e-05,0
2019-02-01,,
2019-02-02,4.86923333350774e-05,1.73141881734262e-05
2019-02-03,5.16027506225899e-05,5.49016757543072e-05
2019-02-04,0.000118714040350853,3.67077002878693e-05
2019-02-05,6.75190164303029e-05,2.0562516532509e-05
2019-02-06,5.70943399411346e-05,4.52903770066774e-05
2019-02-07,7.93377941504385e-05,8.11260304891386e-05
2019-02-08,0.000103299596191024,6.02302843924343e-05
2019-02-09,8.08863831067933e-05,2.15587523664388e-05
2019-02-10,5.57480521260017e-05,1.27584950472942e-05
2019-02-11,5.23262844285978e-05,2.74275059788291e-05
2019-02-12,6.1621676399114e-05,4.21806417984323e-05
2019-02-13,7.02131982073797e-05,7.79310815031577e-05
2019-02-14,,
2019-02-15,0.000204046174323213,3.73469971381558e-05
2019-02-16,6.77250777707295e-05,2.20482774205034e-05
2019-02-17,4.81245308058802e-05,4.3598227388671e-05
2019-02-18,7.86291739860499e-05,2.74022160141477e-05
2019-02-19,9.47237621965935e-05,2.53305457574522e-05
2019-02-20,6.9142884803507e-05,5.08197411968496e-05
2019-02-21,0.000148711050206739,0.000107016362093958
2019-02-22,0.000263192989021273,0
2019-02-23,,
2019-02-24,2.70857617579168e-05,2.05932736527144e-05
2019-02-25,,
2019-02-26,6.94285623970269e-05,2.97057044195253e-05
2019-02-27,8.7967583159584e-05,0.000103207245578918
2019-02-28,0.000274521937602144,3.13178587572619e-05
2019-03-01,6.75457488893403e-05,2.57268453865001e-05
2019-03-02,7.4672744334467e-05,1.13797815260769e-05
2019-03-03,2.98147845246876e-05,2.33240690060495e-05
2019-03-04,,
2019-03-05,6.37129768585808e-05,4.97202534275616e-05
2019-03-06,0.000103689788680283,7.4692495912564e-05
2019-03-07,0.000114140540685243,1.80190227081818e-05
2019-03-08,4.81991990809615e-05,1.34244601559122e-05
2019-03-09,5.45316145270751e-05,2.19008738759867e-05
2019-03-10,5.18323362828187e-05,1.64988914313233e-05
2019-03-11,3.50770557485978e-05,4.74056746144172e-06
2019-03-12,,
2019-03-13,3.94264956237685e-05,2.94266290792027e-05
2019-03-14,8.4103143022105e-05,4.05444241309965e-05
2019-03-15,,
2019-03-16,,
2019-03-17,6.54152595402316e-05,2.60524615692727e-05
2019-03-18,7.76901890386366e-05,2.11616989385241e-05
2019-03-19,,
2019-03-20,5.27415000319689e-05,0.000101306843928685
2019-03-21,0.000414153917685761,8.01271353297727e-05
2019-03-22,0.000191423987817217,3.61373093708926e-05
2019-03-23,5.75726075331641e-05,8.7038774502026e-06
2019-03-24,5.5624343630212e-05,2.02602815920159e-05
2019-03-25,0.000114913671292016,2.11453223062234e-13
2019-03-26,1.86815996130463e-05,2.01190674676611e-05
2019-03-27,5.77037012760702e-05,3.579592386951e-05
2019-03-28,7.62664025180227e-05,3.04094152928375e-05
2019-03-29,7.52310708396073e-05,2.07892316250219e-05
2019-03-30,0.000102457815162743,5.31538372572086e-05
2019-03-31,5.3768983155866e-05,6.17507313898782e-05
2019-04-01,,
2019-04-02,,
2019-04-03,0.000101074386616272,3.11559915428662e-05
2019-04-04,,
2019-04-05,9.14171333204967e-05,5.36825357636022e-05
2019-04-06,0.000167623427695682,3.55273073751366e-05
2019-04-07,9.94926798159128e-05,0.000194745806871125
2019-04-08,0.000362495056443441,3.29047858565945e-05
2019-04-09,5.97166035112051e-05,5.64418816421773e-05
2019-04-10,0.000155045881856984,3.38942900314905e-05
2019-04-11,6.58098313855575e-05,0.000118067984969569
2019-04-12,0.000192127576857903,4.15216613528481e-05
2019-04-13,8.3284650630939e-05,2.18193221734595e-05
2019-04-14,6.90152700911462e-05,3.36731805342834e-05
2019-04-15,,
2019-04-16,9.75536093196076e-05,3.63790478754429e-05
2019-04-17,8.61240047535066e-05,2.18356596225081e-05
2019-04-18,0.00016967601452095,1.69783595134183e-05
2019-04-19,8.9530346084534e-05,2.27037432851446e-05
2019-04-20,7.25006321610654e-05,3.24032974600811e-05
2019-04-21,0.000121144188450638,6.67583062496599e-05
2019-04-22,0.000171169285978267,0.000101781311800676
2019-04-23,0.000227277444702984,1.74241004473505e-05
2019-04-24,,
2019-04-25,,
2019-04-26,,
2019-04-27,6.04435488494009e-05,2.51791032047745e-05
2019-04-28,7.50354827558373e-05,7.71110362755126e-06
2019-04-29,3.23054488608787e-05,2.45050276059407e-05
2019-04-30,,
2019-05-01,4.44397780296938e-05,2.80870431930476e-05
2019-05-02,,
2019-05-03,9.46722557040628e-05,4.47680543173689e-05
2019-05-04,5.79259602911096e-05,4.70613509971284e-05
2019-05-05,,
2019-05-06,0.000136565934031536,4.75870495716698e-05
2019-05-07,7.51227996419754e-05,1.61792913250725e-05
2019-05-08,9.91059282773089e-05,2.39885080577088e-05
2019-05-09,,
2019-05-10,4.51395627650255e-05,2.73897768934932e-05
2019-05-11,9.49663092993805e-05,3.89244727624829e-05
2019-05-12,0.000102585285617598,5.97902557071368e-05
2019-05-13,0.000132278955913267,3.5809714681473e-05
2019-05-14,0.000112790215939855,2.35888321278654e-05
2019-05-15,6.02759183955453e-05,2.4845872895006e-05
2019-05-16,6.68458181075795e-05,3.61010752922942e-05
2019-05-17,8.34131295827053e-05,1.99769027320488e-05
2019-05-18,0.00010940206331993,8.67053637732667e-06
2019-05-19,5.41017901308036e-05,1.81355408130912e-05
2019-05-20,,
2019-05-21,,
2019-05-22,6.16074488641741e-05,6.0905139771513e-05
2019-05-23,0.000237733895661042,4.66882027712497e-05
2019-05-24,0.000190221328882945,5.65679123748558e-05
2019-05-25,,
2019-05-26,,
2019-05-27,,
2019-05-28,0.000213882890713555,3.27924911116607e-05
2019-05-29,,
2019-05-30,,
2019-05-31,0.000103801766152402,2.17571439476273e-05
2019-06-01,0.000111091357889282,6.55692042728151e-05
2019-06-02,0.000134112757694207,3.93699779403174e-05
2019-06-03,0.000223946301533594,3.18402006030926e-05
2019-06-04,7.49782179779151e-05,3.06101772645211e-05
2019-06-05,,
2019-06-06,,
2019-06-07,0.000106039002098017,3.02150420980325e-05
2019-06-08,0.000114702852249221,2.32204351573271e-05
2019-06-09,5.79822771387073e-05,7.71922007733673e-05
2019-06-10,,
2019-06-11,,
2019-06-12,,
2019-06-13,,
2019-06-14,,
2019-06-15,,
2019-06-16,,
2019-06-17,,
2019-06-18,,
2019-06-19,7.83479220060668e-05,0.000121849950447572
2019-06-20,0.000145002138323062,1.44485217707255e-05
2019-06-21,,
2019-06-22,0.000337026242851596,4.01618747036906e-05
2019-06-23,,
2019-06-24,,
2019-06-25,5.67643078226293e-05,4.09983032862356e-05
2019-06-26,,
2019-06-27,0.000113360241561435,1.994527813514e-05
2019-06-28,,
2019-06-29,,
2019-06-30,,
2019-07-01,0.00013547687481798,2.01579255127676e-05
2019-07-02,,
2019-07-03,6.4904868275604e-05,4.07654995691065e-05
2019-07-04,0.000100806744001292,6.51886535248358e-05
2019-07-05,8.63479443350971e-05,7.72546703378017e-05
2019-07-06,0.000243635965690083,5.98403040606167e-05
2019-07-07,0.000133927221825054,6.97964450951165e-05
2019-07-08,0.000155547232764114,3.7905618351515e-05
2019-07-09,0.000168168397596244,7.08065035021086e-05
2019-07-10,,
2019-07-11,,
2019-07-12,9.96022515891308e-05,1.48036829112411e-05
2019-07-13,0.000211134000398153,0.000164765632633636
2019-07-14,0.000159024018634683,4.2454186588696e-05
2019-07-15,0.00012134362549394,5.43505129931086e-05
2019-07-16,9.94929468119924e-05,0.00011205502607373
2019-07-17,0.000102989956559607,8.36232789758097e-05
2019-07-18,,
2019-07-19,0.000224455949254483,6.85752185554832e-05
2019-07-20,,
2019-07-21,,
2019-07-22,,
2019-07-23,,
2019-07-24,0.000276649283478037,6.3806943480041e-06
2019-07-25,,
2019-07-26,,
2019-07-27,0.000374823543979534,7.57305307824608e-05
2019-07-28,1.06931440611937e-05,7.00149943069081e-05
2019-07-29,,
2019-07-30,0.000290484100519735,2.57146458406284e-05
2019-07-31,0.000101760373455998,2.41194928847507e-05
2019-08-01,6.20356125777373e-05,4.24226560315376e-05
2019-08-02,6.9310603929668e-05,2.31087360074112e-05
2019-08-03,0.000129329316323302,2.21251027207707e-05
2019-08-04,5.43980715158412e-05,3.67717694849953e-05
2019-08-05,8.13181232161308e-05,0
2019-08-06,0.000107190822130803,2.92347576770127e-05
2019-08-07,,
2019-08-08,3.39217949658632e-05,2.41671959493968e-05
2019-08-09,,
2019-08-10,9.4395891613017e-05,3.64439915051154e-05
2019-08-11,0.000102624495476354,3.47989678231861e-05
2019-08-12,,
2019-08-13,7.55393156970206e-05,7.38751593211476e-05
2019-08-14,7.56699503941005e-05,0.000148249704235041
2019-08-15,0.00020759310347635,2.26486557124593e-05
2019-08-16,0.000343836909733215,1.71878342830145e-13
2019-08-17,6.34716336120121e-05,9.96371053112533e-05
2019-08-18,1.23519293993013e-05,6.8735210650679e-05
2019-08-19,0.000217226102713406,7.87367146906648e-05
2019-08-20,0.000206742778933146,0.000118139387512778
2019-08-21,0.000117789209279075,8.17519866011187e-05
2019-08-22,0.000411233054622214,2.85031371256825e-05
2019-08-23,0.000174070109894381,4.32726317428479e-05
2019-08-24,7.08284369241071e-05,0
2019-08-25,,
2019-08-26,,
2019-08-27,8.81507348149604e-05,4.59710602577979e-05
2019-08-28,,
2019-08-29,0.000112961090053432,5.31745552570033e-05
2019-08-30,,
2019-08-31,0.000164507112064916,1.89086009845589e-05
2019-09-01,4.68036933576019e-05,3.24440345679732e-05
2019-09-02,7.49124426965518e-05,5.09703626240371e-05
2019-09-03,8.65413187553157e-05,1.52950065564854e-05
2019-09-04,0.000120872436872877,2.46612659557762e-05
2019-09-05,5.475685212657e-05,5.07710042265146e-05
2019-09-06,,
2019-09-07,,
2019-09-08,0.000115458483820433,0.000187265951967773
2019-09-09,,
2019-09-10,,
2019-09-11,,
2019-09-12,0.000139190693569951,3.15989717634465e-05
2019-09-13,0.00040409546868901,3.99342550447735e-05
2019-09-14,7.02840609460683e-05,3.78813745164949e-05
2019-09-15,0.00013241103980834,2.1907274759516e-05
2019-09-16,0.000119819621700521,7.13019448154089e-05
2019-09-17,8.29409269502328e-05,2.25875704163062e-05
2019-09-18,0.000239388510475988,2.33611729247581e-05
2019-09-19,0.00014381163456725,1.15053178873504e-05
2019-09-20,8.45324419485149e-05,1.03019997324836e-05
2019-09-21,5.72193768796906e-05,6.33776726232639e-06
2019-09-22,4.52920324683347e-05,0.000151438011112651
2019-09-23,0.0001653707731748,5.27004801936414e-05
2019-09-24,0.000363518333307134,6.77131156124762e-05
2019-09-25,0.00014655486251515,0
2019-09-26,0.000138248788640545,3.52243613187927e-05
2019-09-27,9.97033800942091e-05,1.60566559639291e-05
2019-09-28,5.37644572835802e-05,1.13077336947507e-05
2019-09-29,4.29357586426035e-05,2.7290272087954e-05
2019-09-30,7.05877555682502e-05,1.85299211129464e-05
2019-10-01,,
2019-10-02,,
2019-10-03,,
2019-10-04,,
2019-10-05,6.80432639242966e-05,2.61756692401423e-05
2019-10-06,5.51208130188212e-05,4.56609292026305e-05
2019-10-07,0.000108408987770281,4.06389232255097e-05
2019-10-08,8.35433967204449e-05,2.35596056936719e-05
2019-10-09,0.000147942807097993,1.18623157751529e-05
2019-10-10,,
2019-10-11,6.34420319952782e-05,1.8770682174379e-05
2019-10-12,,
2019-10-13,3.54749403976167e-05,1.68559563647124e-05
2019-10-14,,
2019-10-15,,
2019-10-16,,
2019-10-17,,
2019-10-18,6.37613209061609e-05,6.11187780617979e-05
2019-10-19,0.000187115080356446,2.35728705121998e-05
2019-10-20,,
2019-10-21,0.000184580110577252,1.92606286522978e-05
2019-10-22,6.5436679318257e-05,2.01464066183429e-05
2019-10-23,6.38040114864264e-05,2.52907338022888e-05
2019-10-24,7.4651967163484e-05,1.71426584506813e-05
2019-10-25,8.65026084174687e-05,1.64509471888362e-05
2019-10-26,4.33012264844361e-05,2.53321308527997e-05
2019-10-27,,
2019-10-28,,
2019-10-29,5.9798931912144e-05,2.35374489708809e-05
2019-10-30,1.87708974408451e-05,2.05728422068461e-05
2019-10-31,6.52508288313424e-05,1.6860863379033e-05
2019-11-01,,
2019-11-02,6.07390501072242e-05,8.0235366859535e-05
2019-11-03,5.65838691893028e-05,3.24028768953994e-05
2019-11-04,,
2019-11-05,0.000175363157773873,2.00807176714451e-05
2019-11-06,6.66119489705155e-05,2.67727621960953e-05
2019-11-07,9.67912081082581e-05,1.7174476839895e-05
2019-11-08,5.72019839630449e-05,4.07220576970874e-05
2019-11-09,4.89870312816277e-05,3.97765857970195e-05
2019-11-10,3.40743341591571e-05,1.47033914266334e-05
2019-11-11,,
2019-11-12,0.000122656699800105,1.55383195922539e-05
2019-11-13,0.000111612635383549,7.61791059341288e-05
2019-11-14,5.2754330537428e-05,1.94837137826618e-05
2019-11-15,0.000142353054494099,4.06696395535774e-05
2019-11-16,,
2019-11-17,4.59059015120941e-05,5.06881454323635e-05
2019-11-18,5.54524168876589e-05,5.43417284841344e-05
2019-11-19,0.000111701824892093,3.0768709421135e-05
2019-11-20,0.000138760738581573,1.65652972595679e-05
2019-11-21,0.000106716820551491,1.176058785689e-05
2019-11-22,4.10514940760353e-05,9.41775016027565e-06
2019-11-23,3.90130398032478e-05,2.50528803416606e-05
2019-11-24,2.95991555182163e-05,3.68752480700674e-05
2019-11-25,,
2019-11-26,,
2019-11-27,6.41608231356948e-05,1.40792307446811e-05
2019-11-28,9.42194318910889e-05,1.2959925964813e-05
2019-11-29,8.76970559583136e-05,1.19715925420555e-05
2019-11-30,3.26279914797179e-05,4.77631881371851e-05
2019-12-01,3.84209655385512e-05,1.73537076641549e-05
2019-12-02,0.000126841606511736,4.54305105622421e-05
2019-12-03,,
2019-12-04,,
2019-12-05,6.68423462397095e-05,1.12820646010002e-05
2019-12-06,0.000102057653241902,4.56748423626404e-05
2019-12-07,6.21396320639178e-05,2.08288967388202e-05
2019-12-08,5.42091415814426e-05,2.03922212951756e-05
2019-12-09,0.000122193371646671,2.56909550574108e-05
2019-12-10,8.87431095626369e-05,5.18310902130724e-05
2019-12-11,8.43043512487718e-05,3.7579822119167e-05
2019-12-12,4.7667890642068e-05,8.2833096807103e-05
2019-12-13,0.000146994456440987,0
2019-12-14,6.9513801498268e-05,7.48097579830231e-05
2019-12-15,,
2019-12-16,9.00489083600466e-05,6.32124715258365e-05
2019-12-17,0.000135042461243984,3.54701996501583e-06
2019-12-18,6.93161915514042e-05,1.16280669042439e-05
2019-12-19,0.000133724545555325,6.16175036891418e-05
2019-12-20,,
2019-12-21,2.44005283365992e-05,2.17933224594687e-05
2019-12-22,3.157159655053e-05,1.65899337099883e-05
2019-12-23,0.000137773557100276,1.8341499227303e-05
2019-12-24,5.33089879613173e-05,3.30728703788391e-05
2019-12-25,,
2019-12-26,6.43295266683469e-05,6.42426145042129e-05
2019-12-27,6.37603525585282e-05,2.10291525243143e-05
2019-12-28,,
2019-12-29,0.000144482269319409,2.99178170386246e-05
2019-12-30,,
2019-12-31,,
2020-01-01,,
2020-01-02,4.49356082358405e-05,0
2020-01-03,7.03942823297188e-05,7.65924418223184e-06
2020-01-04,5.9263370907414e-05,1.74390898046703e-05
2020-01-05,3.4147913538618e-05,2.92553874531569e-05
2020-01-06,4.11676123526918e-05,6.11270532073434e-05
2020-01-07,5.93338666475455e-05,5.62525784878553e-07
2020-01-08,5.72874202966227e-05,8.30434590760868e-05
2020-01-09,0.000133592109805171,3.1109961447094e-05
2020-01-10,6.19073209034811e-05,0
2020-01-11,0.000117515280550008,3.38681206639721e-05
2020-01-12,6.09861911359739e-05,1.13402462160665e-05
2020-01-13,5.48067248941106e-05,3.65125560111305e-05
2020-01-14,6.96328793096723e-05,3.6083153882769e-05
2020-01-15,8.70350320746762e-05,2.7246327255304e-05
2020-01-16,0.000120624764719238,2.00660019352822e-05
2020-01-17,6.6858096013269e-05,2.9876305037654e-05
2020-01-18,5.44587759653556e-05,1.52179124988011e-05
2020-01-19,4.54362678568479e-05,1.92512451799326e-05
2020-01-20,7.51244781775663e-05,2.53078298953964e-05
2020-01-21,,
2020-01-22,5.43631905366116e-05,2.87396181980377e-05
2020-01-23,5.51308431337111e-05,1.9663532033469e-05
2020-01-24,7.91804669126403e-05,2.64281717231769e-05
2020-01-25,7.32696864121074e-05,3.11027908052988e-05
2020-01-26,6.77328946148025e-05,2.03660942942823e-05
2020-01-27,6.91553763715494e-05,2.46810962033722e-05
2020-01-28,4.80450479055427e-05,7.53037032137803e-05
2020-01-29,,
2020-01-30,7.23832842450645e-05,1.49243214229547e-05
2020-01-31,0.000177782299838735,1.82203234956632e-05
2020-02-01,6.1592145109739e-05,2.88088393892454e-05
2020-02-02,4.78907296264058e-05,1.81519955943184e-05
2020-02-03,6.21393254368392e-05,1.68657767880862e-05
2020-02-04,6.91144045040737e-05,1.65260834834832e-05
2020-02-05,,
2020-02-06,3.19797191117258e-05,6.20112349743961e-05
2020-02-07,,
2020-02-08,5.60560608039289e-05,3.04806878208428e-05
2020-02-09,4.2418015611569e-05,1.90667253351608e-05
2020-02-10,9.7389023984945e-05,1.70065809846919e-05
2020-02-11,6.6068197772494e-05,2.14283258867037e-05
2020-02-12,4.69789642833545e-05,2.98214563021506e-05
2020-02-13,5.73837008378556e-05,2.45577870679089e-05
2020-02-14,9.91988421735834e-05,1.08484337185216e-05
2020-02-15,7.80851087604388e-05,1.2521397494045e-05
2020-02-16,0.000104937798160015,2.54246154325799e-05
2020-02-17,,
2020-02-18,5.09684708435808e-05,1.65483455359916e-05
2020-02-19,7.41288486722557e-05,3.56917759875784e-05
2020-02-20,5.20506241676187e-05,1.15137761094776e-05
2020-02-21,4.06101905605803e-05,6.15713147995981e-06
2020-02-22,0.000115575680373603,1.47937203013972e-05
2020-02-23,3.50278666897857e-05,5.90875039709133e-05
2020-02-24,3.66604706395667e-05,0.0001042760228886
2020-02-25,7.1626371121619e-05,0.000107501321053365
2020-02-26,0.000145214519575903,7.62363319379663e-05
2020-02-27,0.000155047865697386,3.54391060961187e-05
2020-02-28,0.000234538402030056,4.21279507813098e-05
2020-02-29,9.12802080943269e-05,6.48091272275001e-05
2020-03-01,8.53470391145782e-05,0.000157708921169752
2020-03-02,0.000125740601459372,4.09002287127411e-05
2020-03-03,0.000114042579864743,2.97370428649422e-05
2020-03-04,0.000170394865371987,2.8132418579996e-05
2020-03-05,7.27358991261776e-05,2.03171308433661e-05
2020-03-06,8.96369813819458e-05,1.45202495427208e-05
2020-03-07,5.5922280042013e-05,1.7469901291428e-05
2020-03-08,,
2020-03-09,6.45687316822317e-05,9.11657436666343e-05
2020-03-10,5.30222599833996e-05,2.49429209365693e-05
2020-03-11,,
2020-03-12,0.000387902121569243,1.02234245912488e-05
2020-03-13,7.96813134516167e-05,3.57406251316488e-05
2020-03-14,,
2020-03-15,2.96721772338342e-05,1.26187667464061e-05
2020-03-16,4.96135594612344e-05,1.60004352584012e-05
2020-03-17,,
2020-03-18,9.74909416047379e-05,2.00443599782543e-05
2020-03-19,4.26111945985728e-05,1.79871105766101e-05
2020-03-20,5.62313816204298e-05,2.87294115247624e-05
2020-03-21,3.3894682188499e-05,1.76371611014727e-05
2020-03-22,3.55400270359122e-05,8.82413521901162e-06
2020-03-23,2.77141751863687e-05,1.67677017581939e-05
2020-03-24,3.81612173439469e-05,2.55503550773383e-05
2020-03-25,,
2020-03-26,3.98101094989887e-05,1.98247927771457e-05
2020-03-27,6.04498160934294e-05,1.27586793441569e-05
2020-03-28,0.000100436415466015,1.38570530116611e-05
2020-03-29,7.07336770861843e-05,9.6147835163618e-06
2020-03-30,4.05591327731937e-05,3.76146014596826e-05
2020-03-31,,
2020-04-01,5.04798899372414e-05,1.36236201946117e-05
2020-04-02,1.66219372122826e-05,1.06104679439253e-05
2020-04-03,0.000118759366980089,9.47104413947796e-06
2020-04-04,4.98293335218416e-05,1.02273128962796e-05
2020-04-05,,
2020-04-06,2.2727155468829e-05,2.2253382999267e-05
2020-04-07,3.23593747124367e-05,1.33863990848695e-05
2020-04-08,8.22719893680636e-05,1.04266627787457e-05
2020-04-09,5.0137757146245e-05,5.89547785421164e-06
2020-04-10,3.58518777002257e-05,1.73827929781431e-05
2020-04-11,2.8610152342238e-05,1.63442355124531e-05
2020-04-12,1.91611794615848e-05,5.17712765300903e-05
2020-04-13,,
2020-04-14,2.33155858441729e-05,7.22218712305129e-05
2020-04-15,5.35385573080254e-05,1.37232563431522e-05
2020-04-16,0.00018008543902809,2.0429149105463e-05
2020-04-17,5.38862287537122e-05,2.75439321071172e-05
2020-04-18,4.02071667526615e-05,1.7395876414035e-05
2020-04-19,3.45545462569249e-05,5.52656783149415e-06
2020-04-20,8.9639603151189e-05,1.05048453706102e-05
2020-04-21,4.82800083703906e-05,3.21206180108397e-05
2020-04-22,3.63542366449233e-05,1.22692294527585e-05
2020-04-23,9.37187605092917e-05,5.41333233239526e-05
2020-04-24,,
2020-04-25,,
2020-04-26,3.05794142482103e-05,1.90053071155414e-05
2020-04-27,,
2020-04-28,,
2020-04-29,4.66271788800361e-05,1.75001671486659e-05
2020-04-30,0.000116882789597025,1.28342044091726e-05
2020-05-01,4.11793436483777e-05,1.19219449690693e-05
2020-05-02,4.57489967450285e-05,1.91198359177864e-05
2020-05-03,2.6729055152577e-05,2.9786030465097e-05
2020-05-04,,
2020-05-05,,
2020-05-06,2.70854278080201e-05,2.33990303085087e-05
2020-05-07,9.58367177059284e-05,1.98104159921566e-05
2020-05-08,5.32348563363354e-05,2.4769160635246e-05
2020-05-09,5.39004653779855e-05,6.34509577046826e-05
2020-05-10,5.3238343623011e-05,2.98559240107745e-05
2020-05-11,0.000112901263235501,3.01780209748287e-05
2020-05-12,0.000113467089849614,9.03063974761151e-05
2020-05-13,9.06753433587336e-05,1.92268481158269e-05
2020-05-14,0.00031603399922927,2.15050695549831e-05
2020-05-15,6.62221055977277e-05,1.90236360568007e-05
2020-05-16,5.97399636402706e-05,1.95792193077453e-05
2020-05-17,9.88586926515381e-05,9.86973985315869e-06
2020-05-18,4.62896807087072e-05,3.17659001467371e-05
2020-05-19,7.0460997950706e-05,1.57735547190559e-05
2020-05-20,,
2020-05-21,,
2020-05-22,,
2020-05-23,7.9864529014228e-05,3.89870958042042e-06
2020-05-24,7.08634968634182e-05,5.36818568959675e-05
2020-05-25,2.18677601906364e-05,6.44592133149848e-05
2020-05-26,0.000171719771703406,6.53005106531049e-05
2020-05-27,9.53167808921814e-05,6.717063532742e-13
2020-05-28,0.000166411541551001,1.03523366851307e-05
2020-05-29,6.21585940511106e-05,5.55084462808039e-05
2020-05-30,,
2020-05-31,2.57543347710264e-05,4.85852233171604e-05
2020-06-01,0.000118789261738479,6.39814956114254e-06
2020-06-02,0.000149732180681155,8.04211880050029e-05
2020-06-03,0.000461782117161771,8.44009399896137e-05
2020-06-04,0.000105102086353312,6.48920791117586e-05
2020-06-05,,
2020-06-06,,
2020-06-07,,
2020-06-08,,
2020-06-09,0.000334764268250852,3.93131909914295e-05
2020-06-10,0.000184768770919489,1.38174435113876e-05
2020-06-11,7.48629456111721e-05,3.22472661772912e-05
2020-06-12,0.000223078593736652,1.86959372925292e-05
2020-06-13,4.79528154491175e-05,2.17960499106377e-05
2020-06-14,6.17820360817794e-05,2.60608828835123e-05
2020-06-15,5.58722359985015e-05,1.11707047046607e-05
2020-06-16,9.3539297526652e-05,1.89221741038481e-05
2020-06-17,3.89349052509877e-05,1.39823989771623e-05
2020-06-18,7.17051624207879e-05,4.70851935140707e-05
2020-06-19,,
2020-06-20,4.968147399442e-05,1.84383942418939e-05
2020-06-21,5.29088775285105e-05,1.82932439298918e-05
2020-06-22,6.35509263526079e-05,3.39461306545032e-05
2020-06-23,,
2020-06-24,,
2020-06-25,6.54963841409536e-05,9.26012418258603e-05
2020-06-26,0.000130867519636828,1.8241961208783e-05
2020-06-27,0.000118799682734084,8.03495102990175e-13
2020-06-28,0.000320692605869114,4.89965291759735e-05
2020-06-29,4.0295612517954e-05,3.9475144138904e-05
2020-06-30,,
2020-07-01,6.34948378406562e-05,2.59154420957148e-05
2020-07-02,,
2020-07-03,9.26545276424109e-05,2.47788828208699e-05
2020-07-04,0.000195522329517438,5.27681236337056e-05
2020-07-05,7.35068804440028e-05,8.04212243739697e-05
2020-07-06,0.000171162010490047,3.2692991228479e-05
2020-07-07,5.84837941325336e-05,8.6250085753671e-05
2020-07-08,0.000420849173217124,1.79246463170074e-05
2020-07-09,8.25671396309467e-05,1.68384001691966e-05
2020-07-10,,
2020-07-11,0.000188533154596795,4.21798104707411e-05
2020-07-12,4.52355947052555e-05,5.37630621967839e-05
2020-07-13,5.91703290622293e-05,7.46138842596991e-05
2020-07-14,0.000128141215798423,5.05680882808488e-05
2020-07-15,0.00010842245923574,2.64046938100677e-05
2020-07-16,0.000136457773103033,2.9998906930215e-06
2020-07-17,8.20035827327177e-05,2.54775067059627e-05
2020-07-18,,
2020-07-19,8.1535238071247e-05,1.90380055283253e-05
2020-07-20,0.000138232699295648,0
2020-07-21,,
2020-07-22,,
2020-07-23,,
2020-07-24,7.01475715147015e-05,4.58362269570446e-05
2020-07-25,5.82645092057705e-05,3.45174768679392e-05
2020-07-26,8.52235026507678e-05,8.04015457196607e-05
2020-07-27,0.0001601730382687,3.69951052259803e-05
2020-07-28,8.43131898553319e-05,4.20077608716111e-12
2020-07-29,0.000291557575501322,1.52358792911557e-05
2020-07-30,7.26109472967056e-05,1.23325220159236e-05
2020-07-31,0.000240292009327953,2.91764387977342e-05
2020-08-01,6.32979616589045e-05,2.87196379846997e-05
2020-08-02,6.23701711727358e-05,2.9303276575291e-05
2020-08-03,5.77574886466998e-05,2.61630637993314e-05
2020-08-04,5.90628088081192e-05,3.79930978959803e-05
2020-08-05,,
2020-08-06,,
2020-08-07,,
2020-08-08,9.7297334391112e-05,4.62999659628061e-05
2020-08-09,,
2020-08-10,6.90757898091009e-05,4.31273228456277e-05
2020-08-11,0.00010438525896093,4.65728942952277e-05
2020-08-12,0.000121062876639435,4.50305736617732e-05
2020-08-13,0.000166323008115742,1.58342336015279e-05
2020-08-14,0.000117872327175991,1.9499755424352e-05
2020-08-15,4.26839156494096e-05,1.84009942708582e-05
2020-08-16,5.2606829448489e-05,2.85552540005182e-05
2020-08-17,5.91982146276775e-05,2.06310276876368e-05
2020-08-18,8.72666892935207e-05,3.87824067342602e-05
2020-08-19,5.26845842127557e-05,2.44614492503711e-05
2020-08-20,6.53772931441242e-05,1.4411951476429e-05
2020-08-21,0.000146081226407264,9.18209651500293e-06
2020-08-22,4.38671648099839e-05,3.08619024478274e-05
2020-08-23,3.40868651331704e-05,2.78125559956397e-05
2020-08-24,5.12187008333821e-05,8.3955745103538e-05
2020-08-25,,
2020-08-26,,
2020-08-27,9.46255647920869e-05,1.37760025096468e-05
2020-08-28,,
2020-08-29,,
2020-08-30,8.57929545883219e-05,3.42972286746243e-05
2020-08-31,,
2020-09-01,,
2020-09-02,,
2020-09-03,,
2020-09-04,0.000219355209261334,5.0526379941516e-05
2020-09-05,4.41266234415044e-05,3.39336345475194e-05
2020-09-06,7.50272405424784e-05,3.32569630725428e-05
2020-09-07,9.03966705659202e-05,3.10754974663909e-05
2020-09-08,8.27982863330201e-05,2.75435449904742e-05
2020-09-09,,
2020-09-10,7.22094062279466e-05,3.36841373368262e-05
2020-09-11,9.95342135826313e-05,2.22894974867612e-05
2020-09-12,5.30802149407395e-05,5.65512026358774e-05
2020-09-13,7.80793961044582e-05,0.000142269342039868
2020-09-14,0.000221623389453142,3.02158398244272e-05
2020-09-15,,
2020-09-16,0.00029875109301637,2.68707076012798e-05
2020-09-17,0.000206595715641073,1.07358274173629e-05
2020-09-18,0.000110299446814995,6.53931718351374e-05
2020-09-19,3.93009497167688e-05,3.2433887311028e-05
2020-09-20,4.02411921831512e-05,0.000144179288159636
2020-09-21,0.000234566570137504,4.58802039323071e-05
2020-09-22,6.8840159313773e-05,2.66827718017033e-05
2020-09-23,0.000117295792195392,1.91085019146518e-05
2020-09-24,8.194266303905e-05,1.5616430581181e-05
2020-09-25,,
2020-09-26,5.67146488875664e-05,1.59750118783308e-05
2020-09-27,,
2020-09-28,6.42258247463239e-05,2.84366567749051e-05
2020-09-29,4.45710026808308e-05,1.14946579579885e-05
2020-09-30,6.34626992673544e-05,2.30354666265279e-05
2020-10-01,8.40331985869729e-05,1.86973162048713e-05
2020-10-02,5.91644829758959e-05,7.01299102617781e-05
2020-10-03,5.21153703527456e-05,2.94598196493363e-05
2020-10-04,,
2020-10-05,6.64975679531342e-05,5.97002619602342e-05
2020-10-06,0.000194929499215848,1.41737194079801e-05
2020-10-07,9.36262282487358e-05,1.28879391516341e-05
2020-10-08,0.000181157234381943,1.23295066384265e-05
2020-10-09,5.31515966533807e-05,9.62768323787568e-06
2020-10-10,4.82151196310983e-05,0.00010400662373416
2020-10-11,3.21944353276523e-05,5.77333400065424e-05
2020-10-12,4.66240174523584e-05,4.79459504923198e-05
2020-10-13,0.000282609683300712,4.51645930224391e-05
2020-10-14,0.000139618946142829,2.13776501248287e-05
2020-10-15,0.000112066824957279,1.59228973216916e-05
2020-10-16,6.00375667112219e-05,6.2364733295653e-06
2020-10-17,7.31705858240415e-05,4.24642274247506e-06
2020-10-18,4.85443824561973e-05,1.51622983146194e-05
2020-10-19,3.86360392457283e-05,3.84719268041637e-05
2020-10-20,2.97277394543632e-05,2.21604729238457e-05
2020-10-21,,
2020-10-22,,
2020-10-23,6.20332069934208e-05,5.94783390165456e-05
2020-10-24,8.73545734370934e-05,9.18217376912343e-05
2020-10-25,,
2020-10-26,5.56439343678637e-05,5.79850951734124e-05
2020-10-27,0.000113432611142141,5.36230486090986e-05
2020-10-28,,
2020-10-29,,
2020-10-30,0.000202143578948283,2.08703596981405e-05
2020-10-31,0.000114730503224812,3.52622230465921e-05
2020-11-01,4.94006012569755e-05,2.28955366876617e-05
2020-11-02,9.41253379693203e-05,1.81889334795322e-05
2020-11-03,6.07903756282213e-05,2.24430436057066e-05
2020-11-04,5.05348454962184e-05,2.30604734051607e-05
2020-11-05,6.27262516910052e-05,1.62072066934523e-05
2020-11-06,6.99875828350596e-05,1.93063215876474e-05
2020-11-07,5.65268461808245e-05,2.32220381955824e-05
2020-11-08,4.31883846269633e-05,3.72206001086541e-05
2020-11-09,,
2020-11-10,6.66920402416203e-05,6.8627891956651e-05
2020-11-11,8.22467883694817e-05,1.41671589243581e-05
2020-11-12,0.000111322154639668,6.57544905288656e-05
2020-11-13,0.000153020192055076,6.40571657425108e-05
2020-11-14,,
2020-11-15,3.11733382448005e-05,5.04174451560207e-05
2020-11-16,0.000148423722599139,3.86650110987288e-05
2020-11-17,0.000106580206845984,3.84031498511311e-05
2020-11-18,9.06873895280644e-05,2.32044674487123e-05
2020-11-19,7.4333925129616e-05,2.35443100067366e-05
2020-11-20,6.59779568646359e-05,2.28289184411678e-05
2020-11-21,6.40255697192676e-05,3.00801705658128e-05
2020-11-22,4.86039012501663e-05,2.23254308581928e-05
2020-11-23,5.97341533679023e-05,2.55338988433618e-05
2020-11-24,,
2020-11-25,8.12455596795408e-05,3.26895844962012e-05
2020-11-26,6.85051635975236e-05,5.74359152566236e-05
2020-11-27,4.14129981319716e-05,
2020-11-28,,
2020-11-29,6.20518028910727e-05,
2020-11-30,0.000149720538057996,
