,NO2_trop_mean,Timestamp,Year,Month,Day,DOY,NO2_trop_std
0,5.057735747996809e-05,2018-07-08 17:44:13,2018,7,8,189,2.5383025139564164e-05
1,6.146725354483351e-05,2018-07-11 16:47:01,2018,7,11,192,0.0
2,0.00012865842357754657,2018-07-11 18:28:32,2018,7,11,192,1.9698427061797896e-05
3,0.00015691883091219585,2018-07-12 18:09:28,2018,7,12,193,1.5782301095413764e-05
4,0.00012202003704617764,2018-07-14 17:31:20,2018,7,14,195,5.4665600463766904e-05
5,6.721487726624525e-05,2018-07-15 17:12:17,2018,7,15,196,2.1105029864980123e-05
6,3.136447569676817e-05,2018-07-16 18:34:42,2018,7,16,197,3.772095362321537e-06
7,0.00010236175053098069,2018-07-21 16:59:19,2018,7,21,202,3.3341304140225074e-05
8,0.00014942063547360632,2018-07-23 18:02:40,2018,7,23,204,6.59038660568644e-05
9,0.00015468498536525048,2018-07-24 17:43:35,2018,7,24,205,7.999406255653595e-05
10,0.00013657449691482432,2018-07-30 17:30:34,2018,7,30,211,5.002684272590976e-05
11,0.0002371674682806495,2018-07-31 17:11:29,2018,7,31,212,8.640495825621729e-05
12,8.526548630985957e-05,2018-08-01 16:52:22,2018,8,1,213,5.479307131000127e-05
13,0.00012099104766743052,2018-08-01 18:33:52,2018,8,1,213,4.9491680185302055e-05
14,0.00012192092435802556,2018-08-02 18:14:47,2018,8,2,214,6.966219437737507e-05
15,0.00010247766295297109,2018-08-06 16:58:23,2018,8,6,218,5.162608200150684e-05
16,0.00012023330494297072,2018-08-09 17:42:35,2018,8,9,221,2.1563711526938487e-05
17,0.0002275365804145827,2018-08-10 17:23:30,2018,8,10,222,5.4811146551315226e-05
18,4.3786171482944093e-05,2018-08-12 16:45:17,2018,8,12,224,2.9298589362918474e-05
19,5.086819128609199e-05,2018-08-12 18:26:47,2018,8,12,224,2.3576256556733736e-05
20,8.261273260527563e-05,2018-08-14 17:48:34,2018,8,14,226,2.8001846880018578e-05
21,0.0003142497407021129,2018-08-15 17:29:28,2018,8,15,227,0.0001545336760409731
22,8.801522853499018e-05,2018-08-16 17:10:21,2018,8,16,228,4.370876504099744e-05
23,9.189203294942453e-05,2018-08-17 16:51:15,2018,8,17,229,6.156698342953639e-05
24,1.607812349586867e-05,2018-08-19 17:54:31,2018,8,19,231,9.549021277875906e-06
25,4.0662915553311006e-05,2018-08-20 17:35:24,2018,8,20,232,1.6206595159684502e-05
26,0.0004534707511743918,2018-08-21 17:16:18,2018,8,21,233,0.00018064091005554989
27,4.7702219355303844e-05,2018-08-22 16:57:10,2018,8,22,234,2.6902097745801054e-05
28,6.691689817276807e-05,2018-08-25 17:41:20,2018,8,25,237,2.139853359034199e-05
29,7.341942415324266e-05,2018-08-26 17:22:11,2018,8,26,238,2.5861539272612126e-05
30,0.00011925330203739017,2018-08-27 17:03:04,2018,8,27,239,6.128641167341325e-05
31,0.00017498265962222532,2018-08-28 16:43:57,2018,8,28,240,9.982913264240036e-05
32,0.00013858305936372486,2018-08-28 18:25:28,2018,8,28,240,5.4792178260216775e-05
33,0.00010076647360552135,2018-08-29 18:06:20,2018,8,29,241,4.29920547630363e-05
34,7.73798587484065e-05,2018-08-31 17:28:06,2018,8,31,243,3.3367512057615806e-05
35,0.0001178330747973724,2018-09-01 17:08:58,2018,9,1,244,3.7866976762352986e-05
36,4.431891015753047e-05,2018-09-02 16:49:50,2018,9,2,245,1.9622747835776052e-05
37,6.79900582853079e-05,2018-09-02 18:31:19,2018,9,2,245,2.9083811314564246e-05
38,0.000193404058467894,2018-09-03 18:12:12,2018,9,3,246,7.797620568568406e-05
39,0.00010480725826435625,2018-09-04 17:53:05,2018,9,4,247,5.14362226888428e-05
40,7.137887952522139e-05,2018-09-05 17:33:57,2018,9,5,248,3.423774902946936e-05
41,0.00017894592254897717,2018-09-06 17:14:50,2018,9,6,249,8.58973651916419e-05
42,0.00010466012279413027,2018-09-07 16:55:42,2018,9,7,250,4.8728377933901776e-05
43,3.3676035405005175e-05,2018-09-08 18:18:04,2018,9,8,251,8.70847993734738e-06
44,4.186987556392514e-05,2018-09-09 17:58:56,2018,9,9,252,1.199894368780758e-05
45,4.4170308122451774e-05,2018-09-10 17:39:49,2018,9,10,253,1.6284198309476752e-05
46,7.487555558011749e-05,2018-09-11 17:20:40,2018,9,11,254,4.4847740789757105e-05
47,0.0001582262653762999,2018-09-13 16:42:25,2018,9,13,256,7.74018231757095e-05
48,0.00011395398190603437,2018-09-13 18:23:55,2018,9,13,256,4.108873995796523e-05
49,9.162232207775062e-05,2018-09-14 18:04:46,2018,9,14,257,2.3478923066995857e-05
50,3.4067084106145514e-05,2018-09-16 17:26:30,2018,9,16,259,9.580558794957156e-06
51,0.00038622068659668375,2018-09-17 17:07:22,2018,9,17,260,0.00019184643249493499
52,4.2557686185091074e-05,2018-09-18 18:29:44,2018,9,18,261,1.6241748970370074e-05
53,4.363786461789006e-05,2018-09-19 18:10:36,2018,9,19,262,1.402109052547321e-05
54,2.9621526045937008e-05,2018-09-20 17:51:28,2018,9,20,263,1.386602379062947e-05
55,0.00014152412960758044,2018-09-21 17:32:19,2018,9,21,264,6.047163864818693e-05
56,5.6016399523046835e-05,2018-09-22 17:13:11,2018,9,22,265,2.2445040524876836e-05
57,4.107874420410626e-05,2018-09-24 16:34:55,2018,9,24,267,1.2962094654802326e-05
58,4.226291328055588e-05,2018-09-25 17:57:16,2018,9,25,268,1.6814753614548433e-05
59,8.397402867488103e-05,2018-09-26 17:38:08,2018,9,26,269,5.5713916877467545e-05
60,8.795642560179404e-05,2018-09-29 18:22:12,2018,9,29,272,3.013740780615879e-05
61,7.497283008000658e-05,2018-10-01 17:43:56,2018,10,1,274,2.3527390918919607e-05
62,0.000297604285692472,2018-10-02 17:24:47,2018,10,2,275,0.0001296580858016052
63,0.00011632778232800812,2018-10-03 17:05:39,2018,10,3,276,3.852286100191562e-05
64,0.00018306588630914044,2018-10-04 16:46:30,2018,10,4,277,6.19276235134156e-05
65,0.00021917467446803412,2018-10-04 18:27:59,2018,10,4,277,7.262587537976049e-05
66,0.00029057107165967303,2018-10-05 18:08:52,2018,10,5,278,9.10957510609775e-05
67,6.148685630563025e-05,2018-10-06 17:49:43,2018,10,6,279,2.4101530627008582e-05
68,7.508518973657826e-05,2018-10-07 17:30:34,2018,10,7,280,3.196976623310025e-05
69,7.403419350888642e-05,2018-10-08 17:11:27,2018,10,8,281,2.770979599601311e-05
70,8.361599527902218e-05,2018-10-09 16:52:18,2018,10,9,282,3.233607919604126e-05
71,0.00010282026854666594,2018-10-10 16:33:10,2018,10,10,283,3.277208129586846e-05
72,7.804481287685985e-05,2018-10-10 18:14:39,2018,10,10,283,2.8094718179678348e-05
73,8.759596575992909e-05,2018-10-13 17:17:13,2018,10,13,286,3.4221427194895e-05
74,5.7015101813322735e-05,2018-10-14 16:58:05,2018,10,14,287,1.2105346769830947e-05
75,0.00011654958638164739,2018-10-16 18:01:18,2018,10,16,289,6.165736782193554e-05
76,0.00011060327425331652,2018-10-17 17:42:10,2018,10,17,290,4.164356957207885e-05
77,7.092693650283432e-05,2018-10-19 17:03:53,2018,10,19,292,2.5680821454203295e-05
78,7.92778519098647e-06,2018-10-22 17:47:57,2018,10,22,295,0.0
79,5.207287612538366e-05,2018-10-23 17:28:50,2018,10,23,296,1.971030721968536e-05
80,9.293534502024536e-05,2018-10-26 18:12:54,2018,10,26,299,3.994452622652044e-06
81,9.086838050094631e-05,2018-10-27 17:53:47,2018,10,27,300,3.7417397927632154e-05
82,7.097444450217479e-05,2018-10-28 17:34:37,2018,10,28,301,3.0925672112716454e-05
83,0.00019223955664057356,2018-11-01 17:59:36,2018,11,1,305,6.038721946584666e-05
84,0.00011258939986056593,2018-11-03 17:21:21,2018,11,3,307,7.086766196479049e-05
85,5.515511925287435e-05,2018-11-04 17:02:14,2018,11,4,308,2.6738312299906364e-05
86,0.00011902399738740624,2018-11-05 16:43:06,2018,11,5,309,5.841283663263202e-05
87,0.00014442503856970163,2018-11-05 18:24:36,2018,11,5,309,7.274733201140285e-05
88,1.6491132798824538e-05,2018-11-06 16:23:58,2018,11,6,310,5.478173611240673e-06
89,8.80688596689588e-05,2018-11-06 18:05:27,2018,11,6,310,3.61402479625328e-05
90,9.27262127018001e-05,2018-11-07 17:46:21,2018,11,7,311,4.3710806527676676e-05
91,4.6200890910599e-05,2018-11-08 17:27:14,2018,11,8,312,2.6612341591070366e-05
92,8.635862331275592e-05,2018-11-09 17:08:06,2018,11,9,313,4.685389708800691e-05
93,0.00014556729001924396,2018-11-13 17:33:08,2018,11,13,317,0.0
94,4.1715375117547304e-05,2018-11-14 17:14:01,2018,11,14,318,1.3163095890308039e-05
95,8.010608621990176e-05,2018-11-15 16:54:54,2018,11,15,319,2.608901723433918e-05
96,5.8528590382222045e-05,2018-11-16 16:35:48,2018,11,16,320,1.86524730148592e-05
97,2.6852809272744568e-05,2018-11-18 17:39:04,2018,11,18,322,1.1841222523469265e-05
98,5.382879181604776e-05,2018-11-19 17:19:58,2018,11,19,323,2.6040911617332106e-05
99,0.00010185138164231158,2018-11-20 17:00:52,2018,11,20,324,4.725708356489552e-05
100,7.270185984133105e-05,2018-11-21 16:41:46,2018,11,21,325,3.8221050570148545e-05
101,7.02097915543687e-05,2018-11-21 18:23:15,2018,11,21,325,2.4556828087062768e-05
102,4.889451529056245e-05,2018-11-24 17:25:59,2018,11,24,328,1.4841743785745599e-05
103,8.180905075188058e-05,2018-11-25 17:06:54,2018,11,25,329,6.11184532196144e-05
104,6.197062590361425e-05,2018-11-28 17:51:07,2018,11,28,332,2.195672897851875e-05
105,0.00016654990655334064,2018-11-30 17:12:58,2018,11,30,334,7.157723280336743e-05
106,4.4668862749756016e-05,2018-12-02 16:34:47,2018,12,2,336,1.5720771951137272e-05
107,4.086133625334475e-05,2018-12-02 18:16:18,2018,12,2,336,1.4463934200426317e-05
108,6.016858980426031e-05,2018-12-03 17:57:13,2018,12,3,337,1.952229545555736e-05
109,0.0001365031398890565,2018-12-04 17:38:08,2018,12,4,338,6.71739606887304e-05
110,0.0001097057761441211,2018-12-05 17:19:05,2018,12,5,339,6.757151225919717e-05
111,8.313816229299217e-05,2018-12-06 17:00:01,2018,12,6,340,3.4067325357941494e-05
112,0.0002674040495801108,2018-12-07 16:40:57,2018,12,7,341,7.784744212456922e-05
113,0.00024583809288134293,2018-12-07 18:22:27,2018,12,7,341,5.522302801177467e-05
114,2.608056094343606e-05,2018-12-08 16:21:53,2018,12,8,342,1.3847815748626119e-05
115,4.255119119713961e-05,2018-12-08 18:03:23,2018,12,8,342,1.1256776717171224e-05
116,4.6478332156691194e-05,2018-12-12 16:47:09,2018,12,12,346,1.0628349931821776e-05
117,4.984497235087482e-05,2018-12-14 17:50:33,2018,12,14,348,8.45601963663957e-06
118,0.00013688661611677686,2018-12-15 17:31:30,2018,12,15,349,7.243984323096174e-05
119,4.3633482607664376e-05,2018-12-16 17:12:28,2018,12,16,350,1.8615997196116263e-05
120,4.038777415959865e-05,2018-12-18 16:34:23,2018,12,18,352,1.335000146928722e-05
121,8.775865319160868e-05,2018-12-19 17:56:50,2018,12,19,353,4.473019704651641e-05
122,6.321568412301087e-05,2018-12-21 17:18:45,2018,12,21,355,2.289611855644434e-05
123,8.654155946667974e-05,2018-12-22 16:59:44,2018,12,22,356,3.3077763815066163e-05
124,6.810520319918765e-05,2018-12-23 16:40:42,2018,12,23,357,3.615292152746808e-05
125,6.498675599236889e-05,2018-12-23 18:22:12,2018,12,23,357,2.0165435316288175e-05
126,2.5887118422572155e-05,2018-12-24 16:21:40,2018,12,24,358,8.306926872296475e-06
127,6.0079968193024355e-05,2018-12-24 18:03:11,2018,12,24,358,2.2776415728348834e-05
128,4.982816284961375e-05,2018-12-25 17:44:10,2018,12,25,359,1.6743570306875664e-05
129,8.742712166444023e-05,2018-12-26 17:25:08,2018,12,26,360,4.433530961757175e-05
130,3.881528424920471e-05,2018-12-28 16:47:05,2018,12,28,362,1.5974684665267863e-05
131,5.197166109235932e-05,2018-12-29 16:28:05,2018,12,29,363,2.804936255264458e-05
132,6.354950324200243e-05,2018-12-29 18:09:35,2018,12,29,363,2.8995981520373813e-05
133,3.272968198875872e-05,2018-12-30 17:50:34,2018,12,30,364,7.41801675735672e-06
134,4.041502734082664e-05,2018-12-31 17:31:33,2018,12,31,365,1.8164223798927088e-05
135,1.0334739640717722e-05,2019-01-01 17:12:32,2019,1,1,1,2.9183447972884e-06
136,7.181879745304049e-05,2019-01-03 16:34:32,2019,1,3,3,2.611533660228045e-05
137,8.746881721405571e-05,2019-01-03 18:16:02,2019,1,3,3,3.075140282274668e-05
138,0.00011068330628836041,2019-01-04 17:57:03,2019,1,4,4,4.65921461195082e-05
139,4.74002231724108e-05,2019-01-05 17:38:02,2019,1,5,5,1.4963686110261137e-05
140,1.6510581190232188e-05,2019-01-08 16:41:04,2019,1,8,8,2.1983147236762414e-05
141,5.485704227368072e-05,2019-01-08 18:22:34,2019,1,8,8,3.8650469015926185e-05
142,8.132093307191772e-05,2019-01-11 17:25:36,2019,1,11,11,2.0678605354279173e-05
143,4.395305535914373e-05,2019-01-12 17:06:36,2019,1,12,12,1.4881714708422257e-05
144,5.629558445327792e-05,2019-01-14 18:10:09,2019,1,14,14,9.422825072393812e-05
145,0.00016596696227854448,2019-01-16 17:32:11,2019,1,16,16,1.2442641871948561e-05
146,1.199639869629688e-05,2019-01-18 16:54:14,2019,1,18,18,3.451667686991255e-05
147,6.0244143142133076e-05,2019-01-19 16:35:16,2019,1,19,19,2.2126710676529003e-05
148,3.824503436689438e-05,2019-01-19 18:16:46,2019,1,19,19,8.805743981614931e-06
149,3.370632476222439e-05,2019-01-20 17:57:47,2019,1,20,20,2.890590597429285e-05
150,7.226521901204068e-05,2019-01-21 17:38:50,2019,1,21,21,3.596250833603863e-05
151,6.9978694253447e-05,2019-01-22 17:19:52,2019,1,22,22,2.6374626377119056e-05
152,5.92662209155925e-05,2019-01-23 17:00:53,2019,1,23,23,1.9583312309755607e-05
153,4.909569351949182e-05,2019-01-24 16:41:56,2019,1,24,24,1.4558022807503567e-05
154,4.65641364029878e-05,2019-01-24 18:23:26,2019,1,24,24,3.1621704684465966e-05
155,6.690963995127865e-05,2019-01-27 17:26:34,2019,1,27,27,2.4114723169543525e-06
156,3.694069327610828e-05,2019-01-28 17:07:35,2019,1,28,28,1.4711530948947538e-05
157,4.023937569925498e-05,2019-01-29 16:48:38,2019,1,29,29,1.5210578399633685e-05
158,8.13455808547605e-05,2019-01-30 18:11:12,2019,1,30,30,3.96440978245079e-05
159,9.527775154303583e-05,2019-01-31 17:52:15,2019,1,31,31,0.0
160,4.869233333507744e-05,2019-02-02 17:14:20,2019,2,2,33,1.7314188173426193e-05
161,5.1602750622589846e-05,2019-02-03 16:55:23,2019,2,3,34,5.4901675754307154e-05
162,0.00011998663918856762,2019-02-04 16:36:27,2019,2,4,35,4.736208652037127e-05
163,0.0001174414415131379,2019-02-04 18:17:57,2019,2,4,35,2.605331405536738e-05
164,6.751901643030285e-05,2019-02-05 17:59:01,2019,2,5,36,2.0562516532509033e-05
165,5.709433994113458e-05,2019-02-06 17:40:04,2019,2,6,37,4.52903770066774e-05
166,7.933779415043849e-05,2019-02-07 17:21:08,2019,2,7,38,8.112603048913863e-05
167,0.00010329959619102445,2019-02-08 17:02:12,2019,2,8,39,6.02302843924343e-05
168,8.587360378396821e-05,2019-02-09 16:43:14,2019,2,9,40,2.5585033920039093e-05
169,7.589916242961831e-05,2019-02-09 18:24:45,2019,2,9,40,1.753247081283854e-05
170,5.091374331116034e-05,2019-02-10 16:24:19,2019,2,10,41,1.8624435265408267e-05
171,6.0582360940843054e-05,2019-02-10 18:05:49,2019,2,10,41,6.892554829180133e-06
172,5.232628442859777e-05,2019-02-11 17:46:53,2019,2,11,42,2.7427505978829056e-05
173,6.162167639911399e-05,2019-02-12 17:27:57,2019,2,12,43,4.2180641798432344e-05
174,7.021319820737968e-05,2019-02-13 17:09:00,2019,2,13,44,7.793108150315773e-05
175,0.00020451743704398518,2019-02-15 16:31:08,2019,2,15,46,4.941987507773625e-05
176,0.00020357491160244044,2019-02-15 18:12:39,2019,2,15,46,2.5274119198575346e-05
177,6.772507777072953e-05,2019-02-16 17:53:43,2019,2,16,47,2.204827742050338e-05
178,4.812453080588024e-05,2019-02-17 17:34:47,2019,2,17,48,4.359822738867097e-05
179,7.862917398604986e-05,2019-02-18 17:15:51,2019,2,18,49,2.7402216014147694e-05
180,9.472376219659353e-05,2019-02-19 16:56:55,2019,2,19,50,2.533054575745217e-05
181,5.63240708186818e-05,2019-02-20 16:38:00,2019,2,20,51,2.6337249847675466e-05
182,8.196169878833226e-05,2019-02-20 18:19:30,2019,2,20,51,7.53022325460237e-05
183,0.00014871105020673926,2019-02-21 18:00:34,2019,2,21,52,0.00010701636209395799
184,0.0002631929890212728,2019-02-22 17:41:39,2019,2,22,53,0.0
185,2.708576175791677e-05,2019-02-24 17:03:48,2019,2,24,55,2.0593273652714422e-05
186,7.632988476784268e-05,2019-02-26 16:25:57,2019,2,26,57,2.4234285594468402e-05
187,6.252724002621102e-05,2019-02-26 18:07:27,2019,2,26,57,3.517712324458225e-05
188,8.796758315958404e-05,2019-02-27 17:48:32,2019,2,27,58,0.00010320724557891833
189,0.00027452193760214415,2019-02-28 17:29:36,2019,2,28,59,3.131785875726189e-05
190,6.754574888934032e-05,2019-03-01 17:10:41,2019,3,1,60,2.5726845386500062e-05
191,7.467274433446699e-05,2019-03-02 16:51:46,2019,3,2,61,1.1379781526076878e-05
192,2.2383963829637882e-05,2019-03-03 16:32:51,2019,3,3,62,1.1234687791030043e-05
193,3.7245605219737316e-05,2019-03-03 18:14:21,2019,3,3,62,3.541345022106891e-05
194,6.371297685858075e-05,2019-03-05 17:36:31,2019,3,5,64,4.9720253427561615e-05
195,0.0001036897886802825,2019-03-06 17:17:35,2019,3,6,65,7.469249591256401e-05
196,0.00011414054068524313,2019-03-07 16:58:40,2019,3,7,66,1.801902270818179e-05
197,5.271127300518494e-05,2019-03-08 16:39:45,2019,3,8,67,1.253536970979392e-05
198,4.368712515673795e-05,2019-03-08 18:21:15,2019,3,8,67,1.4313550602030464e-05
199,5.453161452707507e-05,2019-03-09 18:02:20,2019,3,9,68,2.190087387598672e-05
200,5.183233628281873e-05,2019-03-10 17:43:25,2019,3,10,69,1.649889143132332e-05
201,3.5077055748597805e-05,2019-03-11 17:24:30,2019,3,11,70,4.740567461441719e-06
202,3.942649562376848e-05,2019-03-13 18:28:11,2019,3,13,72,2.9426629079202652e-05
203,6.324517030095794e-05,2019-03-14 16:27:46,2019,3,14,73,5.2898323991066486e-05
204,0.00010496111574325211,2019-03-14 18:09:16,2019,3,14,73,2.8190524270926554e-05
205,6.541525954023163e-05,2019-03-17 17:12:31,2019,3,17,76,2.6052461569272658e-05
206,7.76901890386366e-05,2019-03-18 16:53:36,2019,3,18,77,2.11616989385241e-05
207,5.274150003196893e-05,2019-03-20 17:57:16,2019,3,20,79,0.00010130684392868546
208,0.0004141539176857607,2019-03-21 17:38:21,2019,3,21,80,8.012713532977266e-05
209,0.00019142398781721672,2019-03-22 17:19:26,2019,3,22,81,3.6137309370892575e-05
210,5.757260753316414e-05,2019-03-23 17:00:31,2019,3,23,82,8.7038774502026e-06
211,5.562434363021202e-05,2019-03-24 16:41:36,2019,3,24,83,2.02602815920159e-05
212,0.00011491367129201646,2019-03-25 18:04:11,2019,3,25,84,2.1145322306223404e-13
213,1.8681599613046274e-05,2019-03-26 17:45:16,2019,3,26,85,2.0119067467661064e-05
214,5.770370127607019e-05,2019-03-27 17:26:21,2019,3,27,86,3.579592386950995e-05
215,7.626640251802269e-05,2019-03-28 17:07:25,2019,3,28,87,3.0409415292837523e-05
216,7.373557509805491e-05,2019-03-29 16:48:30,2019,3,29,88,3.120662156460186e-05
217,7.672656658115964e-05,2019-03-29 18:30:01,2019,3,29,88,1.0371841685441987e-05
218,6.17164668994589e-05,2019-03-30 16:29:36,2019,3,30,89,8.493676128094475e-05
219,0.00014319916342602737,2019-03-30 18:11:06,2019,3,30,89,2.137091323347253e-05
220,5.376898315586602e-05,2019-03-31 17:52:11,2019,3,31,90,6.175073138987816e-05
221,0.00010107438661627178,2019-04-03 16:55:25,2019,4,3,93,3.115599154286616e-05
222,9.141713332049674e-05,2019-04-05 17:59:05,2019,4,5,95,5.3682535763602176e-05
223,0.0001676234276956819,2019-04-06 17:40:10,2019,4,6,96,3.5527307375136574e-05
224,9.949267981591282e-05,2019-04-07 17:21:14,2019,4,7,97,0.00019474580687112457
225,0.0003624950564434413,2019-04-08 17:02:19,2019,4,8,98,3.290478585659453e-05
226,5.641391042464301e-05,2019-04-09 16:43:24,2019,4,9,99,2.8588595741305128e-05
227,6.301929659776713e-05,2019-04-09 18:24:53,2019,4,9,99,8.42951675430494e-05
228,0.00015504588185698395,2019-04-10 18:05:59,2019,4,10,100,3.389429003149052e-05
229,6.580983138555748e-05,2019-04-11 17:47:02,2019,4,11,101,0.0001180679849695692
230,0.0001921275768579026,2019-04-12 17:28:07,2019,4,12,102,4.152166135284814e-05
231,8.328465063093899e-05,2019-04-13 17:09:11,2019,4,13,103,2.1819322173459503e-05
232,7.527545079769636e-05,2019-04-14 16:50:16,2019,4,14,104,2.0822526546543066e-05
233,6.2755089384596e-05,2019-04-14 18:31:46,2019,4,14,104,4.652383452202374e-05
234,9.755360931960759e-05,2019-04-16 17:53:55,2019,4,16,106,3.637904787544292e-05
235,8.612400475350662e-05,2019-04-17 17:34:58,2019,4,17,107,2.1835659622508084e-05
236,0.0001696760145209501,2019-04-18 17:16:02,2019,4,18,108,1.6978359513418295e-05
237,8.953034608453396e-05,2019-04-19 16:57:07,2019,4,19,109,2.2703743285144557e-05
238,6.0735598676528775e-05,2019-04-20 16:38:10,2019,4,20,110,2.7341097733949668e-05
239,8.426566564560204e-05,2019-04-20 18:19:41,2019,4,20,110,3.7465497186212585e-05
240,0.00012114418845063784,2019-04-21 18:00:45,2019,4,21,111,6.675830624965992e-05
241,0.00017116928597826737,2019-04-22 17:41:47,2019,4,22,112,0.00010178131180067636
242,0.0002272774447029839,2019-04-23 17:22:52,2019,4,23,113,1.742410044735054e-05
243,6.0443548849400915e-05,2019-04-27 17:48:36,2019,4,27,117,2.51791032047745e-05
244,7.503548275583725e-05,2019-04-28 17:29:39,2019,4,28,118,7.71110362755126e-06
245,3.2305448860878685e-05,2019-04-29 17:10:42,2019,4,29,119,2.4505027605940713e-05
246,2.007437067720736e-05,2019-05-01 16:32:48,2019,5,1,121,3.804661059043251e-05
247,6.880518538218022e-05,2019-05-01 18:14:19,2019,5,1,121,1.8127475795662612e-05
248,9.467225570406284e-05,2019-05-03 17:36:24,2019,5,3,123,4.476805431736887e-05
249,5.7925960291109555e-05,2019-05-04 17:17:28,2019,5,4,124,4.706135099712842e-05
250,0.00012380446317706531,2019-05-06 16:39:33,2019,5,6,126,4.209841915286898e-05
251,0.000149327404886006,2019-05-06 18:21:04,2019,5,6,126,5.3075679990470584e-05
252,7.512279964197543e-05,2019-05-07 18:02:06,2019,5,7,127,1.617929132507254e-05
253,9.910592827730886e-05,2019-05-08 17:43:09,2019,5,8,128,2.3988508057708786e-05
254,4.5139562765025474e-05,2019-05-10 17:05:12,2019,5,10,130,2.7389776893493197e-05
255,9.610292213498837e-05,2019-05-11 16:46:15,2019,5,11,131,2.6066518102644585e-05
256,9.382969646377268e-05,2019-05-11 18:27:45,2019,5,11,131,5.178242742232122e-05
257,0.00010258528561759833,2019-05-12 18:08:47,2019,5,12,132,5.979025570713682e-05
258,0.00013227895591326678,2019-05-13 17:49:49,2019,5,13,133,3.580971468147303e-05
259,0.00011279021593985508,2019-05-14 17:30:51,2019,5,14,134,2.3588832127865408e-05
260,6.027591839554532e-05,2019-05-15 17:11:52,2019,5,15,135,2.4845872895005965e-05
261,6.001291953993819e-05,2019-05-16 16:52:53,2019,5,16,136,2.7311526728248627e-05
262,7.367871667522071e-05,2019-05-16 18:34:23,2019,5,16,136,4.4890623856339674e-05
263,8.34131295827053e-05,2019-05-17 18:15:25,2019,5,17,137,1.9976902732048757e-05
264,0.00010940206331992975,2019-05-18 17:56:26,2019,5,18,138,8.670536377326674e-06
265,5.4101790130803636e-05,2019-05-19 17:37:27,2019,5,19,139,1.813554081309121e-05
266,5.975537247691372e-05,2019-05-22 16:40:31,2019,5,22,142,6.810241492801445e-05
267,6.345952525143442e-05,2019-05-22 18:22:02,2019,5,22,142,5.3707864615011496e-05
268,0.00023773389566104238,2019-05-23 18:03:02,2019,5,23,143,4.668820277124965e-05
269,0.00019022132888294474,2019-05-24 17:44:02,2019,5,24,144,5.656791237485577e-05
270,0.00021388289071355468,2019-05-28 18:09:34,2019,5,28,148,3.279249111166069e-05
271,0.0001038017661524019,2019-05-31 17:12:35,2019,5,31,151,2.1757143947627308e-05
272,7.897009484519146e-05,2019-06-01 16:53:34,2019,6,1,152,5.8490377887233716e-05
273,0.00014321262093337257,2019-06-01 18:35:04,2019,6,1,152,7.264803065839652e-05
274,0.00013411275769420721,2019-06-02 18:16:03,2019,6,2,153,3.93699779403174e-05
275,0.00022394630153359373,2019-06-03 17:57:02,2019,6,3,154,3.1840200603092636e-05
276,7.497821797791507e-05,2019-06-04 17:38:03,2019,6,4,155,3.061017726452107e-05
277,0.00011480299726317784,2019-06-07 16:41:00,2019,6,7,158,3.818742851868343e-05
278,9.727500693285554e-05,2019-06-07 18:22:30,2019,6,7,158,2.2242655677381596e-05
279,0.00011470285224922123,2019-06-08 18:03:28,2019,6,8,159,2.3220435157327074e-05
280,5.798227713870731e-05,2019-06-09 17:44:27,2019,6,9,160,7.719220077336733e-05
281,7.83479220060668e-05,2019-06-19 17:57:08,2019,6,19,170,0.00012184995044757182
282,0.00014500213832306167,2019-06-20 17:38:06,2019,6,20,171,1.444852177072546e-05
283,0.0003370262428515959,2019-06-22 17:00:00,2019,6,22,173,4.016187470369057e-05
284,5.676430782262934e-05,2019-06-25 17:44:22,2019,6,25,176,4.099830328623555e-05
285,0.00011336024156143496,2019-06-27 17:06:16,2019,6,27,178,1.9945278135140004e-05
286,0.00013547687481798044,2019-07-01 17:31:30,2019,7,1,182,2.015792551276755e-05
287,6.713569049792513e-05,2019-07-03 16:53:22,2019,7,3,184,3.649079231673736e-05
288,6.267404605328294e-05,2019-07-03 18:34:53,2019,7,3,184,4.5040206821475706e-05
289,0.00010080674400129176,2019-07-04 18:15:48,2019,7,4,185,6.518865352483581e-05
290,8.634794433509706e-05,2019-07-05 17:56:43,2019,7,5,186,7.725467033780165e-05
291,0.0002436359656900827,2019-07-06 17:37:39,2019,7,6,187,5.984030406061669e-05
292,0.00013392722182505382,2019-07-07 17:18:35,2019,7,7,188,6.979644509511652e-05
293,0.0001555472327641135,2019-07-08 16:59:31,2019,7,8,189,3.7905618351515035e-05
294,0.00016816839759624397,2019-07-09 18:21:56,2019,7,9,190,7.080650350210855e-05
295,9.960225158913082e-05,2019-07-12 17:24:43,2019,7,12,193,1.480368291124113e-05
296,0.00021113400039815265,2019-07-13 17:05:39,2019,7,13,194,0.00016476563263363568
297,0.00011214024707008884,2019-07-14 16:46:36,2019,7,14,195,3.7996737290085924e-05
298,0.00020590779019927618,2019-07-14 18:28:06,2019,7,14,195,4.691163588730605e-05
299,0.00012134362549393983,2019-07-15 18:09:02,2019,7,15,196,5.435051299310856e-05
300,9.949294681199236e-05,2019-07-16 17:49:57,2019,7,16,197,0.00011205502607373002
301,0.00010298995655960658,2019-07-17 17:30:53,2019,7,17,198,8.362327897580972e-05
302,0.00020488147110362813,2019-07-19 16:52:44,2019,7,19,200,0.0
303,0.00024403042740533718,2019-07-19 18:34:13,2019,7,19,200,0.0001371504371109664
304,0.0002766492834780365,2019-07-24 16:58:49,2019,7,24,205,6.380694348004104e-06
305,0.0003748235439795342,2019-07-27 17:43:03,2019,7,27,208,7.573053078246078e-05
306,1.0693144061193712e-05,2019-07-28 17:23:59,2019,7,28,209,7.001499430690811e-05
307,0.0003327893774955446,2019-07-30 16:45:47,2019,7,30,211,2.943761892113858e-05
308,0.000248178823543926,2019-07-30 18:27:18,2019,7,30,211,2.1991672760118204e-05
309,0.00010176037345599801,2019-07-31 18:08:12,2019,7,31,212,2.4119492884750687e-05
310,6.203561257773726e-05,2019-08-01 17:49:07,2019,8,1,213,4.24226560315376e-05
311,6.9310603929668e-05,2019-08-02 17:30:00,2019,8,2,214,2.3108736007411196e-05
312,0.00012932931632330156,2019-08-03 17:10:55,2019,8,3,215,2.212510272077073e-05
313,4.9554878733878536e-05,2019-08-04 16:51:48,2019,8,4,216,3.535333528309523e-05
314,5.924126429780381e-05,2019-08-04 18:33:19,2019,8,4,216,3.8190203686895345e-05
315,8.131812321613078e-05,2019-08-05 18:14:13,2019,8,5,217,0.0
316,0.00010719082213080279,2019-08-06 17:55:06,2019,8,6,218,2.9234757677012688e-05
317,3.392179496586323e-05,2019-08-08 17:16:54,2019,8,8,220,2.4167195949396802e-05
318,0.00010714868187712915,2019-08-10 16:38:41,2019,8,10,222,4.026953609673703e-05
319,8.164310134890486e-05,2019-08-10 18:20:11,2019,8,10,222,3.261844691349372e-05
320,0.00010262449547635408,2019-08-11 18:01:05,2019,8,11,223,3.479896782318608e-05
321,7.55393156970206e-05,2019-08-13 17:22:52,2019,8,13,225,7.387515932114759e-05
322,7.566995039410055e-05,2019-08-14 17:03:45,2019,8,14,226,0.0001482497042350414
323,0.00020759310347634948,2019-08-15 16:44:40,2019,8,15,227,2.2648655712459313e-05
324,0.00034383690973321506,2019-08-16 18:07:02,2019,8,16,228,1.7187834283014454e-13
325,6.347163361201213e-05,2019-08-17 17:47:56,2019,8,17,229,9.963710531125327e-05
326,1.2351929399301296e-05,2019-08-18 17:28:49,2019,8,18,230,6.873521065067896e-05
327,0.00021722610271340568,2019-08-19 17:09:41,2019,8,19,231,7.87367146906648e-05
328,0.00017751995408053244,2019-08-20 16:50:35,2019,8,20,232,4.4439274618810296e-05
329,0.0002359656037857592,2019-08-20 18:32:04,2019,8,20,232,0.0001918395004067464
330,0.00011778920927907533,2019-08-21 18:12:58,2019,8,21,233,8.175198660111868e-05
331,0.00041123305462221403,2019-08-22 17:53:50,2019,8,22,234,2.8503137125682494e-05
332,0.00017407010989438072,2019-08-23 17:34:44,2019,8,23,235,4.3272631742847937e-05
333,7.082843692410712e-05,2019-08-24 17:15:36,2019,8,24,236,0.0
334,8.815073481496041e-05,2019-08-27 17:59:44,2019,8,27,239,4.5971060257797915e-05
335,0.00011296109005343169,2019-08-29 17:21:29,2019,8,29,241,5.3174555257003316e-05
336,0.0002101825246772247,2019-08-31 16:43:15,2019,8,31,243,1.4700616438199717e-05
337,0.00011883169945260677,2019-08-31 18:24:44,2019,8,31,243,2.3116585530918094e-05
338,4.6803693357601855e-05,2019-09-01 18:05:37,2019,9,1,244,3.244403456797322e-05
339,7.491244269655176e-05,2019-09-02 17:46:29,2019,9,2,245,5.097036262403707e-05
340,8.65413187553157e-05,2019-09-03 17:27:22,2019,9,3,246,1.5295006556485398e-05
341,0.00012087243687287694,2019-09-04 17:08:14,2019,9,4,247,2.4661265955776228e-05
342,4.444459613089486e-05,2019-09-05 16:49:06,2019,9,5,248,3.560108368456331e-05
343,6.506910812224518e-05,2019-09-05 18:30:35,2019,9,5,248,6.594092476846582e-05
344,0.00011545848382043339,2019-09-08 17:33:12,2019,9,8,251,0.00018726595196777278
345,0.00013919069356995117,2019-09-12 17:58:10,2019,9,12,255,3.159897176344653e-05
346,0.0004040954686890096,2019-09-13 17:39:02,2019,9,13,256,3.993425504477351e-05
347,7.028406094606831e-05,2019-09-14 17:19:54,2019,9,14,257,3.7881374516494896e-05
348,0.00013241103980834017,2019-09-15 17:00:45,2019,9,15,258,2.190727475951604e-05
349,0.00012086895343248793,2019-09-16 16:41:37,2019,9,16,259,1.9971170284464876e-05
350,0.00011877028996855346,2019-09-16 18:23:07,2019,9,16,259,0.00012263271934635287
351,8.294092695023277e-05,2019-09-17 18:03:58,2019,9,17,260,2.258757041630622e-05
352,0.0002393885104759876,2019-09-18 17:44:51,2019,9,18,261,2.3361172924758116e-05
353,0.0001438116345672499,2019-09-19 17:25:42,2019,9,19,262,1.1505317887350441e-05
354,8.453244194851485e-05,2019-09-20 17:06:34,2019,9,20,263,1.0301999732483625e-05
355,6.259392803209793e-05,2019-09-21 16:47:26,2019,9,21,264,1.2675534524652774e-05
356,5.184482572728324e-05,2019-09-21 18:28:55,2019,9,21,264,0.0
357,4.529203246833468e-05,2019-09-22 18:09:47,2019,9,22,265,0.00015143801111265062
358,0.00016537077317479998,2019-09-23 17:50:39,2019,9,23,266,5.2700480193641374e-05
359,0.0003635183333071344,2019-09-24 17:31:30,2019,9,24,267,6.771311561247616e-05
360,0.00014655486251515012,2019-09-25 17:12:21,2019,9,25,268,0.0
361,0.00013824878864054528,2019-09-26 16:53:13,2019,9,26,269,3.522436131879271e-05
362,8.461595280095935e-05,2019-09-27 16:34:04,2019,9,27,270,1.9989440472419767e-05
363,0.00011479080738745883,2019-09-27 18:15:33,2019,9,27,270,1.2123871455438525e-05
364,5.376445728358016e-05,2019-09-28 17:56:25,2019,9,28,271,1.1307733694750678e-05
365,4.293575864260354e-05,2019-09-29 17:37:17,2019,9,29,272,2.7290272087953982e-05
366,7.05877555682502e-05,2019-09-30 17:18:09,2019,9,30,273,1.852992111294643e-05
367,6.80432639242966e-05,2019-10-05 17:23:56,2019,10,5,278,2.617566924014233e-05
368,5.512081301882124e-05,2019-10-06 17:04:48,2019,10,6,279,4.566092920263045e-05
369,0.00010636884983595615,2019-10-07 16:45:40,2019,10,7,280,3.2031150882460984e-05
370,0.00011044912570460556,2019-10-07 18:27:10,2019,10,7,280,4.924669556855847e-05
371,8.354339672044485e-05,2019-10-08 18:08:01,2019,10,8,281,2.3559605693671938e-05
372,0.00014794280709799345,2019-10-09 17:48:52,2019,10,9,282,1.186231577515289e-05
373,6.344203199527818e-05,2019-10-11 17:10:36,2019,10,11,284,1.877068217437895e-05
374,3.547494039761671e-05,2019-10-13 18:13:48,2019,10,13,286,1.6855956364712413e-05
375,6.779298225592519e-05,2019-10-18 16:38:07,2019,10,18,291,7.52341793864061e-05
376,5.9729659556396623e-05,2019-10-18 18:19:36,2019,10,18,291,4.700337673718965e-05
377,0.00018711508035644563,2019-10-19 18:00:28,2019,10,19,292,2.3572870512199746e-05
378,0.0001845801105772519,2019-10-21 17:22:11,2019,10,21,294,1.9260628652297796e-05
379,6.543667931825695e-05,2019-10-22 17:03:04,2019,10,22,295,2.0146406618342946e-05
380,7.269789588416183e-05,2019-10-23 16:43:56,2019,10,23,296,2.3949973813913236e-05
381,5.4910127088691e-05,2019-10-23 18:25:26,2019,10,23,296,2.6631493790664458e-05
382,7.465196716348397e-05,2019-10-24 18:06:17,2019,10,24,297,1.714265845068128e-05
383,8.650260841746873e-05,2019-10-25 17:47:10,2019,10,25,298,1.6450947188836198e-05
384,4.330122648443613e-05,2019-10-26 17:28:01,2019,10,26,299,2.533213085279974e-05
385,4.561483335014114e-05,2019-10-29 16:30:37,2019,10,29,302,2.5477692657085077e-05
386,7.398303047414682e-05,2019-10-29 18:12:07,2019,10,29,302,2.1597205284676773e-05
387,1.8770897440845147e-05,2019-10-30 17:53:00,2019,10,30,303,2.057284220684612e-05
388,6.525082883134241e-05,2019-10-31 17:33:52,2019,10,31,304,1.6860863379033026e-05
389,6.073905010722417e-05,2019-11-02 16:55:37,2019,11,2,306,8.023536685953499e-05
390,5.548802582803082e-05,2019-11-03 16:36:29,2019,11,3,307,2.6264913329716996e-05
391,5.7679712550574854e-05,2019-11-03 18:17:59,2019,11,3,307,3.8540840461081854e-05
392,0.00017536315777387263,2019-11-05 17:39:44,2019,11,5,309,2.0080717671445083e-05
393,6.661194897051547e-05,2019-11-06 17:20:37,2019,11,6,310,2.6772762196095258e-05
394,9.679120810825813e-05,2019-11-07 17:01:30,2019,11,7,311,1.7174476839894984e-05
395,5.096376773909646e-05,2019-11-08 16:42:22,2019,11,8,312,1.3152932766723099e-05
396,6.344020018699326e-05,2019-11-08 18:23:52,2019,11,8,312,6.829118262745165e-05
397,4.8987031281627744e-05,2019-11-09 18:04:45,2019,11,9,313,3.977658579701953e-05
398,3.4074334159157145e-05,2019-11-10 17:45:38,2019,11,10,314,1.4703391426633364e-05
399,0.00012265669980010535,2019-11-12 17:07:24,2019,11,12,316,1.5538319592253926e-05
400,0.00011161263538354855,2019-11-13 16:48:18,2019,11,13,317,7.617910593412874e-05
401,5.4010834959520957e-05,2019-11-14 16:29:12,2019,11,14,318,2.342985465503511e-05
402,5.1497826115334986e-05,2019-11-14 18:10:41,2019,11,14,318,1.5537572910288523e-05
403,0.0001423530544940989,2019-11-15 17:51:34,2019,11,15,319,4.066963955357743e-05
404,4.590590151209413e-05,2019-11-17 17:13:22,2019,11,17,321,5.068814543236354e-05
405,5.545241688765893e-05,2019-11-18 16:54:15,2019,11,18,322,5.434172848413441e-05
406,9.097506313379545e-05,2019-11-19 16:35:09,2019,11,19,323,4.94290099863832e-05
407,0.00013242858665039122,2019-11-19 18:16:39,2019,11,19,323,1.2108408855886874e-05
408,0.0001387607385815726,2019-11-20 17:57:33,2019,11,20,324,1.656529725956793e-05
409,0.0001067168205514907,2019-11-21 17:38:28,2019,11,21,325,1.1760587856890019e-05
410,4.105149407603526e-05,2019-11-22 17:19:22,2019,11,22,326,9.417750160275652e-06
411,3.901303980324781e-05,2019-11-23 17:00:16,2019,11,23,327,2.505288034166062e-05
412,2.9754761019190668e-05,2019-11-24 16:41:11,2019,11,24,328,4.937915405230721e-05
413,2.9443550017242003e-05,2019-11-24 18:22:40,2019,11,24,328,2.4371342087827657e-05
414,6.416082313569477e-05,2019-11-27 17:25:25,2019,11,27,331,1.4079230744681148e-05
415,9.421943189108888e-05,2019-11-28 17:06:20,2019,11,28,332,1.2959925964813014e-05
416,8.769705595831358e-05,2019-11-29 16:47:15,2019,11,29,333,1.1971592542055493e-05
417,3.249495969802309e-05,2019-11-30 16:28:10,2019,11,30,334,7.31368135336691e-05
418,3.2761023261412626e-05,2019-11-30 18:09:40,2019,11,30,334,2.2389562740701143e-05
419,3.842096553855122e-05,2019-12-01 17:50:36,2019,12,1,335,1.7353707664154873e-05
420,0.00012684160651173576,2019-12-02 17:31:31,2019,12,2,336,4.5430510562242085e-05
421,7.394134988935847e-05,2019-12-05 16:34:18,2019,12,5,339,0.0
422,5.9743342590060596e-05,2019-12-05 18:15:48,2019,12,5,339,2.2564129202000362e-05
423,0.00010205765324190156,2019-12-06 17:56:44,2019,12,6,340,4.567484236264037e-05
424,6.213963206391782e-05,2019-12-07 17:37:40,2019,12,7,341,2.082889673882022e-05
425,5.4209141581442556e-05,2019-12-08 17:18:37,2019,12,8,342,2.0392221295175568e-05
426,0.00012219337164667092,2019-12-09 16:59:33,2019,12,9,343,2.56909550574108e-05
427,8.985855898034098e-05,2019-12-10 16:40:30,2019,12,10,344,1.571291924504065e-05
428,8.762766014493284e-05,2019-12-10 18:21:59,2019,12,10,344,8.794926118110416e-05
429,8.43043512487718e-05,2019-12-11 18:02:57,2019,12,11,345,3.7579822119166974e-05
430,4.766789064206804e-05,2019-12-12 17:43:53,2019,12,12,346,8.283309680710298e-05
431,0.00014699445644098728,2019-12-13 17:24:51,2019,12,13,347,0.0
432,6.951380149826799e-05,2019-12-14 17:05:47,2019,12,14,348,7.480975798302309e-05
433,0.0001438612401765933,2019-12-16 16:27:42,2019,12,16,350,3.380782513903203e-05
434,3.623657654349998e-05,2019-12-16 18:09:12,2019,12,16,350,9.261711791264091e-05
435,0.00013504246124398402,2019-12-17 17:50:10,2019,12,17,351,3.547019965015833e-06
436,6.931619155140421e-05,2019-12-18 17:31:07,2019,12,18,352,1.162806690424389e-05
437,0.00013372454555532538,2019-12-19 17:12:05,2019,12,19,353,6.16175036891418e-05
438,2.4400528336599226e-05,2019-12-21 18:15:31,2019,12,21,355,2.1793322459468672e-05
439,3.157159655052996e-05,2019-12-22 17:56:30,2019,12,22,356,1.6589933709988277e-05
440,0.0001377735571002764,2019-12-23 17:37:28,2019,12,23,357,1.8341499227303044e-05
441,5.330898796131727e-05,2019-12-24 17:18:27,2019,12,24,358,3.3072870378839115e-05
442,6.432952666834686e-05,2019-12-26 18:21:54,2019,12,26,360,6.424261450421285e-05
443,4.9619669318719874e-05,2019-12-27 16:21:23,2019,12,27,361,1.5170273820249776e-05
444,7.790103579833646e-05,2019-12-27 18:02:53,2019,12,27,361,2.688803122837874e-05
445,0.00014448226931940917,2019-12-29 17:24:52,2019,12,29,363,2.9917817038624645e-05
446,4.4935608235840514e-05,2020-01-02 17:50:20,2020,1,2,2,0.0
447,7.039428232971884e-05,2020-01-03 17:31:21,2020,1,3,3,7.659244182231844e-06
448,5.926337090741396e-05,2020-01-04 17:12:20,2020,1,4,4,1.7439089804670333e-05
449,3.414791353861801e-05,2020-01-05 16:53:20,2020,1,5,5,2.925538745315687e-05
450,4.1167612352691775e-05,2020-01-06 18:15:50,2020,1,6,6,6.112705320734344e-05
451,5.9333866647545485e-05,2020-01-07 17:56:52,2020,1,7,7,5.625257848785528e-07
452,5.7287420296622655e-05,2020-01-08 17:37:52,2020,1,8,8,8.304345907608682e-05
453,0.00013359210980517112,2020-01-09 17:18:52,2020,1,9,9,3.1109961447093946e-05
454,6.190732090348114e-05,2020-01-10 16:59:54,2020,1,10,10,0.0
455,0.00014629958046910463,2020-01-11 16:40:54,2020,1,11,11,4.151243556190811e-05
456,8.873098063091215e-05,2020-01-11 18:22:24,2020,1,11,11,2.622380576603605e-05
457,4.8845999725414984e-05,2020-01-12 16:21:56,2020,1,12,12,2.2680492432133e-05
458,7.312638254653274e-05,2020-01-12 18:03:26,2020,1,12,12,0.0
459,5.480672489411058e-05,2020-01-13 17:44:27,2020,1,13,13,3.651255601113054e-05
460,6.963287930967229e-05,2020-01-14 17:25:28,2020,1,14,14,3.608315388276896e-05
461,8.703503207467619e-05,2020-01-15 17:06:30,2020,1,15,15,2.7246327255304042e-05
462,0.00012062476471923802,2020-01-16 16:47:32,2020,1,16,16,2.006600193528218e-05
463,6.763855640316344e-05,2020-01-17 16:28:33,2020,1,17,17,2.009538266226098e-05
464,6.607763562337457e-05,2020-01-17 18:10:02,2020,1,17,17,3.965722741304699e-05
465,5.445877596535564e-05,2020-01-18 17:51:05,2020,1,18,18,1.5217912498801094e-05
466,4.543626785684786e-05,2020-01-19 17:32:07,2020,1,19,19,1.9251245179932613e-05
467,7.512447817756633e-05,2020-01-20 17:13:09,2020,1,20,20,2.5307829895396422e-05
468,5.2001318415121986e-05,2020-01-22 16:35:12,2020,1,22,22,3.219101171504854e-05
469,5.672506265810117e-05,2020-01-22 18:16:43,2020,1,22,22,2.5288224681026875e-05
470,5.513084313371105e-05,2020-01-23 17:57:45,2020,1,23,23,1.9663532033468965e-05
471,7.918046691264025e-05,2020-01-24 17:38:48,2020,1,24,24,2.642817172317694e-05
472,7.326968641210736e-05,2020-01-25 17:19:50,2020,1,25,25,3.1102790805298816e-05
473,6.77328946148025e-05,2020-01-26 17:00:53,2020,1,26,26,2.0366094294282294e-05
474,6.334987554350358e-05,2020-01-27 16:41:56,2020,1,27,27,2.3375714712279535e-05
475,7.496087719959511e-05,2020-01-27 18:23:26,2020,1,27,27,2.5986477694464932e-05
476,3.417650959328873e-05,2020-01-28 16:22:58,2020,1,28,28,0.00010368999161035132
477,6.19135862177967e-05,2020-01-28 18:04:29,2020,1,28,28,4.6917414817209294e-05
478,7.238328424506454e-05,2020-01-30 17:26:34,2020,1,30,30,1.4924321422954695e-05
479,0.0001777822998387348,2020-01-31 17:07:38,2020,1,31,31,1.822032349566317e-05
480,6.159214510973902e-05,2020-02-01 16:48:41,2020,2,1,32,2.880883938924537e-05
481,4.227608340865032e-05,2020-02-02 16:29:44,2020,2,2,33,3.6303991188636886e-05
482,5.35053758441613e-05,2020-02-02 18:11:13,2020,2,2,33,0.0
483,6.213932543683916e-05,2020-02-03 17:52:18,2020,2,3,34,1.68657767880862e-05
484,6.911440450407374e-05,2020-02-04 17:33:21,2020,2,4,35,1.6526083483483182e-05
485,3.197971911172581e-05,2020-02-06 16:55:28,2020,2,6,37,6.201123497439606e-05
486,5.6056060803928915e-05,2020-02-08 17:59:06,2020,2,8,39,3.0480687820842813e-05
487,4.2418015611569044e-05,2020-02-09 17:40:10,2020,2,9,40,1.9066725335160817e-05
488,9.738902398494496e-05,2020-02-10 17:21:13,2020,2,10,41,1.7006580984691918e-05
489,6.606819777249402e-05,2020-02-11 17:02:17,2020,2,11,42,2.1428325886703737e-05
490,4.898559937257767e-05,2020-02-12 16:43:22,2020,2,12,43,2.1047974950031877e-05
491,4.497232919413138e-05,2020-02-12 18:24:52,2020,2,12,43,3.859493765426929e-05
492,4.5653648498034045e-05,2020-02-13 16:24:25,2020,2,13,44,3.056432922854992e-05
493,6.911375317767718e-05,2020-02-13 18:05:56,2020,2,13,44,1.8551244907267933e-05
494,9.919884217358342e-05,2020-02-14 17:47:00,2020,2,14,45,1.0848433718521588e-05
495,7.808510876043881e-05,2020-02-15 17:28:04,2020,2,15,46,1.2521397494044965e-05
496,0.00010493779816001497,2020-02-16 17:09:09,2020,2,16,47,2.5424615432579877e-05
497,5.021469718998528e-05,2020-02-18 16:31:17,2020,2,18,49,1.6343986362165023e-05
498,5.172224449717639e-05,2020-02-18 18:12:48,2020,2,18,49,1.6752704709818103e-05
499,7.412884867225574e-05,2020-02-19 17:53:52,2020,2,19,50,3.569177598757839e-05
500,5.205062416761873e-05,2020-02-20 17:34:56,2020,2,20,51,1.1513776109477552e-05
501,4.061019056058025e-05,2020-02-21 17:16:01,2020,2,21,52,6.157131479959807e-06
502,0.00011557568037360306,2020-02-22 16:57:06,2020,2,22,53,1.479372030139717e-05
503,3.0337229630690518e-05,2020-02-23 16:38:11,2020,2,23,54,3.9003817551104674e-05
504,3.971850374888085e-05,2020-02-23 18:19:41,2020,2,23,54,7.917119039072184e-05
505,3.66604706395667e-05,2020-02-24 18:00:45,2020,2,24,55,0.00010427602288860009
506,7.162637112161896e-05,2020-02-25 17:41:49,2020,2,25,56,0.00010750132105336498
507,0.00014521451957590317,2020-02-26 17:22:55,2020,2,26,57,7.623633193796632e-05
508,0.00015504786569738583,2020-02-27 17:04:00,2020,2,27,58,3.5439106096118725e-05
509,0.000278589115898151,2020-02-28 16:45:04,2020,2,28,59,4.248518844974343e-05
510,0.0001904876881619603,2020-02-28 18:26:35,2020,2,28,59,4.1770713112876205e-05
511,6.950498716370757e-05,2020-02-29 16:26:09,2020,2,29,60,6.623119902847546e-05
512,0.00011305542902494625,2020-02-29 18:07:39,2020,2,29,60,6.338705542652469e-05
513,8.534703911457818e-05,2020-03-01 17:48:45,2020,3,1,61,0.00015770892116975192
514,0.00012574060145937208,2020-03-02 17:29:50,2020,3,2,62,4.090022871274111e-05
515,0.00011404257986474307,2020-03-03 17:10:55,2020,3,3,63,2.973704286494215e-05
516,0.00017039486537198719,2020-03-04 16:52:00,2020,3,4,64,2.8132418579996037e-05
517,6.147403135983311e-05,2020-03-05 16:33:05,2020,3,5,65,2.8168206050012117e-05
518,8.399776689252201e-05,2020-03-05 18:14:35,2020,3,5,65,1.2466055636720131e-05
519,8.96369813819458e-05,2020-03-06 17:55:39,2020,3,6,66,1.4520249542720848e-05
520,5.592228004201302e-05,2020-03-07 17:36:46,2020,3,7,67,1.7469901291427994e-05
521,6.456873168223167e-05,2020-03-09 16:58:55,2020,3,9,69,9.116574366663433e-05
522,6.068669246034267e-05,2020-03-10 16:40:01,2020,3,10,70,4.35688697611156e-05
523,4.535782750645648e-05,2020-03-10 18:21:31,2020,3,10,70,6.31697211202294e-06
524,0.00038790212156924314,2020-03-12 17:43:41,2020,3,12,72,1.0223424591248818e-05
525,7.96813134516167e-05,2020-03-13 17:24:47,2020,3,13,73,3.574062513164884e-05
526,2.9672177233834206e-05,2020-03-15 18:28:27,2020,3,15,75,1.2618766746406064e-05
527,2.0153950868432015e-05,2020-03-16 16:28:01,2020,3,16,76,1.2583455243875193e-05
528,7.907316805403673e-05,2020-03-16 18:09:33,2020,3,16,76,1.9417415272927195e-05
529,9.749094160473792e-05,2020-03-18 17:31:43,2020,3,18,78,2.0044359978254335e-05
530,4.2611194598572786e-05,2020-03-19 17:12:47,2020,3,19,79,1.7987110576610076e-05
531,5.623138162042979e-05,2020-03-20 16:53:54,2020,3,20,80,2.8729411524762376e-05
532,3.408936629052382e-05,2020-03-21 16:34:59,2020,3,21,81,1.4689275719833957e-05
533,3.3699998086474116e-05,2020-03-21 18:16:29,2020,3,21,81,2.058504648311139e-05
534,3.554002703591222e-05,2020-03-22 17:57:34,2020,3,22,82,8.824135219011617e-06
535,2.7714175186368653e-05,2020-03-23 17:38:39,2020,3,23,83,1.6767701758193884e-05
536,3.816121734394688e-05,2020-03-24 17:19:45,2020,3,24,84,2.5550355077338345e-05
537,3.778082719944311e-05,2020-03-26 16:41:55,2020,3,26,86,2.7902451746376754e-05
538,4.183939179853423e-05,2020-03-26 18:23:25,2020,3,26,86,1.1747133807914611e-05
539,6.044981609342939e-05,2020-03-27 18:04:30,2020,3,27,87,1.2758679344156887e-05
540,0.00010043641546601546,2020-03-28 17:45:35,2020,3,28,88,1.3857053011661058e-05
541,7.07336770861843e-05,2020-03-29 17:26:41,2020,3,29,89,9.614783516361798e-06
542,4.0559132773193674e-05,2020-03-30 17:07:45,2020,3,30,90,3.7614601459682646e-05
543,5.047988993724142e-05,2020-04-01 16:29:56,2020,4,1,92,1.3623620194611709e-05
544,1.6621937212282644e-05,2020-04-02 17:52:30,2020,4,2,93,1.0610467943925345e-05
545,0.00011875936698008862,2020-04-03 17:33:36,2020,4,3,94,9.471044139477958e-06
546,4.982933352184162e-05,2020-04-04 17:14:40,2020,4,4,95,1.022731289627962e-05
547,2.162246780483736e-05,2020-04-06 16:36:50,2020,4,6,97,2.5048717387120413e-05
548,2.3831843132820616e-05,2020-04-06 18:18:21,2020,4,6,97,1.9458048611413495e-05
549,3.235937471243667e-05,2020-04-07 17:59:26,2020,4,7,98,1.3386399084869496e-05
550,8.227198936806359e-05,2020-04-08 17:40:30,2020,4,8,99,1.0426662778745728e-05
551,5.013775714624496e-05,2020-04-09 17:21:35,2020,4,9,100,5.895477854211636e-06
552,3.5851877700225704e-05,2020-04-10 17:02:40,2020,4,10,101,1.7382792978143128e-05
553,3.266167476933593e-05,2020-04-11 16:43:44,2020,4,11,102,1.1469787635306021e-05
554,2.4558629915140117e-05,2020-04-11 18:25:15,2020,4,11,102,2.1218683389600076e-05
555,1.916117946158478e-05,2020-04-12 18:06:19,2020,4,12,103,5.177127653009028e-05
556,2.3315585844172852e-05,2020-04-14 17:28:28,2020,4,14,105,7.222187123051288e-05
557,5.3538557308025386e-05,2020-04-15 17:09:32,2020,4,15,106,1.3723256343152172e-05
558,0.00015811987642385688,2020-04-16 16:50:37,2020,4,16,107,3.165992889680567e-05
559,0.0002020510016323223,2020-04-16 18:32:07,2020,4,16,107,9.198369314120292e-06
560,3.774947758181664e-05,2020-04-17 16:31:41,2020,4,17,108,1.683482747617354e-05
561,7.002297992560773e-05,2020-04-17 18:13:11,2020,4,17,108,3.825303673806092e-05
562,4.020716675266153e-05,2020-04-18 17:54:16,2020,4,18,109,1.7395876414035e-05
563,3.45545462569249e-05,2020-04-19 17:35:20,2020,4,19,110,5.526567831494149e-06
564,8.963960315118903e-05,2020-04-20 17:16:24,2020,4,20,111,1.0504845370610163e-05
565,4.8280008370390595e-05,2020-04-21 16:57:27,2020,4,21,112,3.2120618010839726e-05
566,2.045734453017786e-05,2020-04-22 16:38:31,2020,4,22,113,8.35218911026475e-06
567,5.225112875966872e-05,2020-04-22 18:20:02,2020,4,22,113,1.6186269795252332e-05
568,9.371876050929166e-05,2020-04-23 18:01:06,2020,4,23,114,5.413332332395264e-05
569,3.057941424821029e-05,2020-04-26 17:04:17,2020,4,26,117,1.9005307115541394e-05
570,4.6627178880036095e-05,2020-04-29 17:48:58,2020,4,29,120,1.7500167148665882e-05
571,0.00011688278959702516,2020-04-30 17:30:01,2020,4,30,121,1.2834204409172607e-05
572,4.117934364837766e-05,2020-05-01 17:11:04,2020,5,1,122,1.1921944969069264e-05
573,3.702597946569369e-05,2020-05-02 16:52:07,2020,5,2,123,1.1224459440839285e-05
574,5.447201402436333e-05,2020-05-02 18:33:37,2020,5,2,123,2.701521239473353e-05
575,2.672905515257699e-05,2020-05-03 16:33:09,2020,5,3,124,2.9786030465096997e-05
576,2.7085427808020128e-05,2020-05-06 17:17:48,2020,5,6,127,2.339903030850874e-05
577,9.583671770592844e-05,2020-05-07 16:58:51,2020,5,7,128,1.9810415992156566e-05
578,5.044721163458661e-05,2020-05-08 16:39:54,2020,5,8,129,1.8478473054704853e-05
579,5.60225010380842e-05,2020-05-08 18:21:24,2020,5,8,129,3.105984821578717e-05
580,5.390046537798551e-05,2020-05-09 18:02:26,2020,5,9,130,6.345095770468263e-05
581,5.323834362301095e-05,2020-05-10 17:43:29,2020,5,10,131,2.985592401077446e-05
582,0.00011290126323550143,2020-05-11 17:24:31,2020,5,11,132,3.017802097482872e-05
583,0.00011346708984961423,2020-05-12 17:05:33,2020,5,12,133,9.030639747611513e-05
584,0.00010572581076145565,2020-05-13 16:46:36,2020,5,13,134,2.0735861140570114e-05
585,7.562487595601154e-05,2020-05-13 18:28:05,2020,5,13,134,1.7717835091083605e-05
586,0.0003160339992292702,2020-05-14 18:09:07,2020,5,14,135,2.1505069554983133e-05
587,6.622210559772766e-05,2020-05-15 17:50:10,2020,5,15,136,1.9023636056800725e-05
588,5.973996364027062e-05,2020-05-16 17:31:10,2020,5,16,137,1.9579219307745253e-05
589,9.885869265153812e-05,2020-05-17 17:12:13,2020,5,17,138,9.86973985315869e-06
590,4.119949510493851e-05,2020-05-18 16:53:14,2020,5,18,139,3.79998803729798e-05
591,5.137986631247587e-05,2020-05-18 18:34:44,2020,5,18,139,2.5531919920494445e-05
592,4.5076964392743276e-05,2020-05-19 16:34:15,2020,5,19,140,1.9536072845859567e-05
593,9.584503150866875e-05,2020-05-19 18:15:45,2020,5,19,140,1.2011036592252163e-05
594,7.986452901422796e-05,2020-05-23 16:59:49,2020,5,23,144,3.898709580420422e-06
595,7.154055291462829e-05,2020-05-24 16:40:50,2020,5,24,145,5.887624657433976e-05
596,7.018644081220807e-05,2020-05-24 18:22:20,2020,5,24,145,4.8487467217595306e-05
597,2.1867760190636425e-05,2020-05-25 18:03:21,2020,5,25,146,6.445921331498475e-05
598,0.00017171977170340558,2020-05-26 17:44:22,2020,5,26,147,6.530051065310493e-05
599,9.531678089218142e-05,2020-05-27 17:25:22,2020,5,27,148,6.717063532741999e-13
600,0.00016641154155100092,2020-05-28 17:06:23,2020,5,28,149,1.0352336685130706e-05
601,9.455987290692877e-05,2020-05-29 16:47:23,2020,5,29,150,4.839205843164225e-05
602,2.9757315195292385e-05,2020-05-29 18:28:53,2020,5,29,150,6.262483412996558e-05
603,2.57543347710264e-05,2020-05-31 17:50:52,2020,5,31,152,4.858522331716038e-05
604,0.00011878926173847882,2020-06-01 17:31:53,2020,6,1,153,6.398149561142543e-06
605,0.0001497321806811554,2020-06-02 17:12:53,2020,6,2,154,8.042118800500289e-05
606,0.00046178211716177116,2020-06-03 16:53:51,2020,6,3,155,8.44009399896137e-05
607,3.820432677559693e-05,2020-06-04 16:34:52,2020,6,4,156,8.451844778961538e-05
608,0.00017199984593102745,2020-06-04 18:16:21,2020,6,4,156,4.52657104339018e-05
609,0.0003451084023509297,2020-06-09 16:41:17,2020,6,9,161,3.089614098526208e-05
610,0.00032442013415077416,2020-06-09 18:22:47,2020,6,9,161,4.773024099759687e-05
611,0.00018476877091948884,2020-06-10 18:03:46,2020,6,10,162,1.381744351138762e-05
612,7.486294561117206e-05,2020-06-11 17:44:45,2020,6,11,163,3.224726617729115e-05
613,0.00022307859373665246,2020-06-12 17:25:43,2020,6,12,164,1.8695937292529154e-05
614,4.795281544911752e-05,2020-06-13 17:06:42,2020,6,13,165,2.179604991063767e-05
615,6.879709719847065e-05,2020-06-14 16:47:40,2020,6,14,166,3.186128140285953e-05
616,5.4766974965088206e-05,2020-06-14 18:29:10,2020,6,14,166,2.026048436416498e-05
617,5.5872235998501526e-05,2020-06-15 18:10:08,2020,6,15,167,1.1170704704660731e-05
618,9.353929752665201e-05,2020-06-16 17:51:07,2020,6,16,168,1.8922174103848078e-05
619,3.893490525098769e-05,2020-06-17 17:32:04,2020,6,17,169,1.3982398977162293e-05
620,7.170516242078794e-05,2020-06-18 17:13:01,2020,6,18,170,4.708519351407066e-05
621,4.968147399442004e-05,2020-06-20 18:16:27,2020,6,20,172,1.8438394241893853e-05
622,5.290887752851047e-05,2020-06-21 17:57:25,2020,6,21,173,1.8293243929891784e-05
623,6.35509263526079e-05,2020-06-22 17:38:22,2020,6,22,174,3.394613065450324e-05
624,6.67286376581186e-05,2020-06-25 16:41:14,2020,6,25,177,5.1167323248447825e-05
625,6.426413062378862e-05,2020-06-25 18:22:43,2020,6,25,177,0.00013403516040327282
626,0.0001308675196368275,2020-06-26 18:03:41,2020,6,26,178,1.824196120878299e-05
627,0.00011879968273408395,2020-06-27 17:44:37,2020,6,27,179,8.034951029901753e-13
628,0.00032069260586911424,2020-06-28 17:25:33,2020,6,28,180,4.8996529175973545e-05
629,4.0295612517953987e-05,2020-06-29 17:06:31,2020,6,29,181,3.947514413890395e-05
630,6.349483784065617e-05,2020-07-01 18:09:54,2020,7,1,183,2.591544209571477e-05
631,9.265452764241088e-05,2020-07-03 17:31:46,2020,7,3,185,2.4778882820869856e-05
632,0.0001955223295174377,2020-07-04 17:12:42,2020,7,4,186,5.276812363370559e-05
633,6.98624063414312e-05,2020-07-05 16:53:38,2020,7,5,187,2.363156701643578e-05
634,7.715135454657436e-05,2020-07-05 18:35:07,2020,7,5,187,0.00013721088173150362
635,0.00017116201049004716,2020-07-06 18:16:03,2020,7,6,188,3.269299122847898e-05
636,5.848379413253357e-05,2020-07-07 17:56:59,2020,7,7,189,8.625008575367103e-05
637,0.0004208491732171235,2020-07-08 17:37:55,2020,7,8,190,1.7924646317007427e-05
638,8.256713963094668e-05,2020-07-09 17:18:51,2020,7,9,191,1.6838400169196554e-05
639,0.0001885331545967952,2020-07-11 16:40:41,2020,7,11,193,4.217981047074106e-05
640,4.5235594705255544e-05,2020-07-12 18:03:05,2020,7,12,194,5.3763062196783876e-05
641,5.917032906222925e-05,2020-07-13 17:44:01,2020,7,13,195,7.461388425969906e-05
642,0.00012814121579842296,2020-07-14 17:24:55,2020,7,14,196,5.0568088280848744e-05
643,0.00010842245923574019,2020-07-15 17:05:52,2020,7,15,197,2.6404693810067724e-05
644,0.00013645777310303332,2020-07-16 18:28:16,2020,7,16,198,2.9998906930214984e-06
645,8.200358273271772e-05,2020-07-17 18:09:10,2020,7,17,199,2.5477506705962667e-05
646,8.1535238071247e-05,2020-07-19 17:31:00,2020,7,19,201,1.9038005528325325e-05
647,0.00013823269929564815,2020-07-20 17:11:55,2020,7,20,202,0.0
648,7.014757151470151e-05,2020-07-24 17:37:02,2020,7,24,206,4.5836226957044575e-05
649,5.8264509205770455e-05,2020-07-25 17:17:55,2020,7,25,207,3.4517476867939235e-05
650,8.522350265076776e-05,2020-07-26 16:58:49,2020,7,26,208,8.040154571966065e-05
651,0.00016017303826869962,2020-07-27 16:39:44,2020,7,27,209,3.6995105225980314e-05
652,8.43131898553319e-05,2020-07-28 18:02:07,2020,7,28,210,4.200776087161108e-12
653,0.00029155757550132207,2020-07-29 17:43:00,2020,7,29,211,1.5235879291155746e-05
654,7.261094729670563e-05,2020-07-30 17:23:54,2020,7,30,212,1.2332522015923551e-05
655,0.00024029200932795263,2020-07-31 17:04:47,2020,7,31,213,2.9176438797734215e-05
656,7.707221759136011e-05,2020-08-01 16:45:41,2020,8,1,214,2.765132166655369e-05
657,4.952370572644891e-05,2020-08-01 18:27:10,2020,8,1,214,2.9787954302845688e-05
658,6.237017117273579e-05,2020-08-02 18:08:04,2020,8,2,215,2.9303276575291038e-05
659,5.7757488646699746e-05,2020-08-03 17:48:58,2020,8,3,216,2.6163063799331422e-05
660,5.906280880811923e-05,2020-08-04 17:29:51,2020,8,4,217,3.7993097895980276e-05
661,9.729733439111204e-05,2020-08-08 17:54:53,2020,8,8,221,4.62999659628061e-05
662,6.907578980910095e-05,2020-08-10 17:16:39,2020,8,10,223,4.3127322845627675e-05
663,0.00010438525896092962,2020-08-11 16:57:31,2020,8,11,224,4.65728942952277e-05
664,0.00010752597193064314,2020-08-12 16:38:24,2020,8,12,225,7.614632417277818e-05
665,0.00013459978134822733,2020-08-12 18:19:54,2020,8,12,225,1.3914823150768304e-05
666,0.0001663230081157424,2020-08-13 18:00:46,2020,8,13,226,1.583423360152794e-05
667,0.0001178723271759907,2020-08-14 17:41:39,2020,8,14,227,1.9499755424352024e-05
668,4.268391564940962e-05,2020-08-15 17:22:31,2020,8,15,228,1.8400994270858218e-05
669,5.2606829448488955e-05,2020-08-16 17:03:24,2020,8,16,229,2.8555254000518155e-05
670,4.862023133526165e-05,2020-08-17 16:44:16,2020,8,17,230,1.6283592154642123e-05
671,6.977619792009331e-05,2020-08-17 18:25:46,2020,8,17,230,2.49784632206314e-05
672,8.72666892935207e-05,2020-08-18 18:06:37,2020,8,18,231,3.878240673426016e-05
673,5.2684584212755645e-05,2020-08-19 17:47:30,2020,8,19,232,2.446144925037106e-05
674,6.537729314412419e-05,2020-08-20 17:28:22,2020,8,20,233,1.4411951476428961e-05
675,0.00014608122640726417,2020-08-21 17:09:15,2020,8,21,234,9.182096515002926e-06
676,4.608534166579424e-05,2020-08-22 16:50:07,2020,8,22,235,2.0149636508968067e-05
677,4.164898795417356e-05,2020-08-22 18:31:36,2020,8,22,235,4.157416838668674e-05
678,3.4086865133170396e-05,2020-08-23 18:12:29,2020,8,23,236,2.7812555995639673e-05
679,5.121870083338206e-05,2020-08-24 17:53:21,2020,8,24,237,8.395574510353794e-05
680,9.462556479208692e-05,2020-08-27 16:55:57,2020,8,27,240,1.3776002509646813e-05
681,8.579295458832185e-05,2020-08-30 17:40:05,2020,8,30,243,3.42972286746243e-05
682,0.0002193552092613339,2020-09-04 17:45:57,2020,9,4,248,5.052637994151602e-05
683,4.412662344150444e-05,2020-09-05 17:26:49,2020,9,5,249,3.393363454751936e-05
684,7.502724054247838e-05,2020-09-06 17:07:41,2020,9,6,250,3.325696307254278e-05
685,9.330626474236375e-05,2020-09-07 16:48:34,2020,9,7,251,2.9045083916058825e-05
686,8.74870763894766e-05,2020-09-07 18:30:02,2020,9,7,251,3.310591101672303e-05
687,8.279828633302004e-05,2020-09-08 18:10:55,2020,9,8,252,2.754354499047422e-05
688,7.220940622794663e-05,2020-09-10 17:32:39,2020,9,10,254,3.368413733682619e-05
689,9.953421358263133e-05,2020-09-11 17:13:31,2020,9,11,255,2.2289497486761177e-05
690,5.308021494073945e-05,2020-09-12 16:54:23,2020,9,12,256,5.655120263587736e-05
691,7.553826844787953e-05,2020-09-13 16:35:15,2020,9,13,257,0.00018482508605008026
692,8.062052376103676e-05,2020-09-13 18:16:44,2020,9,13,257,9.971359802965555e-05
693,0.00022162338945314216,2020-09-14 17:57:37,2020,9,14,258,3.0215839824427206e-05
694,0.00029875109301637047,2020-09-16 17:19:20,2020,9,16,260,2.687070760127982e-05
695,0.00020659571564107335,2020-09-17 17:00:12,2020,9,17,261,1.0735827417362903e-05
696,0.00013042747542931117,2020-09-18 16:41:04,2020,9,18,262,1.3637640746006185e-05
697,9.017141820067838e-05,2020-09-18 18:22:34,2020,9,18,262,0.00011714870292426866
698,3.930094971676879e-05,2020-09-19 18:03:25,2020,9,19,263,3.2433887311028024e-05
699,4.024119218315118e-05,2020-09-20 17:44:17,2020,9,20,264,0.00014417928815963575
700,0.0002345665701375038,2020-09-21 17:25:09,2020,9,21,265,4.588020393230705e-05
701,6.884015931377299e-05,2020-09-22 17:06:01,2020,9,22,266,2.668277180170325e-05
702,0.0001358404295394492,2020-09-23 16:46:51,2020,9,23,267,2.6206293130291053e-05
703,9.875115485133511e-05,2020-09-23 18:28:21,2020,9,23,267,1.2010710699012595e-05
704,8.194266303905e-05,2020-09-24 18:09:14,2020,9,24,268,1.5616430581181042e-05
705,5.671464888756636e-05,2020-09-26 17:30:56,2020,9,26,270,1.5975011878330752e-05
706,6.422582474632385e-05,2020-09-28 16:52:40,2020,9,28,272,2.8436656774905125e-05
707,3.7372254912901186e-05,2020-09-29 16:33:31,2020,9,29,273,1.2862197421537486e-12
708,5.17697504487604e-05,2020-09-29 18:15:00,2020,9,29,273,2.298931462975728e-05
709,6.346269926735436e-05,2020-09-30 17:55:52,2020,9,30,274,2.3035466626527896e-05
710,8.403319858697292e-05,2020-10-01 17:36:43,2020,10,1,275,1.8697316204871315e-05
711,5.91644829758959e-05,2020-10-02 17:17:35,2020,10,2,276,7.012991026177811e-05
712,5.211537035274562e-05,2020-10-03 16:58:26,2020,10,3,277,2.945981964933631e-05
713,6.64975679531342e-05,2020-10-05 18:01:40,2020,10,5,279,5.9700261960234186e-05
714,0.0001949294992158479,2020-10-06 17:42:31,2020,10,6,280,1.4173719407980112e-05
715,9.362622824873578e-05,2020-10-07 17:23:22,2020,10,7,281,1.2887939151634094e-05
716,0.00018115723438194255,2020-10-08 17:04:13,2020,10,8,282,1.232950663842651e-05
717,5.846700343523489e-05,2020-10-09 16:45:06,2020,10,9,283,7.007416479822859e-06
718,4.7836189871526454e-05,2020-10-09 18:26:35,2020,10,9,283,1.2247949995928504e-05
719,4.8215119631098266e-05,2020-10-10 18:07:26,2020,10,10,284,0.00010400662373415952
720,3.2194435327652294e-05,2020-10-11 17:48:18,2020,10,11,285,5.7733340006542355e-05
721,4.6624017452358426e-05,2020-10-12 17:29:11,2020,10,12,286,4.794595049231984e-05
722,0.000282609683300712,2020-10-13 17:10:01,2020,10,13,287,4.5164593022439094e-05
723,0.00013961894614282928,2020-10-14 16:50:54,2020,10,14,288,2.137765012482867e-05
724,9.876644524357188e-05,2020-10-15 16:31:46,2020,10,15,289,1.8747203051792694e-05
725,0.00012536720467098706,2020-10-15 18:13:16,2020,10,15,289,1.3098591591590437e-05
726,6.003756671122185e-05,2020-10-16 17:54:07,2020,10,16,290,6.2364733295653035e-06
727,7.31705858240415e-05,2020-10-17 17:34:58,2020,10,17,291,4.24642274247506e-06
728,4.854438245619725e-05,2020-10-18 17:15:51,2020,10,18,292,1.5162298314619409e-05
729,3.863603924572825e-05,2020-10-19 16:56:43,2020,10,19,293,3.8471926804163733e-05
730,2.972773945436324e-05,2020-10-20 18:19:03,2020,10,20,294,2.216047292384566e-05
731,6.203320699342074e-05,2020-10-23 17:21:40,2020,10,23,297,5.947833901654556e-05
732,8.735457343709336e-05,2020-10-24 17:02:31,2020,10,24,298,9.182173769123428e-05
733,5.564393436786374e-05,2020-10-26 18:05:45,2020,10,26,300,5.798509517341238e-05
734,0.00011343261114214138,2020-10-27 17:46:37,2020,10,27,301,5.362304860909859e-05
735,0.0002021435789482831,2020-10-30 16:49:14,2020,10,30,304,2.0870359698140493e-05
736,0.00011130069396768123,2020-10-31 16:30:06,2020,10,31,305,4.882582231770372e-05
737,0.00011816031248194343,2020-10-31 18:11:36,2020,10,31,305,2.169862377548043e-05
738,4.940060125697548e-05,2020-11-01 17:52:29,2020,11,1,306,2.2895536687661723e-05
739,9.412533796932027e-05,2020-11-02 17:33:21,2020,11,2,307,1.8188933479532167e-05
740,6.079037562822127e-05,2020-11-03 17:14:14,2020,11,3,308,2.244304360570658e-05
741,5.053484549621838e-05,2020-11-04 16:55:06,2020,11,4,309,2.3060473405160734e-05
742,6.003137349361012e-05,2020-11-05 16:35:59,2020,11,5,310,1.7458372055791992e-05
743,6.542112988840031e-05,2020-11-05 18:17:29,2020,11,5,310,1.4956041331112637e-05
744,6.998758283505963e-05,2020-11-06 17:58:21,2020,11,6,311,1.930632158764741e-05
745,5.652684618082447e-05,2020-11-07 17:39:15,2020,11,7,312,2.322203819558235e-05
746,4.318838462696332e-05,2020-11-08 17:20:08,2020,11,8,313,3.722060010865413e-05
747,7.018005762601477e-05,2020-11-10 16:41:53,2020,11,10,315,6.423826599914605e-05
748,6.320402285722573e-05,2020-11-10 18:23:23,2020,11,10,315,7.301751791415587e-05
749,8.224678836948171e-05,2020-11-11 18:04:16,2020,11,11,316,1.4167158924358067e-05
750,0.00011132215463966788,2020-11-12 17:45:10,2020,11,12,317,6.575449052886562e-05
751,0.00015302019205507605,2020-11-13 17:26:03,2020,11,13,318,6.405716574251075e-05
752,3.117333824480048e-05,2020-11-15 16:47:50,2020,11,15,320,5.041744515602068e-05
753,0.00017055246628220886,2020-11-16 16:28:44,2020,11,16,321,3.530075970689104e-05
754,0.00012629497891606956,2020-11-16 18:10:13,2020,11,16,321,4.202926249056657e-05
755,0.00010658020684598404,2020-11-17 17:51:07,2020,11,17,322,3.8403149851131095e-05
756,9.06873895280644e-05,2020-11-18 17:32:01,2020,11,18,323,2.3204467448712273e-05
757,7.433392512961597e-05,2020-11-19 17:12:55,2020,11,19,324,2.354431000673657e-05
758,6.597795686463585e-05,2020-11-20 16:53:49,2020,11,20,325,2.2828918441167793e-05
759,5.581960093924364e-05,2020-11-21 16:34:44,2020,11,21,326,3.33678479567222e-05
760,7.223153849929155e-05,2020-11-21 18:16:14,2020,11,21,326,2.6792493174903297e-05
761,4.860390125016626e-05,2020-11-22 17:57:07,2020,11,22,327,2.2325430858192844e-05
762,5.973415336790232e-05,2020-11-23 17:38:03,2020,11,23,328,2.5533898843361782e-05
763,8.124555967954075e-05,2020-11-25 16:59:52,2020,11,25,330,3.268958449620121e-05
764,6.089121245237288e-05,2020-11-26 16:40:46,2020,11,26,331,1.6678000165411825e-05
765,7.611911474267435e-05,2020-11-26 18:22:17,2020,11,26,331,9.819383034783534e-05
766,7.336186462247389e-06,2020-11-27 16:21:42,2020,11,27,332,
767,7.548980980169586e-05,2020-11-27 18:03:11,2020,11,27,332,
768,6.205180289107267e-05,2020-11-29 17:25:02,2020,11,29,334,
769,0.00014972053805799578,2020-11-30 17:05:58,2020,11,30,335,
