Fecha_datetime,Year,Month,Day,NO2_trop_mean,NO2_trop_std,WeekofYear
2018-07-08,2018,7,8,5.057735747996809e-05,2.5383025139564164e-05,2018W27
2018-07-09,2018,7,9,,,2018W28
2018-07-10,2018,7,10,,,2018W28
2018-07-11,2018,7,11,9.506283856116676e-05,9.849213530898948e-06,2018W28
2018-07-12,2018,7,12,0.0001569188309121,1.5782301095413764e-05,2018W28
2018-07-13,2018,7,13,,,2018W28
2018-07-14,2018,7,14,0.0001220200370461,5.46656004637669e-05,2018W28
2018-07-15,2018,7,15,6.721487726624525e-05,2.1105029864980123e-05,2018W28
2018-07-16,2018,7,16,3.136447569676817e-05,3.772095362321537e-06,2018W29
2018-07-17,2018,7,17,,,2018W29
2018-07-18,2018,7,18,,,2018W29
2018-07-19,2018,7,19,,,2018W29
2018-07-20,2018,7,20,,,2018W29
2018-07-21,2018,7,21,0.0001023617505309,3.3341304140225074e-05,2018W29
2018-07-22,2018,7,22,,,2018W29
2018-07-23,2018,7,23,0.0001494206354736,6.59038660568644e-05,2018W30
2018-07-24,2018,7,24,0.0001546849853652,7.999406255653595e-05,2018W30
2018-07-25,2018,7,25,,,2018W30
2018-07-26,2018,7,26,,,2018W30
2018-07-27,2018,7,27,,,2018W30
2018-07-28,2018,7,28,,,2018W30
2018-07-29,2018,7,29,,,2018W30
2018-07-30,2018,7,30,0.0001365744969148,5.002684272590976e-05,2018W31
2018-07-31,2018,7,31,0.0002371674682806,8.640495825621729e-05,2018W31
2018-08-01,2018,8,1,0.00010312826698862979,5.2142375747651665e-05,2018W31
2018-08-02,2018,8,2,0.000121920924358,6.966219437737507e-05,2018W31
2018-08-03,2018,8,3,,,2018W31
2018-08-04,2018,8,4,,,2018W31
2018-08-05,2018,8,5,,,2018W31
2018-08-06,2018,8,6,0.0001024776629529,5.162608200150684e-05,2018W32
2018-08-07,2018,8,7,,,2018W32
2018-08-08,2018,8,8,,,2018W32
2018-08-09,2018,8,9,0.0001202333049429,2.1563711526938487e-05,2018W32
2018-08-10,2018,8,10,0.0002275365804145,5.4811146551315226e-05,2018W32
2018-08-11,2018,8,11,,,2018W32
2018-08-12,2018,8,12,4.732718138451804e-05,2.6437422959826106e-05,2018W32
2018-08-13,2018,8,13,,,2018W33
2018-08-14,2018,8,14,8.261273260527563e-05,2.8001846880018575e-05,2018W33
2018-08-15,2018,8,15,0.0003142497407021,0.0001545336760409,2018W33
2018-08-16,2018,8,16,8.801522853499018e-05,4.370876504099744e-05,2018W33
2018-08-17,2018,8,17,9.189203294942451e-05,6.156698342953639e-05,2018W33
2018-08-18,2018,8,18,,,2018W33
2018-08-19,2018,8,19,1.607812349586867e-05,9.549021277875906e-06,2018W33
2018-08-20,2018,8,20,4.0662915553311006e-05,1.6206595159684502e-05,2018W34
2018-08-21,2018,8,21,0.0004534707511743,0.0001806409100555,2018W34
2018-08-22,2018,8,22,4.770221935530384e-05,2.690209774580105e-05,2018W34
2018-08-23,2018,8,23,,,2018W34
2018-08-24,2018,8,24,,,2018W34
2018-08-25,2018,8,25,6.691689817276807e-05,2.139853359034199e-05,2018W34
2018-08-26,2018,8,26,7.341942415324266e-05,2.586153927261213e-05,2018W34
2018-08-27,2018,8,27,0.0001192533020373,6.128641167341325e-05,2018W35
2018-08-28,2018,8,28,0.00015678285949295001,7.731065545130856e-05,2018W35
2018-08-29,2018,8,29,0.0001007664736055,4.29920547630363e-05,2018W35
2018-08-30,2018,8,30,,,2018W35
2018-08-31,2018,8,31,7.73798587484065e-05,3.3367512057615806e-05,2018W35
2018-09-01,2018,9,1,0.0001178330747973,3.7866976762352986e-05,2018W35
2018-09-02,2018,9,2,5.6154484221419185e-05,2.435327957517015e-05,2018W35
2018-09-03,2018,9,3,0.0001934040584678,7.797620568568406e-05,2018W36
2018-09-04,2018,9,4,0.0001048072582643,5.14362226888428e-05,2018W36
2018-09-05,2018,9,5,7.137887952522139e-05,3.423774902946936e-05,2018W36
2018-09-06,2018,9,6,0.0001789459225489,8.58973651916419e-05,2018W36
2018-09-07,2018,9,7,0.0001046601227941,4.8728377933901776e-05,2018W36
2018-09-08,2018,9,8,3.3676035405005175e-05,8.70847993734738e-06,2018W36
2018-09-09,2018,9,9,4.186987556392514e-05,1.199894368780758e-05,2018W36
2018-09-10,2018,9,10,4.4170308122451774e-05,1.6284198309476752e-05,2018W37
2018-09-11,2018,9,11,7.487555558011749e-05,4.484774078975711e-05,2018W37
2018-09-12,2018,9,12,,,2018W37
2018-09-13,2018,9,13,0.0001360901236411,5.9245281566837364e-05,2018W37
2018-09-14,2018,9,14,9.162232207775062e-05,2.3478923066995857e-05,2018W37
2018-09-15,2018,9,15,,,2018W37
2018-09-16,2018,9,16,3.4067084106145514e-05,9.580558794957156e-06,2018W37
2018-09-17,2018,9,17,0.0003862206865966,0.0001918464324949,2018W38
2018-09-18,2018,9,18,4.2557686185091074e-05,1.6241748970370074e-05,2018W38
2018-09-19,2018,9,19,4.363786461789006e-05,1.402109052547321e-05,2018W38
2018-09-20,2018,9,20,2.9621526045937008e-05,1.386602379062947e-05,2018W38
2018-09-21,2018,9,21,0.0001415241296075,6.047163864818693e-05,2018W38
2018-09-22,2018,9,22,5.601639952304684e-05,2.244504052487684e-05,2018W38
2018-09-23,2018,9,23,,,2018W38
2018-09-24,2018,9,24,4.107874420410626e-05,1.2962094654802326e-05,2018W39
2018-09-25,2018,9,25,4.226291328055588e-05,1.6814753614548433e-05,2018W39
2018-09-26,2018,9,26,8.397402867488103e-05,5.5713916877467545e-05,2018W39
2018-09-27,2018,9,27,,,2018W39
2018-09-28,2018,9,28,,,2018W39
2018-09-29,2018,9,29,8.795642560179404e-05,3.013740780615879e-05,2018W39
2018-09-30,2018,9,30,,,2018W39
2018-10-01,2018,10,1,7.497283008000658e-05,2.3527390918919607e-05,2018W40
2018-10-02,2018,10,2,0.0002976042856924,0.0001296580858016,2018W40
2018-10-03,2018,10,3,0.000116327782328,3.852286100191562e-05,2018W40
2018-10-04,2018,10,4,0.00020112028038855,6.727674944658805e-05,2018W40
2018-10-05,2018,10,5,0.0002905710716596,9.10957510609775e-05,2018W40
2018-10-06,2018,10,6,6.148685630563025e-05,2.4101530627008585e-05,2018W40
2018-10-07,2018,10,7,7.508518973657826e-05,3.196976623310025e-05,2018W40
2018-10-08,2018,10,8,7.403419350888642e-05,2.770979599601311e-05,2018W41
2018-10-09,2018,10,9,8.361599527902218e-05,3.233607919604126e-05,2018W41
2018-10-10,2018,10,10,9.043254071172992e-05,3.0433399737773405e-05,2018W41
2018-10-11,2018,10,11,,,2018W41
2018-10-12,2018,10,12,,,2018W41
2018-10-13,2018,10,13,8.759596575992909e-05,3.4221427194895e-05,2018W41
2018-10-14,2018,10,14,5.7015101813322735e-05,1.2105346769830947e-05,2018W41
2018-10-15,2018,10,15,,,2018W42
2018-10-16,2018,10,16,0.0001165495863816,6.165736782193554e-05,2018W42
2018-10-17,2018,10,17,0.0001106032742533,4.164356957207885e-05,2018W42
2018-10-18,2018,10,18,,,2018W42
2018-10-19,2018,10,19,7.092693650283432e-05,2.5680821454203292e-05,2018W42
2018-10-20,2018,10,20,,,2018W42
2018-10-21,2018,10,21,,,2018W42
2018-10-22,2018,10,22,7.92778519098647e-06,0.0,2018W43
2018-10-23,2018,10,23,5.207287612538366e-05,1.971030721968536e-05,2018W43
2018-10-24,2018,10,24,,,2018W43
2018-10-25,2018,10,25,,,2018W43
2018-10-26,2018,10,26,9.293534502024536e-05,3.994452622652044e-06,2018W43
2018-10-27,2018,10,27,9.086838050094631e-05,3.741739792763216e-05,2018W43
2018-10-28,2018,10,28,7.097444450217479e-05,3.0925672112716454e-05,2018W43
2018-10-29,2018,10,29,,,2018W44
2018-10-30,2018,10,30,,,2018W44
2018-10-31,2018,10,31,,,2018W44
2018-11-01,2018,11,1,0.0001922395566405,6.038721946584666e-05,2018W44
2018-11-02,2018,11,2,,,2018W44
2018-11-03,2018,11,3,0.0001125893998605,7.086766196479049e-05,2018W44
2018-11-04,2018,11,4,5.515511925287435e-05,2.6738312299906364e-05,2018W44
2018-11-05,2018,11,5,0.00013172451797855,6.558008432201743e-05,2018W45
2018-11-06,2018,11,6,5.227999623389167e-05,2.0809210786886735e-05,2018W45
2018-11-07,2018,11,7,9.27262127018001e-05,4.371080652767668e-05,2018W45
2018-11-08,2018,11,8,4.6200890910599e-05,2.6612341591070366e-05,2018W45
2018-11-09,2018,11,9,8.635862331275592e-05,4.685389708800691e-05,2018W45
2018-11-10,2018,11,10,,,2018W45
2018-11-11,2018,11,11,,,2018W45
2018-11-12,2018,11,12,,,2018W46
2018-11-13,2018,11,13,0.0001455672900192,0.0,2018W46
2018-11-14,2018,11,14,4.17153751175473e-05,1.316309589030804e-05,2018W46
2018-11-15,2018,11,15,8.010608621990176e-05,2.608901723433918e-05,2018W46
2018-11-16,2018,11,16,5.8528590382222045e-05,1.86524730148592e-05,2018W46
2018-11-17,2018,11,17,,,2018W46
2018-11-18,2018,11,18,2.6852809272744568e-05,1.1841222523469265e-05,2018W46
2018-11-19,2018,11,19,5.382879181604776e-05,2.6040911617332103e-05,2018W47
2018-11-20,2018,11,20,0.0001018513816423,4.725708356489552e-05,2018W47
2018-11-21,2018,11,21,7.145582569784988e-05,3.138893932860566e-05,2018W47
2018-11-22,2018,11,22,,,2018W47
2018-11-23,2018,11,23,,,2018W47
2018-11-24,2018,11,24,4.889451529056245e-05,1.48417437857456e-05,2018W47
2018-11-25,2018,11,25,8.180905075188058e-05,6.11184532196144e-05,2018W47
2018-11-26,2018,11,26,,,2018W48
2018-11-27,2018,11,27,,,2018W48
2018-11-28,2018,11,28,6.197062590361425e-05,2.195672897851875e-05,2018W48
2018-11-29,2018,11,29,,,2018W48
2018-11-30,2018,11,30,0.0001665499065533,7.157723280336743e-05,2018W48
2018-12-01,2018,12,1,,,2018W48
2018-12-02,2018,12,2,4.276509950155038e-05,1.5092353075781794e-05,2018W48
2018-12-03,2018,12,3,6.016858980426031e-05,1.952229545555736e-05,2018W49
2018-12-04,2018,12,4,0.000136503139889,6.71739606887304e-05,2018W49
2018-12-05,2018,12,5,0.0001097057761441,6.757151225919717e-05,2018W49
2018-12-06,2018,12,6,8.313816229299217e-05,3.4067325357941494e-05,2018W49
2018-12-07,2018,12,7,0.0002566210712307,6.653523506817194e-05,2018W49
2018-12-08,2018,12,8,3.431587607028783e-05,1.2552296232898672e-05,2018W49
2018-12-09,2018,12,9,,,2018W49
2018-12-10,2018,12,10,,,2018W50
2018-12-11,2018,12,11,,,2018W50
2018-12-12,2018,12,12,4.64783321566912e-05,1.0628349931821776e-05,2018W50
2018-12-13,2018,12,13,,,2018W50
2018-12-14,2018,12,14,4.984497235087482e-05,8.45601963663957e-06,2018W50
2018-12-15,2018,12,15,0.0001368866161167,7.243984323096174e-05,2018W50
2018-12-16,2018,12,16,4.3633482607664376e-05,1.8615997196116263e-05,2018W50
2018-12-17,2018,12,17,,,2018W51
2018-12-18,2018,12,18,4.038777415959865e-05,1.335000146928722e-05,2018W51
2018-12-19,2018,12,19,8.775865319160868e-05,4.473019704651641e-05,2018W51
2018-12-20,2018,12,20,,,2018W51
2018-12-21,2018,12,21,6.321568412301087e-05,2.289611855644434e-05,2018W51
2018-12-22,2018,12,22,8.654155946667974e-05,3.3077763815066163e-05,2018W51
2018-12-23,2018,12,23,6.654597959577827e-05,2.8159178421878125e-05,2018W51
2018-12-24,2018,12,24,4.298354330779826e-05,1.5541671300322655e-05,2018W52
2018-12-25,2018,12,25,4.982816284961375e-05,1.6743570306875664e-05,2018W52
2018-12-26,2018,12,26,8.742712166444023e-05,4.433530961757175e-05,2018W52
2018-12-27,2018,12,27,,,2018W52
2018-12-28,2018,12,28,3.881528424920471e-05,1.5974684665267863e-05,2018W52
2018-12-29,2018,12,29,5.776058216718088e-05,2.8522672036509194e-05,2018W52
2018-12-30,2018,12,30,3.272968198875872e-05,7.41801675735672e-06,2018W52
2018-12-31,2018,12,31,4.041502734082664e-05,1.8164223798927088e-05,2019W01
2019-01-01,2019,1,1,1.0334739640717722e-05,2.9183447972884e-06,2019W01
2019-01-02,2019,1,2,,,2019W01
2019-01-03,2019,1,3,7.96438073335481e-05,2.8433369712513564e-05,2019W01
2019-01-04,2019,1,4,0.0001106833062883,4.65921461195082e-05,2019W01
2019-01-05,2019,1,5,4.74002231724108e-05,1.4963686110261135e-05,2019W01
2019-01-06,2019,1,6,,,2019W01
2019-01-07,2019,1,7,,,2019W02
2019-01-08,2019,1,8,3.568381173195645e-05,3.0316808126344298e-05,2019W02
2019-01-09,2019,1,9,,,2019W02
2019-01-10,2019,1,10,,,2019W02
2019-01-11,2019,1,11,8.132093307191772e-05,2.0678605354279173e-05,2019W02
2019-01-12,2019,1,12,4.395305535914373e-05,1.4881714708422257e-05,2019W02
2019-01-13,2019,1,13,,,2019W02
2019-01-14,2019,1,14,5.629558445327792e-05,9.422825072393812e-05,2019W03
2019-01-15,2019,1,15,,,2019W03
2019-01-16,2019,1,16,0.0001659669622785,1.244264187194856e-05,2019W03
2019-01-17,2019,1,17,,,2019W03
2019-01-18,2019,1,18,1.199639869629688e-05,3.451667686991255e-05,2019W03
2019-01-19,2019,1,19,4.9244588754513734e-05,1.5466227329071966e-05,2019W03
2019-01-20,2019,1,20,3.370632476222439e-05,2.890590597429285e-05,2019W03
2019-01-21,2019,1,21,7.226521901204068e-05,3.596250833603863e-05,2019W04
2019-01-22,2019,1,22,6.9978694253447e-05,2.6374626377119056e-05,2019W04
2019-01-23,2019,1,23,5.92662209155925e-05,1.9583312309755607e-05,2019W04
2019-01-24,2019,1,24,4.782991496123981e-05,2.3089863745984765e-05,2019W04
2019-01-25,2019,1,25,,,2019W04
2019-01-26,2019,1,26,,,2019W04
2019-01-27,2019,1,27,6.690963995127865e-05,2.4114723169543525e-06,2019W04
2019-01-28,2019,1,28,3.694069327610828e-05,1.4711530948947538e-05,2019W05
2019-01-29,2019,1,29,4.023937569925498e-05,1.5210578399633685e-05,2019W05
2019-01-30,2019,1,30,8.13455808547605e-05,3.96440978245079e-05,2019W05
2019-01-31,2019,1,31,9.527775154303584e-05,0.0,2019W05
2019-02-01,2019,2,1,,,2019W05
2019-02-02,2019,2,2,4.869233333507744e-05,1.7314188173426193e-05,2019W05
2019-02-03,2019,2,3,5.1602750622589846e-05,5.4901675754307154e-05,2019W05
2019-02-04,2019,2,4,0.0001187140403508,3.6707700287869325e-05,2019W06
2019-02-05,2019,2,5,6.751901643030285e-05,2.0562516532509037e-05,2019W06
2019-02-06,2019,2,6,5.709433994113458e-05,4.52903770066774e-05,2019W06
2019-02-07,2019,2,7,7.933779415043849e-05,8.112603048913863e-05,2019W06
2019-02-08,2019,2,8,0.000103299596191,6.02302843924343e-05,2019W06
2019-02-09,2019,2,9,8.088638310679326e-05,2.1558752366438816e-05,2019W06
2019-02-10,2019,2,10,5.57480521260017e-05,1.27584950472942e-05,2019W06
2019-02-11,2019,2,11,5.232628442859777e-05,2.7427505978829056e-05,2019W07
2019-02-12,2019,2,12,6.162167639911399e-05,4.218064179843234e-05,2019W07
2019-02-13,2019,2,13,7.021319820737968e-05,7.793108150315773e-05,2019W07
2019-02-14,2019,2,14,,,2019W07
2019-02-15,2019,2,15,0.00020404617432314998,3.7346997138155795e-05,2019W07
2019-02-16,2019,2,16,6.772507777072953e-05,2.204827742050338e-05,2019W07
2019-02-17,2019,2,17,4.812453080588024e-05,4.359822738867097e-05,2019W07
2019-02-18,2019,2,18,7.862917398604986e-05,2.7402216014147694e-05,2019W08
2019-02-19,2019,2,19,9.472376219659351e-05,2.533054575745217e-05,2019W08
2019-02-20,2019,2,20,6.914288480350703e-05,5.0819741196849586e-05,2019W08
2019-02-21,2019,2,21,0.0001487110502067,0.0001070163620939,2019W08
2019-02-22,2019,2,22,0.0002631929890212,0.0,2019W08
2019-02-23,2019,2,23,,,2019W08
2019-02-24,2019,2,24,2.708576175791677e-05,2.0593273652714425e-05,2019W08
2019-02-25,2019,2,25,,,2019W09
2019-02-26,2019,2,26,6.942856239702686e-05,2.9705704419525322e-05,2019W09
2019-02-27,2019,2,27,8.796758315958404e-05,0.0001032072455789,2019W09
2019-02-28,2019,2,28,0.0002745219376021,3.131785875726189e-05,2019W09
2019-03-01,2019,3,1,6.754574888934032e-05,2.5726845386500065e-05,2019W09
2019-03-02,2019,3,2,7.467274433446699e-05,1.1379781526076878e-05,2019W09
2019-03-03,2019,3,3,2.98147845246876e-05,2.3324069006049476e-05,2019W09
2019-03-04,2019,3,4,,,2019W10
2019-03-05,2019,3,5,6.371297685858075e-05,4.9720253427561615e-05,2019W10
2019-03-06,2019,3,6,0.0001036897886802,7.469249591256401e-05,2019W10
2019-03-07,2019,3,7,0.0001141405406852,1.801902270818179e-05,2019W10
2019-03-08,2019,3,8,4.8199199080961444e-05,1.3424460155912193e-05,2019W10
2019-03-09,2019,3,9,5.453161452707507e-05,2.190087387598672e-05,2019W10
2019-03-10,2019,3,10,5.183233628281873e-05,1.649889143132332e-05,2019W10
2019-03-11,2019,3,11,3.5077055748597805e-05,4.740567461441719e-06,2019W11
2019-03-12,2019,3,12,,,2019W11
2019-03-13,2019,3,13,3.942649562376848e-05,2.942662907920265e-05,2019W11
2019-03-14,2019,3,14,8.410314302207897e-05,4.054442413099652e-05,2019W11
2019-03-15,2019,3,15,,,2019W11
2019-03-16,2019,3,16,,,2019W11
2019-03-17,2019,3,17,6.541525954023163e-05,2.6052461569272655e-05,2019W11
2019-03-18,2019,3,18,7.76901890386366e-05,2.11616989385241e-05,2019W12
2019-03-19,2019,3,19,,,2019W12
2019-03-20,2019,3,20,5.274150003196893e-05,0.0001013068439286,2019W12
2019-03-21,2019,3,21,0.0004141539176857,8.012713532977266e-05,2019W12
2019-03-22,2019,3,22,0.0001914239878172,3.6137309370892575e-05,2019W12
2019-03-23,2019,3,23,5.757260753316414e-05,8.7038774502026e-06,2019W12
2019-03-24,2019,3,24,5.562434363021202e-05,2.02602815920159e-05,2019W12
2019-03-25,2019,3,25,0.000114913671292,2.1145322306223406e-13,2019W13
2019-03-26,2019,3,26,1.8681599613046277e-05,2.0119067467661064e-05,2019W13
2019-03-27,2019,3,27,5.770370127607019e-05,3.579592386950995e-05,2019W13
2019-03-28,2019,3,28,7.626640251802269e-05,3.0409415292837523e-05,2019W13
2019-03-29,2019,3,29,7.523107083960728e-05,2.0789231625021924e-05,2019W13
2019-03-30,2019,3,30,0.00010245781516272944,5.315383725720864e-05,2019W13
2019-03-31,2019,3,31,5.376898315586602e-05,6.175073138987816e-05,2019W13
2019-04-01,2019,4,1,,,2019W14
2019-04-02,2019,4,2,,,2019W14
2019-04-03,2019,4,3,0.0001010743866162,3.115599154286616e-05,2019W14
2019-04-04,2019,4,4,,,2019W14
2019-04-05,2019,4,5,9.141713332049674e-05,5.3682535763602176e-05,2019W14
2019-04-06,2019,4,6,0.0001676234276956,3.5527307375136574e-05,2019W14
2019-04-07,2019,4,7,9.949267981591282e-05,0.0001947458068711,2019W14
2019-04-08,2019,4,8,0.0003624950564434,3.290478585659453e-05,2019W15
2019-04-09,2019,4,9,5.971660351120507e-05,5.6441881642177264e-05,2019W15
2019-04-10,2019,4,10,0.0001550458818569,3.389429003149052e-05,2019W15
2019-04-11,2019,4,11,6.580983138555748e-05,0.0001180679849695,2019W15
2019-04-12,2019,4,12,0.0001921275768579,4.152166135284814e-05,2019W15
2019-04-13,2019,4,13,8.328465063093899e-05,2.1819322173459503e-05,2019W15
2019-04-14,2019,4,14,6.901527009114619e-05,3.36731805342834e-05,2019W15
2019-04-15,2019,4,15,,,2019W16
2019-04-16,2019,4,16,9.75536093196076e-05,3.637904787544292e-05,2019W16
2019-04-17,2019,4,17,8.612400475350662e-05,2.1835659622508084e-05,2019W16
2019-04-18,2019,4,18,0.0001696760145209,1.6978359513418295e-05,2019W16
2019-04-19,2019,4,19,8.953034608453396e-05,2.270374328514456e-05,2019W16
2019-04-20,2019,4,20,7.250063216106541e-05,3.2403297460081125e-05,2019W16
2019-04-21,2019,4,21,0.0001211441884506,6.675830624965992e-05,2019W16
2019-04-22,2019,4,22,0.0001711692859782,0.0001017813118006,2019W17
2019-04-23,2019,4,23,0.0002272774447029,1.742410044735054e-05,2019W17
2019-04-24,2019,4,24,,,2019W17
2019-04-25,2019,4,25,,,2019W17
2019-04-26,2019,4,26,,,2019W17
2019-04-27,2019,4,27,6.044354884940092e-05,2.51791032047745e-05,2019W17
2019-04-28,2019,4,28,7.503548275583725e-05,7.71110362755126e-06,2019W17
2019-04-29,2019,4,29,3.2305448860878685e-05,2.4505027605940717e-05,2019W18
2019-04-30,2019,4,30,,,2019W18
2019-05-01,2019,5,1,4.443977802969379e-05,2.808704319304756e-05,2019W18
2019-05-02,2019,5,2,,,2019W18
2019-05-03,2019,5,3,9.467225570406284e-05,4.476805431736887e-05,2019W18
2019-05-04,2019,5,4,5.792596029110956e-05,4.706135099712842e-05,2019W18
2019-05-05,2019,5,5,,,2019W18
2019-05-06,2019,5,6,0.0001365659340315,4.758704957166978e-05,2019W19
2019-05-07,2019,5,7,7.512279964197543e-05,1.617929132507254e-05,2019W19
2019-05-08,2019,5,8,9.910592827730886e-05,2.3988508057708783e-05,2019W19
2019-05-09,2019,5,9,,,2019W19
2019-05-10,2019,5,10,4.5139562765025474e-05,2.73897768934932e-05,2019W19
2019-05-11,2019,5,11,9.496630929938053e-05,3.8924472762482904e-05,2019W19
2019-05-12,2019,5,12,0.0001025852856175,5.979025570713682e-05,2019W19
2019-05-13,2019,5,13,0.0001322789559132,3.580971468147303e-05,2019W20
2019-05-14,2019,5,14,0.0001127902159398,2.3588832127865408e-05,2019W20
2019-05-15,2019,5,15,6.027591839554532e-05,2.4845872895005965e-05,2019W20
2019-05-16,2019,5,16,6.684581810757946e-05,3.6101075292294154e-05,2019W20
2019-05-17,2019,5,17,8.34131295827053e-05,1.997690273204876e-05,2019W20
2019-05-18,2019,5,18,0.0001094020633199,8.670536377326674e-06,2019W20
2019-05-19,2019,5,19,5.410179013080364e-05,1.813554081309121e-05,2019W20
2019-05-20,2019,5,20,,,2019W21
2019-05-21,2019,5,21,,,2019W21
2019-05-22,2019,5,22,6.160744886417407e-05,6.0905139771512974e-05,2019W21
2019-05-23,2019,5,23,0.000237733895661,4.668820277124965e-05,2019W21
2019-05-24,2019,5,24,0.0001902213288829,5.656791237485577e-05,2019W21
2019-05-25,2019,5,25,,,2019W21
2019-05-26,2019,5,26,,,2019W21
2019-05-27,2019,5,27,,,2019W22
2019-05-28,2019,5,28,0.0002138828907135,3.279249111166069e-05,2019W22
2019-05-29,2019,5,29,,,2019W22
2019-05-30,2019,5,30,,,2019W22
2019-05-31,2019,5,31,0.0001038017661524,2.1757143947627308e-05,2019W22
2019-06-01,2019,6,1,0.00011109135788924573,6.556920427281512e-05,2019W22
2019-06-02,2019,6,2,0.0001341127576942,3.93699779403174e-05,2019W22
2019-06-03,2019,6,3,0.0002239463015335,3.184020060309264e-05,2019W23
2019-06-04,2019,6,4,7.497821797791507e-05,3.061017726452107e-05,2019W23
2019-06-05,2019,6,5,,,2019W23
2019-06-06,2019,6,6,,,2019W23
2019-06-07,2019,6,7,0.00010603900209797776,3.0215042098032513e-05,2019W23
2019-06-08,2019,6,8,0.0001147028522492,2.3220435157327078e-05,2019W23
2019-06-09,2019,6,9,5.798227713870731e-05,7.719220077336733e-05,2019W23
2019-06-10,2019,6,10,,,2019W24
2019-06-11,2019,6,11,,,2019W24
2019-06-12,2019,6,12,,,2019W24
2019-06-13,2019,6,13,,,2019W24
2019-06-14,2019,6,14,,,2019W24
2019-06-15,2019,6,15,,,2019W24
2019-06-16,2019,6,16,,,2019W24
2019-06-17,2019,6,17,,,2019W25
2019-06-18,2019,6,18,,,2019W25
2019-06-19,2019,6,19,7.83479220060668e-05,0.0001218499504475,2019W25
2019-06-20,2019,6,20,0.000145002138323,1.444852177072546e-05,2019W25
2019-06-21,2019,6,21,,,2019W25
2019-06-22,2019,6,22,0.0003370262428515,4.016187470369057e-05,2019W25
2019-06-23,2019,6,23,,,2019W25
2019-06-24,2019,6,24,,,2019W26
2019-06-25,2019,6,25,5.676430782262934e-05,4.099830328623555e-05,2019W26
2019-06-26,2019,6,26,,,2019W26
2019-06-27,2019,6,27,0.0001133602415614,1.9945278135140004e-05,2019W26
2019-06-28,2019,6,28,,,2019W26
2019-06-29,2019,6,29,,,2019W26
2019-06-30,2019,6,30,,,2019W26
2019-07-01,2019,7,1,0.0001354768748179,2.015792551276755e-05,2019W27
2019-07-02,2019,7,2,,,2019W27
2019-07-03,2019,7,3,6.490486827560403e-05,4.0765499569106535e-05,2019W27
2019-07-04,2019,7,4,0.0001008067440012,6.518865352483581e-05,2019W27
2019-07-05,2019,7,5,8.634794433509706e-05,7.725467033780165e-05,2019W27
2019-07-06,2019,7,6,0.00024363596569,5.984030406061669e-05,2019W27
2019-07-07,2019,7,7,0.000133927221825,6.979644509511652e-05,2019W27
2019-07-08,2019,7,8,0.0001555472327641,3.790561835151504e-05,2019W28
2019-07-09,2019,7,9,0.0001681683975962,7.080650350210855e-05,2019W28
2019-07-10,2019,7,10,,,2019W28
2019-07-11,2019,7,11,,,2019W28
2019-07-12,2019,7,12,9.960225158913082e-05,1.480368291124113e-05,2019W28
2019-07-13,2019,7,13,0.0002111340003981,0.0001647656326336,2019W28
2019-07-14,2019,7,14,0.0001590240186346,4.245418658869599e-05,2019W28
2019-07-15,2019,7,15,0.0001213436254939,5.435051299310856e-05,2019W29
2019-07-16,2019,7,16,9.949294681199236e-05,0.0001120550260737,2019W29
2019-07-17,2019,7,17,0.0001029899565596,8.362327897580972e-05,2019W29
2019-07-18,2019,7,18,,,2019W29
2019-07-19,2019,7,19,0.00022445594925444998,6.857521855545e-05,2019W29
2019-07-20,2019,7,20,,,2019W29
2019-07-21,2019,7,21,,,2019W29
2019-07-22,2019,7,22,,,2019W30
2019-07-23,2019,7,23,,,2019W30
2019-07-24,2019,7,24,0.000276649283478,6.380694348004104e-06,2019W30
2019-07-25,2019,7,25,,,2019W30
2019-07-26,2019,7,26,,,2019W30
2019-07-27,2019,7,27,0.0003748235439795,7.573053078246078e-05,2019W30
2019-07-28,2019,7,28,1.0693144061193712e-05,7.001499430690811e-05,2019W30
2019-07-29,2019,7,29,,,2019W31
2019-07-30,2019,7,30,0.0002904841005197,2.571464584062839e-05,2019W31
2019-07-31,2019,7,31,0.0001017603734559,2.4119492884750687e-05,2019W31
2019-08-01,2019,8,1,6.203561257773726e-05,4.24226560315376e-05,2019W31
2019-08-02,2019,8,2,6.9310603929668e-05,2.31087360074112e-05,2019W31
2019-08-03,2019,8,3,0.0001293293163233,2.212510272077073e-05,2019W31
2019-08-04,2019,8,4,5.439807151584117e-05,3.677176948499529e-05,2019W31
2019-08-05,2019,8,5,8.131812321613078e-05,0.0,2019W32
2019-08-06,2019,8,6,0.0001071908221308,2.9234757677012688e-05,2019W32
2019-08-07,2019,8,7,,,2019W32
2019-08-08,2019,8,8,3.392179496586323e-05,2.41671959493968e-05,2019W32
2019-08-09,2019,8,9,,,2019W32
2019-08-10,2019,8,10,9.439589161300243e-05,3.644399150511537e-05,2019W32
2019-08-11,2019,8,11,0.0001026244954763,3.479896782318608e-05,2019W32
2019-08-12,2019,8,12,,,2019W33
2019-08-13,2019,8,13,7.55393156970206e-05,7.387515932114759e-05,2019W33
2019-08-14,2019,8,14,7.566995039410055e-05,0.000148249704235,2019W33
2019-08-15,2019,8,15,0.0002075931034763,2.2648655712459316e-05,2019W33
2019-08-16,2019,8,16,0.0003438369097332,1.7187834283014456e-13,2019W33
2019-08-17,2019,8,17,6.347163361201213e-05,9.963710531125328e-05,2019W33
2019-08-18,2019,8,18,1.2351929399301296e-05,6.873521065067896e-05,2019W33
2019-08-19,2019,8,19,0.0002172261027134,7.87367146906648e-05,2019W34
2019-08-20,2019,8,20,0.00020674277893309998,0.00011813938751275515,2019W34
2019-08-21,2019,8,21,0.000117789209279,8.175198660111868e-05,2019W34
2019-08-22,2019,8,22,0.0004112330546222,2.850313712568249e-05,2019W34
2019-08-23,2019,8,23,0.0001740701098943,4.3272631742847937e-05,2019W34
2019-08-24,2019,8,24,7.082843692410712e-05,0.0,2019W34
2019-08-25,2019,8,25,,,2019W34
2019-08-26,2019,8,26,,,2019W35
2019-08-27,2019,8,27,8.815073481496041e-05,4.597106025779792e-05,2019W35
2019-08-28,2019,8,28,,,2019W35
2019-08-29,2019,8,29,0.0001129610900534,5.317455525700332e-05,2019W35
2019-08-30,2019,8,30,,,2019W35
2019-08-31,2019,8,31,0.0001645071120649,1.8908600984558904e-05,2019W35
2019-09-01,2019,9,1,4.6803693357601855e-05,3.244403456797322e-05,2019W35
2019-09-02,2019,9,2,7.491244269655176e-05,5.097036262403707e-05,2019W36
2019-09-03,2019,9,3,8.65413187553157e-05,1.5295006556485398e-05,2019W36
2019-09-04,2019,9,4,0.0001208724368728,2.4661265955776228e-05,2019W36
2019-09-05,2019,9,5,5.475685212657002e-05,5.0771004226514564e-05,2019W36
2019-09-06,2019,9,6,,,2019W36
2019-09-07,2019,9,7,,,2019W36
2019-09-08,2019,9,8,0.0001154584838204,0.0001872659519677,2019W36
2019-09-09,2019,9,9,,,2019W37
2019-09-10,2019,9,10,,,2019W37
2019-09-11,2019,9,11,,,2019W37
2019-09-12,2019,9,12,0.0001391906935699,3.159897176344653e-05,2019W37
2019-09-13,2019,9,13,0.000404095468689,3.993425504477351e-05,2019W37
2019-09-14,2019,9,14,7.028406094606831e-05,3.7881374516494896e-05,2019W37
2019-09-15,2019,9,15,0.0001324110398083,2.190727475951604e-05,2019W37
2019-09-16,2019,9,16,0.00011981962170045,7.130194481538244e-05,2019W38
2019-09-17,2019,9,17,8.294092695023277e-05,2.258757041630622e-05,2019W38
2019-09-18,2019,9,18,0.0002393885104759,2.336117292475812e-05,2019W38
2019-09-19,2019,9,19,0.0001438116345672,1.150531788735044e-05,2019W38
2019-09-20,2019,9,20,8.453244194851485e-05,1.0301999732483625e-05,2019W38
2019-09-21,2019,9,21,5.721937687969059e-05,6.337767262326387e-06,2019W38
2019-09-22,2019,9,22,4.529203246833468e-05,0.0001514380111126,2019W38
2019-09-23,2019,9,23,0.0001653707731747,5.2700480193641374e-05,2019W39
2019-09-24,2019,9,24,0.0003635183333071,6.771311561247616e-05,2019W39
2019-09-25,2019,9,25,0.0001465548625151,0.0,2019W39
2019-09-26,2019,9,26,0.0001382487886405,3.522436131879271e-05,2019W39
2019-09-27,2019,9,27,9.970338009417967e-05,1.6056655963929147e-05,2019W39
2019-09-28,2019,9,28,5.376445728358016e-05,1.1307733694750678e-05,2019W39
2019-09-29,2019,9,29,4.293575864260354e-05,2.7290272087953986e-05,2019W39
2019-09-30,2019,9,30,7.05877555682502e-05,1.852992111294643e-05,2019W40
2019-10-01,2019,10,1,,,2019W40
2019-10-02,2019,10,2,,,2019W40
2019-10-03,2019,10,3,,,2019W40
2019-10-04,2019,10,4,,,2019W40
2019-10-05,2019,10,5,6.80432639242966e-05,2.617566924014233e-05,2019W40
2019-10-06,2019,10,6,5.512081301882124e-05,4.566092920263045e-05,2019W40
2019-10-07,2019,10,7,0.00010840898777025,4.0638923225509726e-05,2019W41
2019-10-08,2019,10,8,8.354339672044485e-05,2.3559605693671938e-05,2019W41
2019-10-09,2019,10,9,0.0001479428070979,1.186231577515289e-05,2019W41
2019-10-10,2019,10,10,,,2019W41
2019-10-11,2019,10,11,6.344203199527818e-05,1.877068217437895e-05,2019W41
2019-10-12,2019,10,12,,,2019W41
2019-10-13,2019,10,13,3.547494039761671e-05,1.6855956364712413e-05,2019W41
2019-10-14,2019,10,14,,,2019W42
2019-10-15,2019,10,15,,,2019W42
2019-10-16,2019,10,16,,,2019W42
2019-10-17,2019,10,17,,,2019W42
2019-10-18,2019,10,18,6.37613209061609e-05,6.111877806179787e-05,2019W42
2019-10-19,2019,10,19,0.0001871150803564,2.3572870512199743e-05,2019W42
2019-10-20,2019,10,20,,,2019W42
2019-10-21,2019,10,21,0.0001845801105772,1.92606286522978e-05,2019W43
2019-10-22,2019,10,22,6.543667931825695e-05,2.0146406618342942e-05,2019W43
2019-10-23,2019,10,23,6.380401148642641e-05,2.5290733802288847e-05,2019W43
2019-10-24,2019,10,24,7.465196716348397e-05,1.714265845068128e-05,2019W43
2019-10-25,2019,10,25,8.650260841746873e-05,1.6450947188836198e-05,2019W43
2019-10-26,2019,10,26,4.330122648443613e-05,2.533213085279974e-05,2019W43
2019-10-27,2019,10,27,,,2019W43
2019-10-28,2019,10,28,,,2019W44
2019-10-29,2019,10,29,5.979893191214398e-05,2.353744897088093e-05,2019W44
2019-10-30,2019,10,30,1.8770897440845147e-05,2.057284220684612e-05,2019W44
2019-10-31,2019,10,31,6.525082883134241e-05,1.6860863379033026e-05,2019W44
2019-11-01,2019,11,1,,,2019W44
2019-11-02,2019,11,2,6.073905010722417e-05,8.023536685953499e-05,2019W44
2019-11-03,2019,11,3,5.658386918930283e-05,3.2402876895399425e-05,2019W44
2019-11-04,2019,11,4,,,2019W45
2019-11-05,2019,11,5,0.0001753631577738,2.0080717671445083e-05,2019W45
2019-11-06,2019,11,6,6.661194897051547e-05,2.6772762196095258e-05,2019W45
2019-11-07,2019,11,7,9.679120810825813e-05,1.7174476839894984e-05,2019W45
2019-11-08,2019,11,8,5.7201983963044856e-05,4.072205769708738e-05,2019W45
2019-11-09,2019,11,9,4.8987031281627744e-05,3.977658579701953e-05,2019W45
2019-11-10,2019,11,10,3.4074334159157145e-05,1.4703391426633364e-05,2019W45
2019-11-11,2019,11,11,,,2019W46
2019-11-12,2019,11,12,0.0001226566998001,1.5538319592253926e-05,2019W46
2019-11-13,2019,11,13,0.0001116126353835,7.617910593412874e-05,2019W46
2019-11-14,2019,11,14,5.275433053742797e-05,1.9483713782661818e-05,2019W46
2019-11-15,2019,11,15,0.000142353054494,4.066963955357743e-05,2019W46
2019-11-16,2019,11,16,,,2019W46
2019-11-17,2019,11,17,4.590590151209413e-05,5.068814543236354e-05,2019W46
2019-11-18,2019,11,18,5.545241688765893e-05,5.434172848413441e-05,2019W47
2019-11-19,2019,11,19,0.00011170182489204773,3.076870942113504e-05,2019W47
2019-11-20,2019,11,20,0.0001387607385815,1.656529725956793e-05,2019W47
2019-11-21,2019,11,21,0.0001067168205514,1.176058785689002e-05,2019W47
2019-11-22,2019,11,22,4.105149407603526e-05,9.417750160275652e-06,2019W47
2019-11-23,2019,11,23,3.901303980324781e-05,2.505288034166062e-05,2019W47
2019-11-24,2019,11,24,2.9599155518216336e-05,3.687524807006743e-05,2019W47
2019-11-25,2019,11,25,,,2019W48
2019-11-26,2019,11,26,,,2019W48
2019-11-27,2019,11,27,6.416082313569477e-05,1.4079230744681148e-05,2019W48
2019-11-28,2019,11,28,9.421943189108888e-05,1.2959925964813014e-05,2019W48
2019-11-29,2019,11,29,8.769705595831358e-05,1.1971592542055493e-05,2019W48
2019-11-30,2019,11,30,3.262799147971786e-05,4.776318813718512e-05,2019W48
2019-12-01,2019,12,1,3.842096553855122e-05,1.7353707664154873e-05,2019W48
2019-12-02,2019,12,2,0.0001268416065117,4.5430510562242085e-05,2019W49
2019-12-03,2019,12,3,,,2019W49
2019-12-04,2019,12,4,,,2019W49
2019-12-05,2019,12,5,6.684234623970953e-05,1.128206460100018e-05,2019W49
2019-12-06,2019,12,6,0.0001020576532419,4.567484236264037e-05,2019W49
2019-12-07,2019,12,7,6.213963206391782e-05,2.082889673882022e-05,2019W49
2019-12-08,2019,12,8,5.420914158144256e-05,2.0392221295175568e-05,2019W49
2019-12-09,2019,12,9,0.0001221933716466,2.56909550574108e-05,2019W50
2019-12-10,2019,12,10,8.874310956263692e-05,5.1831090213072403e-05,2019W50
2019-12-11,2019,12,11,8.43043512487718e-05,3.7579822119166974e-05,2019W50
2019-12-12,2019,12,12,4.766789064206804e-05,8.283309680710298e-05,2019W50
2019-12-13,2019,12,13,0.0001469944564409,0.0,2019W50
2019-12-14,2019,12,14,6.951380149826799e-05,7.480975798302309e-05,2019W50
2019-12-15,2019,12,15,,,2019W50
2019-12-16,2019,12,16,9.004890836e-05,6.321247152583647e-05,2019W51
2019-12-17,2019,12,17,0.0001350424612439,3.547019965015833e-06,2019W51
2019-12-18,2019,12,18,6.931619155140421e-05,1.162806690424389e-05,2019W51
2019-12-19,2019,12,19,0.0001337245455553,6.16175036891418e-05,2019W51
2019-12-20,2019,12,20,,,2019W51
2019-12-21,2019,12,21,2.4400528336599222e-05,2.1793322459468672e-05,2019W51
2019-12-22,2019,12,22,3.157159655052996e-05,1.6589933709988277e-05,2019W51
2019-12-23,2019,12,23,0.0001377735571002,1.8341499227303044e-05,2019W52
2019-12-24,2019,12,24,5.330898796131727e-05,3.3072870378839115e-05,2019W52
2019-12-25,2019,12,25,,,2019W52
2019-12-26,2019,12,26,6.432952666834686e-05,6.424261450421285e-05,2019W52
2019-12-27,2019,12,27,6.376035255852816e-05,2.102915252431426e-05,2019W52
2019-12-28,2019,12,28,,,2019W52
2019-12-29,2019,12,29,0.0001444822693194,2.9917817038624645e-05,2019W52
2019-12-30,2019,12,30,,,2020W01
2019-12-31,2019,12,31,,,2020W01
2020-01-01,2020,1,1,,,2020W01
2020-01-02,2020,1,2,4.4935608235840514e-05,0.0,2020W01
2020-01-03,2020,1,3,7.039428232971884e-05,7.659244182231844e-06,2020W01
2020-01-04,2020,1,4,5.926337090741396e-05,1.7439089804670333e-05,2020W01
2020-01-05,2020,1,5,3.414791353861801e-05,2.925538745315687e-05,2020W01
2020-01-06,2020,1,6,4.1167612352691775e-05,6.112705320734344e-05,2020W02
2020-01-07,2020,1,7,5.9333866647545485e-05,5.625257848785528e-07,2020W02
2020-01-08,2020,1,8,5.7287420296622655e-05,8.304345907608682e-05,2020W02
2020-01-09,2020,1,9,0.0001335921098051,3.1109961447093946e-05,2020W02
2020-01-10,2020,1,10,6.190732090348114e-05,0.0,2020W02
2020-01-11,2020,1,11,0.00011751528055000608,3.386812066397208e-05,2020W02
2020-01-12,2020,1,12,6.098619113597386e-05,1.13402462160665e-05,2020W02
2020-01-13,2020,1,13,5.480672489411058e-05,3.651255601113054e-05,2020W03
2020-01-14,2020,1,14,6.963287930967229e-05,3.608315388276896e-05,2020W03
2020-01-15,2020,1,15,8.703503207467619e-05,2.724632725530404e-05,2020W03
2020-01-16,2020,1,16,0.0001206247647192,2.006600193528218e-05,2020W03
2020-01-17,2020,1,17,6.6858096013269e-05,2.9876305037653983e-05,2020W03
2020-01-18,2020,1,18,5.445877596535564e-05,1.5217912498801094e-05,2020W03
2020-01-19,2020,1,19,4.543626785684786e-05,1.9251245179932613e-05,2020W03
2020-01-20,2020,1,20,7.512447817756633e-05,2.5307829895396422e-05,2020W04
2020-01-21,2020,1,21,,,2020W04
2020-01-22,2020,1,22,5.436319053661158e-05,2.8739618198037707e-05,2020W04
2020-01-23,2020,1,23,5.513084313371105e-05,1.9663532033468965e-05,2020W04
2020-01-24,2020,1,24,7.918046691264025e-05,2.642817172317694e-05,2020W04
2020-01-25,2020,1,25,7.326968641210736e-05,3.1102790805298816e-05,2020W04
2020-01-26,2020,1,26,6.77328946148025e-05,2.0366094294282294e-05,2020W04
2020-01-27,2020,1,27,6.915537637154935e-05,2.468109620337223e-05,2020W05
2020-01-28,2020,1,28,4.804504790554272e-05,7.530370321375465e-05,2020W05
2020-01-29,2020,1,29,,,2020W05
2020-01-30,2020,1,30,7.238328424506454e-05,1.4924321422954695e-05,2020W05
2020-01-31,2020,1,31,0.0001777822998387,1.822032349566317e-05,2020W05
2020-02-01,2020,2,1,6.159214510973902e-05,2.880883938924537e-05,2020W05
2020-02-02,2020,2,2,4.7890729626405806e-05,1.8151995594318443e-05,2020W05
2020-02-03,2020,2,3,6.213932543683916e-05,1.68657767880862e-05,2020W06
2020-02-04,2020,2,4,6.911440450407374e-05,1.6526083483483182e-05,2020W06
2020-02-05,2020,2,5,,,2020W06
2020-02-06,2020,2,6,3.197971911172581e-05,6.201123497439606e-05,2020W06
2020-02-07,2020,2,7,,,2020W06
2020-02-08,2020,2,8,5.605606080392892e-05,3.0480687820842813e-05,2020W06
2020-02-09,2020,2,9,4.241801561156904e-05,1.9066725335160817e-05,2020W06
2020-02-10,2020,2,10,9.738902398494496e-05,1.7006580984691918e-05,2020W07
2020-02-11,2020,2,11,6.606819777249402e-05,2.1428325886703737e-05,2020W07
2020-02-12,2020,2,12,4.6978964283354524e-05,2.9821456302150583e-05,2020W07
2020-02-13,2020,2,13,5.7383700837855614e-05,2.4557787067908927e-05,2020W07
2020-02-14,2020,2,14,9.919884217358342e-05,1.0848433718521588e-05,2020W07
2020-02-15,2020,2,15,7.808510876043881e-05,1.2521397494044964e-05,2020W07
2020-02-16,2020,2,16,0.00010493779816,2.542461543257988e-05,2020W07
2020-02-17,2020,2,17,,,2020W08
2020-02-18,2020,2,18,5.096847084358083e-05,1.654834553599156e-05,2020W08
2020-02-19,2020,2,19,7.412884867225574e-05,3.569177598757839e-05,2020W08
2020-02-20,2020,2,20,5.205062416761873e-05,1.1513776109477552e-05,2020W08
2020-02-21,2020,2,21,4.061019056058025e-05,6.157131479959807e-06,2020W08
2020-02-22,2020,2,22,0.0001155756803736,1.479372030139717e-05,2020W08
2020-02-23,2020,2,23,3.502786668978568e-05,5.908750397091326e-05,2020W08
2020-02-24,2020,2,24,3.66604706395667e-05,0.0001042760228886,2020W09
2020-02-25,2020,2,25,7.162637112161896e-05,0.0001075013210533,2020W09
2020-02-26,2020,2,26,0.0001452145195759,7.623633193796632e-05,2020W09
2020-02-27,2020,2,27,0.0001550478656973,3.5439106096118725e-05,2020W09
2020-02-28,2020,2,28,0.00023453840203,4.2127950781309815e-05,2020W09
2020-02-29,2020,2,29,9.128020809430379e-05,6.480912722750008e-05,2020W09
2020-03-01,2020,3,1,8.534703911457818e-05,0.0001577089211697,2020W09
2020-03-02,2020,3,2,0.0001257406014593,4.090022871274111e-05,2020W10
2020-03-03,2020,3,3,0.0001140425798647,2.973704286494215e-05,2020W10
2020-03-04,2020,3,4,0.0001703948653719,2.813241857999604e-05,2020W10
2020-03-05,2020,3,5,7.273589912617755e-05,2.0317130843366126e-05,2020W10
2020-03-06,2020,3,6,8.96369813819458e-05,1.4520249542720848e-05,2020W10
2020-03-07,2020,3,7,5.592228004201302e-05,1.7469901291427994e-05,2020W10
2020-03-08,2020,3,8,,,2020W10
2020-03-09,2020,3,9,6.456873168223167e-05,9.116574366663432e-05,2020W11
2020-03-10,2020,3,10,5.302225998339958e-05,2.494292093656927e-05,2020W11
2020-03-11,2020,3,11,,,2020W11
2020-03-12,2020,3,12,0.0003879021215692,1.0223424591248818e-05,2020W11
2020-03-13,2020,3,13,7.96813134516167e-05,3.574062513164884e-05,2020W11
2020-03-14,2020,3,14,,,2020W11
2020-03-15,2020,3,15,2.9672177233834206e-05,1.2618766746406064e-05,2020W11
2020-03-16,2020,3,16,4.961355946123437e-05,1.6000435258401193e-05,2020W12
2020-03-17,2020,3,17,,,2020W12
2020-03-18,2020,3,18,9.749094160473792e-05,2.004435997825433e-05,2020W12
2020-03-19,2020,3,19,4.261119459857279e-05,1.7987110576610076e-05,2020W12
2020-03-20,2020,3,20,5.623138162042979e-05,2.8729411524762376e-05,2020W12
2020-03-21,2020,3,21,3.389468218849897e-05,1.763716110147267e-05,2020W12
2020-03-22,2020,3,22,3.554002703591222e-05,8.824135219011617e-06,2020W12
2020-03-23,2020,3,23,2.7714175186368653e-05,1.6767701758193884e-05,2020W13
2020-03-24,2020,3,24,3.816121734394688e-05,2.5550355077338345e-05,2020W13
2020-03-25,2020,3,25,,,2020W13
2020-03-26,2020,3,26,3.981010949898867e-05,1.9824792777145684e-05,2020W13
2020-03-27,2020,3,27,6.044981609342939e-05,1.2758679344156887e-05,2020W13
2020-03-28,2020,3,28,0.000100436415466,1.3857053011661058e-05,2020W13
2020-03-29,2020,3,29,7.07336770861843e-05,9.614783516361798e-06,2020W13
2020-03-30,2020,3,30,4.055913277319368e-05,3.7614601459682646e-05,2020W14
2020-03-31,2020,3,31,,,2020W14
2020-04-01,2020,4,1,5.047988993724142e-05,1.3623620194611707e-05,2020W14
2020-04-02,2020,4,2,1.6621937212282644e-05,1.0610467943925343e-05,2020W14
2020-04-03,2020,4,3,0.00011875936698,9.471044139477958e-06,2020W14
2020-04-04,2020,4,4,4.982933352184162e-05,1.022731289627962e-05,2020W14
2020-04-05,2020,4,5,,,2020W14
2020-04-06,2020,4,6,2.2727155468828987e-05,2.225338299926695e-05,2020W15
2020-04-07,2020,4,7,3.235937471243667e-05,1.3386399084869496e-05,2020W15
2020-04-08,2020,4,8,8.227198936806359e-05,1.0426662778745728e-05,2020W15
2020-04-09,2020,4,9,5.013775714624496e-05,5.895477854211636e-06,2020W15
2020-04-10,2020,4,10,3.5851877700225704e-05,1.7382792978143128e-05,2020W15
2020-04-11,2020,4,11,2.8610152342238026e-05,1.634423551245305e-05,2020W15
2020-04-12,2020,4,12,1.916117946158478e-05,5.177127653009028e-05,2020W15
2020-04-13,2020,4,13,,,2020W16
2020-04-14,2020,4,14,2.331558584417285e-05,7.222187123051288e-05,2020W16
2020-04-15,2020,4,15,5.3538557308025386e-05,1.3723256343152172e-05,2020W16
2020-04-16,2020,4,16,0.00018008543902805,2.042914910546298e-05,2020W16
2020-04-17,2020,4,17,5.3886228753712186e-05,2.754393210711723e-05,2020W16
2020-04-18,2020,4,18,4.020716675266153e-05,1.7395876414035e-05,2020W16
2020-04-19,2020,4,19,3.45545462569249e-05,5.526567831494149e-06,2020W16
2020-04-20,2020,4,20,8.963960315118903e-05,1.0504845370610163e-05,2020W17
2020-04-21,2020,4,21,4.82800083703906e-05,3.2120618010839726e-05,2020W17
2020-04-22,2020,4,22,3.6354236644923287e-05,1.2269229452758542e-05,2020W17
2020-04-23,2020,4,23,9.371876050929166e-05,5.413332332395264e-05,2020W17
2020-04-24,2020,4,24,,,2020W17
2020-04-25,2020,4,25,,,2020W17
2020-04-26,2020,4,26,3.057941424821029e-05,1.9005307115541398e-05,2020W17
2020-04-27,2020,4,27,,,2020W18
2020-04-28,2020,4,28,,,2020W18
2020-04-29,2020,4,29,4.6627178880036095e-05,1.7500167148665882e-05,2020W18
2020-04-30,2020,4,30,0.000116882789597,1.2834204409172608e-05,2020W18
2020-05-01,2020,5,1,4.117934364837766e-05,1.1921944969069264e-05,2020W18
2020-05-02,2020,5,2,4.574899674502851e-05,1.9119835917786407e-05,2020W18
2020-05-03,2020,5,3,2.672905515257699e-05,2.9786030465097e-05,2020W18
2020-05-04,2020,5,4,,,2020W19
2020-05-05,2020,5,5,,,2020W19
2020-05-06,2020,5,6,2.7085427808020128e-05,2.339903030850874e-05,2020W19
2020-05-07,2020,5,7,9.583671770592844e-05,1.981041599215657e-05,2020W19
2020-05-08,2020,5,8,5.3234856336335405e-05,2.476916063524601e-05,2020W19
2020-05-09,2020,5,9,5.390046537798551e-05,6.345095770468263e-05,2020W19
2020-05-10,2020,5,10,5.323834362301095e-05,2.985592401077446e-05,2020W19
2020-05-11,2020,5,11,0.0001129012632355,3.017802097482872e-05,2020W20
2020-05-12,2020,5,12,0.0001134670898496,9.030639747611512e-05,2020W20
2020-05-13,2020,5,13,9.067534335870577e-05,1.922684811582686e-05,2020W20
2020-05-14,2020,5,14,0.0003160339992292,2.1505069554983133e-05,2020W20
2020-05-15,2020,5,15,6.622210559772766e-05,1.9023636056800725e-05,2020W20
2020-05-16,2020,5,16,5.973996364027062e-05,1.9579219307745253e-05,2020W20
2020-05-17,2020,5,17,9.885869265153812e-05,9.86973985315869e-06,2020W20
2020-05-18,2020,5,18,4.628968070870719e-05,3.176590014673712e-05,2020W21
2020-05-19,2020,5,19,7.046099795070603e-05,1.5773554719055866e-05,2020W21
2020-05-20,2020,5,20,,,2020W21
2020-05-21,2020,5,21,,,2020W21
2020-05-22,2020,5,22,,,2020W21
2020-05-23,2020,5,23,7.986452901422796e-05,3.898709580420422e-06,2020W21
2020-05-24,2020,5,24,7.086349686341818e-05,5.368185689596753e-05,2020W21
2020-05-25,2020,5,25,2.1867760190636425e-05,6.445921331498475e-05,2020W22
2020-05-26,2020,5,26,0.0001717197717034,6.530051065310493e-05,2020W22
2020-05-27,2020,5,27,9.531678089218142e-05,6.717063532742e-13,2020W22
2020-05-28,2020,5,28,0.000166411541551,1.0352336685130706e-05,2020W22
2020-05-29,2020,5,29,6.215859405111057e-05,5.5508446280803915e-05,2020W22
2020-05-30,2020,5,30,,,2020W22
2020-05-31,2020,5,31,2.57543347710264e-05,4.858522331716038e-05,2020W22
2020-06-01,2020,6,1,0.0001187892617384,6.398149561142543e-06,2020W23
2020-06-02,2020,6,2,0.0001497321806811,8.042118800500289e-05,2020W23
2020-06-03,2020,6,3,0.0004617821171617,8.44009399896137e-05,2020W23
2020-06-04,2020,6,4,0.00010510208635329847,6.48920791117586e-05,2020W23
2020-06-05,2020,6,5,,,2020W23
2020-06-06,2020,6,6,,,2020W23
2020-06-07,2020,6,7,,,2020W23
2020-06-08,2020,6,8,,,2020W24
2020-06-09,2020,6,9,0.0003347642682508,3.9313190991429474e-05,2020W24
2020-06-10,2020,6,10,0.0001847687709194,1.381744351138762e-05,2020W24
2020-06-11,2020,6,11,7.486294561117206e-05,3.224726617729115e-05,2020W24
2020-06-12,2020,6,12,0.0002230785937366,1.8695937292529157e-05,2020W24
2020-06-13,2020,6,13,4.795281544911752e-05,2.179604991063767e-05,2020W24
2020-06-14,2020,6,14,6.178203608177944e-05,2.6060882883512255e-05,2020W24
2020-06-15,2020,6,15,5.5872235998501526e-05,1.1170704704660731e-05,2020W25
2020-06-16,2020,6,16,9.3539297526652e-05,1.892217410384808e-05,2020W25
2020-06-17,2020,6,17,3.893490525098769e-05,1.3982398977162292e-05,2020W25
2020-06-18,2020,6,18,7.170516242078794e-05,4.708519351407066e-05,2020W25
2020-06-19,2020,6,19,,,2020W25
2020-06-20,2020,6,20,4.968147399442004e-05,1.8438394241893853e-05,2020W25
2020-06-21,2020,6,21,5.290887752851047e-05,1.8293243929891784e-05,2020W25
2020-06-22,2020,6,22,6.35509263526079e-05,3.394613065450324e-05,2020W26
2020-06-23,2020,6,23,,,2020W26
2020-06-24,2020,6,24,,,2020W26
2020-06-25,2020,6,25,6.549638414095361e-05,9.260124182582392e-05,2020W26
2020-06-26,2020,6,26,0.0001308675196368,1.824196120878299e-05,2020W26
2020-06-27,2020,6,27,0.000118799682734,8.034951029901754e-13,2020W26
2020-06-28,2020,6,28,0.0003206926058691,4.8996529175973545e-05,2020W26
2020-06-29,2020,6,29,4.029561251795399e-05,3.947514413890395e-05,2020W27
2020-06-30,2020,6,30,,,2020W27
2020-07-01,2020,7,1,6.349483784065617e-05,2.591544209571477e-05,2020W27
2020-07-02,2020,7,2,,,2020W27
2020-07-03,2020,7,3,9.265452764241088e-05,2.4778882820869856e-05,2020W27
2020-07-04,2020,7,4,0.0001955223295174,5.276812363370559e-05,2020W27
2020-07-05,2020,7,5,7.350688044400278e-05,8.04212243739679e-05,2020W27
2020-07-06,2020,7,6,0.00017116201049,3.269299122847898e-05,2020W28
2020-07-07,2020,7,7,5.848379413253357e-05,8.625008575367103e-05,2020W28
2020-07-08,2020,7,8,0.0004208491732171,1.7924646317007427e-05,2020W28
2020-07-09,2020,7,9,8.256713963094668e-05,1.6838400169196554e-05,2020W28
2020-07-10,2020,7,10,,,2020W28
2020-07-11,2020,7,11,0.0001885331545967,4.217981047074106e-05,2020W28
2020-07-12,2020,7,12,4.523559470525554e-05,5.376306219678388e-05,2020W28
2020-07-13,2020,7,13,5.917032906222925e-05,7.461388425969906e-05,2020W29
2020-07-14,2020,7,14,0.0001281412157984,5.056808828084874e-05,2020W29
2020-07-15,2020,7,15,0.0001084224592357,2.6404693810067724e-05,2020W29
2020-07-16,2020,7,16,0.000136457773103,2.9998906930214984e-06,2020W29
2020-07-17,2020,7,17,8.200358273271772e-05,2.5477506705962667e-05,2020W29
2020-07-18,2020,7,18,,,2020W29
2020-07-19,2020,7,19,8.1535238071247e-05,1.9038005528325325e-05,2020W29
2020-07-20,2020,7,20,0.0001382326992956,0.0,2020W30
2020-07-21,2020,7,21,,,2020W30
2020-07-22,2020,7,22,,,2020W30
2020-07-23,2020,7,23,,,2020W30
2020-07-24,2020,7,24,7.014757151470151e-05,4.5836226957044575e-05,2020W30
2020-07-25,2020,7,25,5.8264509205770455e-05,3.4517476867939235e-05,2020W30
2020-07-26,2020,7,26,8.522350265076776e-05,8.040154571966065e-05,2020W30
2020-07-27,2020,7,27,0.0001601730382686,3.699510522598032e-05,2020W31
2020-07-28,2020,7,28,8.43131898553319e-05,4.200776087161108e-12,2020W31
2020-07-29,2020,7,29,0.0002915575755013,1.5235879291155746e-05,2020W31
2020-07-30,2020,7,30,7.261094729670563e-05,1.2332522015923551e-05,2020W31
2020-07-31,2020,7,31,0.0002402920093279,2.917643879773421e-05,2020W31
2020-08-01,2020,8,1,6.329796165890451e-05,2.871963798469969e-05,2020W31
2020-08-02,2020,8,2,6.237017117273579e-05,2.930327657529104e-05,2020W31
2020-08-03,2020,8,3,5.775748864669975e-05,2.6163063799331425e-05,2020W32
2020-08-04,2020,8,4,5.906280880811923e-05,3.799309789598028e-05,2020W32
2020-08-05,2020,8,5,,,2020W32
2020-08-06,2020,8,6,,,2020W32
2020-08-07,2020,8,7,,,2020W32
2020-08-08,2020,8,8,9.729733439111204e-05,4.62999659628061e-05,2020W32
2020-08-09,2020,8,9,,,2020W32
2020-08-10,2020,8,10,6.907578980910095e-05,4.312732284562768e-05,2020W33
2020-08-11,2020,8,11,0.0001043852589609,4.65728942952277e-05,2020W33
2020-08-12,2020,8,12,0.0001210628766394,4.503057366177324e-05,2020W33
2020-08-13,2020,8,13,0.0001663230081157,1.583423360152794e-05,2020W33
2020-08-14,2020,8,14,0.0001178723271759,1.9499755424352024e-05,2020W33
2020-08-15,2020,8,15,4.268391564940962e-05,1.8400994270858215e-05,2020W33
2020-08-16,2020,8,16,5.260682944848896e-05,2.8555254000518155e-05,2020W33
2020-08-17,2020,8,17,5.919821462767748e-05,2.0631027687636763e-05,2020W34
2020-08-18,2020,8,18,8.72666892935207e-05,3.878240673426016e-05,2020W34
2020-08-19,2020,8,19,5.2684584212755645e-05,2.446144925037106e-05,2020W34
2020-08-20,2020,8,20,6.537729314412419e-05,1.441195147642896e-05,2020W34
2020-08-21,2020,8,21,0.0001460812264072,9.182096515002926e-06,2020W34
2020-08-22,2020,8,22,4.38671648099839e-05,3.0861902447827406e-05,2020W34
2020-08-23,2020,8,23,3.40868651331704e-05,2.7812555995639676e-05,2020W34
2020-08-24,2020,8,24,5.121870083338206e-05,8.395574510353794e-05,2020W35
2020-08-25,2020,8,25,,,2020W35
2020-08-26,2020,8,26,,,2020W35
2020-08-27,2020,8,27,9.462556479208692e-05,1.3776002509646813e-05,2020W35
2020-08-28,2020,8,28,,,2020W35
2020-08-29,2020,8,29,,,2020W35
2020-08-30,2020,8,30,8.579295458832185e-05,3.42972286746243e-05,2020W35
2020-08-31,2020,8,31,,,2020W36
2020-09-01,2020,9,1,,,2020W36
2020-09-02,2020,9,2,,,2020W36
2020-09-03,2020,9,3,,,2020W36
2020-09-04,2020,9,4,0.0002193552092613,5.052637994151602e-05,2020W36
2020-09-05,2020,9,5,4.412662344150444e-05,3.393363454751936e-05,2020W36
2020-09-06,2020,9,6,7.502724054247838e-05,3.325696307254278e-05,2020W36
2020-09-07,2020,9,7,9.039667056592018e-05,3.1075497466390926e-05,2020W37
2020-09-08,2020,9,8,8.279828633302004e-05,2.754354499047422e-05,2020W37
2020-09-09,2020,9,9,,,2020W37
2020-09-10,2020,9,10,7.220940622794663e-05,3.368413733682619e-05,2020W37
2020-09-11,2020,9,11,9.953421358263132e-05,2.2289497486761177e-05,2020W37
2020-09-12,2020,9,12,5.308021494073945e-05,5.655120263587736e-05,2020W37
2020-09-13,2020,9,13,7.807939610445815e-05,0.00014226934203982777,2020W37
2020-09-14,2020,9,14,0.0002216233894531,3.021583982442721e-05,2020W38
2020-09-15,2020,9,15,,,2020W38
2020-09-16,2020,9,16,0.0002987510930163,2.687070760127982e-05,2020W38
2020-09-17,2020,9,17,0.000206595715641,1.0735827417362903e-05,2020W38
2020-09-18,2020,9,18,0.00011029944681498919,6.539317183510309e-05,2020W38
2020-09-19,2020,9,19,3.930094971676879e-05,3.2433887311028024e-05,2020W38
2020-09-20,2020,9,20,4.024119218315118e-05,0.0001441792881596,2020W38
2020-09-21,2020,9,21,0.0002345665701375,4.588020393230705e-05,2020W39
2020-09-22,2020,9,22,6.884015931377299e-05,2.668277180170325e-05,2020W39
2020-09-23,2020,9,23,0.00011729579219536755,1.9108501914651822e-05,2020W39
2020-09-24,2020,9,24,8.194266303905e-05,1.5616430581181042e-05,2020W39
2020-09-25,2020,9,25,,,2020W39
2020-09-26,2020,9,26,5.671464888756636e-05,1.5975011878330752e-05,2020W39
2020-09-27,2020,9,27,,,2020W39
2020-09-28,2020,9,28,6.422582474632385e-05,2.8436656774905125e-05,2020W40
2020-09-29,2020,9,29,4.4571002680830795e-05,1.149465795798851e-05,2020W40
2020-09-30,2020,9,30,6.346269926735436e-05,2.3035466626527896e-05,2020W40
2020-10-01,2020,10,1,8.403319858697292e-05,1.8697316204871315e-05,2020W40
2020-10-02,2020,10,2,5.91644829758959e-05,7.012991026177811e-05,2020W40
2020-10-03,2020,10,3,5.211537035274562e-05,2.945981964933631e-05,2020W40
2020-10-04,2020,10,4,,,2020W40
2020-10-05,2020,10,5,6.64975679531342e-05,5.9700261960234186e-05,2020W41
2020-10-06,2020,10,6,0.0001949294992158,1.4173719407980112e-05,2020W41
2020-10-07,2020,10,7,9.362622824873578e-05,1.2887939151634094e-05,2020W41
2020-10-08,2020,10,8,0.0001811572343819,1.232950663842651e-05,2020W41
2020-10-09,2020,10,9,5.315159665338067e-05,9.62768323787568e-06,2020W41
2020-10-10,2020,10,10,4.8215119631098266e-05,0.0001040066237341,2020W41
2020-10-11,2020,10,11,3.2194435327652294e-05,5.773334000654236e-05,2020W41
2020-10-12,2020,10,12,4.6624017452358426e-05,4.794595049231984e-05,2020W42
2020-10-13,2020,10,13,0.0002826096833007,4.516459302243909e-05,2020W42
2020-10-14,2020,10,14,0.0001396189461428,2.137765012482867e-05,2020W42
2020-10-15,2020,10,15,0.00011206682495723594,1.592289732169156e-05,2020W42
2020-10-16,2020,10,16,6.003756671122185e-05,6.236473329565304e-06,2020W42
2020-10-17,2020,10,17,7.31705858240415e-05,4.24642274247506e-06,2020W42
2020-10-18,2020,10,18,4.854438245619725e-05,1.5162298314619407e-05,2020W42
2020-10-19,2020,10,19,3.863603924572825e-05,3.847192680416373e-05,2020W43
2020-10-20,2020,10,20,2.972773945436324e-05,2.216047292384566e-05,2020W43
2020-10-21,2020,10,21,,,2020W43
2020-10-22,2020,10,22,,,2020W43
2020-10-23,2020,10,23,6.203320699342074e-05,5.947833901654556e-05,2020W43
2020-10-24,2020,10,24,8.735457343709336e-05,9.182173769123428e-05,2020W43
2020-10-25,2020,10,25,,,2020W43
2020-10-26,2020,10,26,5.564393436786374e-05,5.798509517341238e-05,2020W44
2020-10-27,2020,10,27,0.0001134326111421,5.362304860909859e-05,2020W44
2020-10-28,2020,10,28,,,2020W44
2020-10-29,2020,10,29,,,2020W44
2020-10-30,2020,10,30,0.0002021435789482,2.0870359698140493e-05,2020W44
2020-10-31,2020,10,31,0.00011473050322474999,3.5262223046592076e-05,2020W44
2020-11-01,2020,11,1,4.940060125697548e-05,2.2895536687661723e-05,2020W44
2020-11-02,2020,11,2,9.412533796932028e-05,1.8188933479532167e-05,2020W45
2020-11-03,2020,11,3,6.079037562822127e-05,2.244304360570658e-05,2020W45
2020-11-04,2020,11,4,5.053484549621838e-05,2.306047340516073e-05,2020W45
2020-11-05,2020,11,5,6.272625169100522e-05,1.6207206693452314e-05,2020W45
2020-11-06,2020,11,6,6.998758283505963e-05,1.930632158764741e-05,2020W45
2020-11-07,2020,11,7,5.652684618082447e-05,2.322203819558235e-05,2020W45
2020-11-08,2020,11,8,4.318838462696332e-05,3.722060010865413e-05,2020W45
2020-11-09,2020,11,9,,,2020W46
2020-11-10,2020,11,10,6.669204024162025e-05,6.862789195665096e-05,2020W46
2020-11-11,2020,11,11,8.224678836948171e-05,1.4167158924358067e-05,2020W46
2020-11-12,2020,11,12,0.0001113221546396,6.575449052886562e-05,2020W46
2020-11-13,2020,11,13,0.000153020192055,6.405716574251075e-05,2020W46
2020-11-14,2020,11,14,,,2020W46
2020-11-15,2020,11,15,3.117333824480048e-05,5.041744515602068e-05,2020W46
2020-11-16,2020,11,16,0.0001484237225991,3.8665011098728805e-05,2020W47
2020-11-17,2020,11,17,0.0001065802068459,3.8403149851131095e-05,2020W47
2020-11-18,2020,11,18,9.06873895280644e-05,2.3204467448712276e-05,2020W47
2020-11-19,2020,11,19,7.433392512961597e-05,2.354431000673657e-05,2020W47
2020-11-20,2020,11,20,6.597795686463585e-05,2.2828918441167797e-05,2020W47
2020-11-21,2020,11,21,6.40255697192676e-05,3.008017056581275e-05,2020W47
2020-11-22,2020,11,22,4.860390125016626e-05,2.2325430858192844e-05,2020W47
2020-11-23,2020,11,23,5.973415336790232e-05,2.5533898843361785e-05,2020W48
2020-11-24,2020,11,24,,,2020W48
2020-11-25,2020,11,25,8.124555967954075e-05,3.268958449620121e-05,2020W48
2020-11-26,2020,11,26,6.850516359752361e-05,5.7435915256623584e-05,2020W48
