ds,y,yhat,yhat_lower,yhat_upper
2019-01-01,1.2881883619742194e-05,1.863634018310191e-05,9.468915778740692e-06,3.6766513014346593e-05
2019-01-02,,4.989964536645335e-05,2.8660536764684465e-05,8.993626470376508e-05
2019-01-03,4.212561210417436e-05,4.172986982255382e-05,2.3883374264956437e-05,7.361670319208069e-05
2019-01-04,4.957500644580365e-05,3.821731747741606e-05,2.1837083373451783e-05,6.834957881560804e-05
2019-01-05,3.6065519180667385e-05,3.168020316125421e-05,1.800487648568825e-05,5.750187635149645e-05
2019-01-06,1.7748353486509568e-05,3.088167540818654e-05,1.7669649556054014e-05,5.4536621149106625e-05
2019-01-07,,3.971546774172458e-05,2.252888338365748e-05,7.125309861397715e-05
2019-01-08,2.6262038179866942e-05,6.0067563374076e-05,3.4987082449288664e-05,0.00010788411450303142
2019-01-09,3.8719589086704045e-05,4.1278825804700846e-05,2.3320891736747497e-05,7.335464068815416e-05
2019-01-10,,2.674424704984906e-05,1.5080586398197972e-05,4.679501721765672e-05
2019-01-11,5.0261787451117576e-05,4.44068852678931e-05,2.5810529341671724e-05,7.839028212770579e-05
2019-01-12,3.0260527269646098e-05,3.296311220149673e-05,1.8294589844732717e-05,5.64638561375364e-05
2019-01-13,,2.665031181099328e-05,1.5577352984701347e-05,4.696300328774804e-05
2019-01-14,2.6882171090265424e-05,3.4923827222693933e-05,1.99247113219075e-05,6.277116564005358e-05
2019-01-15,,3.6643562933965726e-05,2.0683764464814593e-05,6.359799545911493e-05
2019-01-16,7.123391445118298e-05,0.00013863771243242238,7.806640631210619e-05,0.00024486493175644546
2019-01-17,,3.307144366935441e-05,1.8584263268555905e-05,5.755820382764972e-05
2019-01-18,1.8414504674304886e-05,2.9726779500284724e-05,1.667316033874291e-05,5.136035042089873e-05
2019-01-19,2.950870674397424e-05,4.0951614367572523e-05,2.371412548850668e-05,7.397913031093525e-05
2019-01-20,2.032539158086805e-05,2.480078163608307e-05,1.4334120663396423e-05,4.278240523955177e-05
2019-01-21,4.581050428963602e-05,3.954283153075653e-05,2.2229720133333113e-05,6.912225103213931e-05
2019-01-22,4.6738784144597025e-05,3.668170006036536e-05,2.1350273077312675e-05,6.578431875431165e-05
2019-01-23,3.0070270115470158e-05,3.1245086956810516e-05,1.8168472635183438e-05,5.347484785404148e-05
2019-01-24,3.1802273680686944e-05,3.3503447462335184e-05,1.9229883386978048e-05,5.8413100438139635e-05
2019-01-25,,3.0414209906908326e-05,1.7146083096398846e-05,5.391372709531943e-05
2019-01-26,3.2723219923656046e-05,4.791216991334118e-05,2.791027057771631e-05,8.6007223289907e-05
2019-01-27,3.4312443974391355e-05,3.0719971409418184e-05,1.703136456191112e-05,5.4834945126839845e-05
2019-01-28,3.6073119090009676e-05,3.260786524306936e-05,1.8864162347794446e-05,5.75887991898346e-05
2019-01-29,2.6377089078524025e-05,2.984338887715919e-05,1.725759622658125e-05,5.319241671723285e-05
2019-01-30,4.218503710585865e-05,3.098519200609432e-05,1.7417173101074137e-05,5.4279080354687984e-05
2019-01-31,4.4754441197741886e-05,4.6163058446110444e-05,2.657488206997559e-05,8.1135741500442e-05
2019-02-01,3.869462079799086e-05,6.101554741958089e-05,3.492208747675075e-05,0.00010916324614031745
2019-02-02,2.724060091619537e-05,2.470472861355558e-05,1.4021603495279229e-05,4.354645298237797e-05
2019-02-03,2.710250815109508e-05,2.6114076638915193e-05,1.5367320871028343e-05,4.54292664459415e-05
2019-02-04,5.3719287157051615e-05,3.904403993258748e-05,2.2193510141432924e-05,6.950839624793083e-05
2019-02-05,3.930343307119163e-05,4.524930320686351e-05,2.666346446904763e-05,8.068257904608251e-05
2019-02-06,4.221690305881319e-05,3.1866107260266976e-05,1.8541018075383327e-05,5.684850600334332e-05
2019-02-07,4.3831687747672446e-05,3.906086384479301e-05,2.2716691997035243e-05,6.600172163721034e-05
2019-02-08,4.025341425168346e-05,4.39374534279252e-05,2.4527463695560038e-05,7.523091371784083e-05
2019-02-09,4.685243954834776e-05,6.57898800731471e-05,3.679073491030937e-05,0.0001191814487162706
2019-02-10,4.1072224251346234e-05,3.498224205100128e-05,2.0025056723101126e-05,6.11572355795915e-05
2019-02-11,2.7022757513705978e-05,2.2238741050277077e-05,1.2727789591393217e-05,3.881845926833854e-05
2019-02-12,2.984373492528748e-05,2.9508489639748566e-05,1.691951686640473e-05,5.290860133924443e-05
2019-02-13,4.4664404970754784e-05,3.324159825729496e-05,1.9158252670947775e-05,5.932679170255097e-05
2019-02-14,,6.752296348959419e-05,3.776012320900626e-05,0.00011838832509214743
2019-02-15,9.357030810425125e-05,8.606793115072827e-05,4.980589558563902e-05,0.00015337733055328863
2019-02-16,3.5203325557282306e-05,5.6010886010220683e-05,3.1989465498665826e-05,9.754275642839393e-05
2019-02-17,3.357652205553459e-05,2.9815510538735638e-05,1.716819515698254e-05,5.275120837639027e-05
2019-02-18,3.474712128701972e-05,3.835655616057579e-05,2.1851699369267876e-05,6.722811391357339e-05
2019-02-19,4.336114196016503e-05,4.469997435661832e-05,2.5272027421758926e-05,7.848821228844222e-05
2019-02-20,4.652380605295935e-05,4.429048201105591e-05,2.5181393522049685e-05,7.506439651154523e-05
2019-02-21,7.609266223669447e-05,5.015924975810362e-05,2.8299697339388312e-05,8.682657813109187e-05
2019-02-22,0.00012351269245772792,4.61166560804182e-05,2.551021802497319e-05,7.944719622454464e-05
2019-02-23,,5.179544185101644e-05,3.0711047135251504e-05,9.131820961297307e-05
2019-02-24,9.006703176584592e-06,2.9763444580946004e-05,1.691652906137588e-05,5.189264172020947e-05
2019-02-25,2.026859567550238e-06,4.314384591596308e-05,2.4558844659718028e-05,7.559203221768026e-05
2019-02-26,4.702429321986207e-05,4.7853586072122755e-05,2.712090355338368e-05,8.576150451054977e-05
2019-02-27,4.277562260131986e-05,3.5352829426310636e-05,2.014595530275604e-05,6.282296746958181e-05
2019-02-28,0.00011618468981512501,6.365085808003053e-05,3.6039161673867014e-05,0.00011290877984602818
2019-03-01,3.848518141707504e-05,3.9336895223227184e-05,2.2623005706174116e-05,6.707804468627258e-05
2019-03-02,4.014310057459953e-05,3.6276569306953017e-05,2.0814064529524784e-05,6.206084304883461e-05
2019-03-03,2.357568834875082e-05,2.55978740218536e-05,1.463407454712359e-05,4.481586859507501e-05
2019-03-04,2.5785498555069462e-05,3.788464314708387e-05,2.0701333571673617e-05,7.091455631772665e-05
2019-03-05,2.8262844100730087e-05,3.441938164393179e-05,1.8353279636706577e-05,6.338693375344939e-05
2019-03-06,5.059072357508253e-05,4.894103316738677e-05,2.7995820619387003e-05,8.608066318194847e-05
2019-03-07,4.659743934230032e-05,4.2071681635434366e-05,2.4536389406636965e-05,7.402046847240605e-05
2019-03-08,3.1487234960927313e-05,2.3487092421910637e-05,1.3521664065845278e-05,4.252938235237284e-05
2019-03-09,2.689016736612798e-05,3.285962820367148e-05,1.879036296669829e-05,5.779907372609713e-05
2019-03-10,3.500873706979919e-05,3.5634438679975705e-05,2.0428939525889808e-05,6.450436729240461e-05
2019-03-11,2.1179222729177595e-05,3.511085327710114e-05,1.9725072042099183e-05,6.213004227122283e-05
2019-03-12,1.86455345101424e-05,4.621880130365301e-05,2.6791471906128545e-05,8.120024907449384e-05
2019-03-13,2.3137680898208976e-05,3.819720449635889e-05,2.1723667645864743e-05,6.733453578694427e-05
2019-03-14,5.657182055621506e-05,5.4584745998975787e-05,3.0460864477537074e-05,9.649433480651274e-05
2019-03-15,1.2159958661266193e-05,2.9514163861753206e-05,1.689895496983969e-05,5.167888170340033e-05
2019-03-16,2.1815810014960638e-05,2.4331122629587753e-05,1.380231130287768e-05,4.149482366091538e-05
2019-03-17,3.994345918025214e-05,2.0683376879447513e-05,1.1773710898186239e-05,3.589361557409027e-05
2019-03-18,4.455611606973775e-05,4.277452156129887e-05,2.4734013147745287e-05,7.407340142258286e-05
2019-03-19,1.430216704057088e-05,2.6000034924482114e-05,1.4495278014227026e-05,4.660567527372268e-05
2019-03-20,3.37828448636853e-05,2.824923593183799e-05,1.6296888697014116e-05,5.0670139583904684e-05
2019-03-21,0.0001443964777539354,6.004954961029582e-05,3.3622382451180654e-05,0.00010516929276969702
2019-03-22,7.913999077975108e-05,4.7460605767822856e-05,2.664454699864661e-05,8.390829880973264e-05
2019-03-23,3.904676024175902e-05,3.7769018104255905e-05,2.1828094320455382e-05,6.723993581774622e-05
2019-03-24,3.3471739357589684e-05,3.377865701054702e-05,1.7220155477828076e-05,6.704986916457705e-05
2019-03-25,5.124365522609075e-05,3.183060508580997e-05,1.7794833458509046e-05,5.4913259990185035e-05
2019-03-26,2.2182012632769666e-05,4.088951687611509e-05,2.3481323816525603e-05,7.000308445771514e-05
2019-03-27,2.8739872532172033e-05,4.747645681045538e-05,2.703493600398764e-05,8.210354673162029e-05
2019-03-28,4.3285795206930574e-05,3.9581254515780805e-05,2.3558625555366422e-05,6.850521240652673e-05
2019-03-29,4.382362477260998e-05,3.663604053471659e-05,2.030275573361247e-05,6.581221541014722e-05
2019-03-30,5.3249768169857955e-05,6.184538889547918e-05,3.5584833794223725e-05,0.00010985084194111316
2019-03-31,3.760177737946962e-05,3.908674471753783e-05,2.1974334519864446e-05,6.82088464544165e-05
2019-04-01,8.145469693650388e-05,5.1694974192754085e-05,2.9436642805482627e-05,8.921106552496396e-05
2019-04-02,,6.175809328099872e-05,2.753717410902135e-05,0.00013716622098710135
2019-04-03,7.083185539989172e-05,3.4631710387179034e-05,1.9839117224599843e-05,6.149653531921023e-05
2019-04-04,,4.558524481999248e-05,2.579848336843026e-05,8.046497015196753e-05
2019-04-05,5.309677903781994e-05,3.821485255043316e-05,2.2483725988833474e-05,6.640064060683251e-05
2019-04-06,9.373886148617661e-05,6.016407481251914e-05,3.312836849188987e-05,0.00010471074099920995
2019-04-07,5.7913728879314746e-05,5.2309048863483663e-05,2.9488343918504342e-05,9.275376785792266e-05
2019-04-08,0.00016645178454433555,6.899340013853657e-05,3.947381586021891e-05,0.00012456553489870463
2019-04-09,3.8222925313566974e-05,6.383006740128908e-05,3.633544128517771e-05,0.00011127859201541007
2019-04-10,7.792778779034908e-05,4.7589573470086123e-05,2.7198709719876526e-05,8.58743360036134e-05
2019-04-11,4.6006631472462726e-05,4.730682992612276e-05,2.64040136218611e-05,8.355492864816148e-05
2019-04-12,0.0001124691042664242,6.719288611329845e-05,3.929666585362983e-05,0.00012170257196931111
2019-04-13,5.360387672591908e-05,4.9014047691008215e-05,2.798385956499967e-05,8.467261848217355e-05
2019-04-14,4.326763123354964e-05,7.091557769220287e-05,4.070866829325868e-05,0.00012566724341635545
2019-04-15,,4.839762116519654e-05,2.7354816606741665e-05,8.715302482550081e-05
2019-04-16,6.823682039350588e-05,7.020455170342492e-05,4.091741768832393e-05,0.00012465803338946127
2019-04-17,5.456104412911502e-05,5.179905151012775e-05,2.8689239343425442e-05,9.027874106752247e-05
2019-04-18,0.00010561245362265892,4.611260912425817e-05,2.3770352688289473e-05,9.045182872921915e-05
2019-04-19,6.8035736616752e-05,4.391259102513241e-05,2.1661949948904293e-05,8.366013846555316e-05
2019-04-20,4.020015663871669e-05,4.3547386087962926e-05,2.4963640082043095e-05,7.416081815823354e-05
2019-04-21,5.681154854702729e-05,3.5908396623485854e-05,1.8443031237447107e-05,6.818241402363991e-05
2019-04-22,0.00010386647532798171,7.09566558788552e-05,4.003899844960352e-05,0.00012253046236334318
2019-04-23,0.00012734831616212486,6.216009266790136e-05,3.5988445716700495e-05,0.00010968862719714623
2019-04-24,,5.137656785107133e-05,2.9023288472561576e-05,8.865983416903912e-05
2019-04-25,2.9385158995864544e-05,3.8636646605819114e-05,2.257642295710141e-05,6.837213804205751e-05
2019-04-26,,3.524904374565881e-05,1.9574885021194848e-05,6.292780417080861e-05
2019-04-27,2.0161973272937994e-05,4.0100483990650514e-05,2.257215663750923e-05,6.880724595767516e-05
2019-04-28,4.0058940461181894e-05,4.544394854180166e-05,2.5386256507868942e-05,7.944960435816021e-05
2019-04-29,3.0375806263389636e-05,6.402023985472683e-05,3.687114781785455e-05,0.00011215465177185319
2019-04-30,,5.473294745412293e-05,3.080846585978252e-05,9.746038272099563e-05
2019-05-01,4.0377124813152316e-05,3.1454401595430305e-05,1.593314536535757e-05,6.210109591798012e-05
2019-05-02,4.258074357915097e-05,4.698324336470665e-05,2.653347781134118e-05,8.139171683487715e-05
2019-05-03,5.478992379828447e-05,8.200407031429564e-05,4.558099831868245e-05,0.00014338182392346343
2019-05-04,4.200554616874196e-05,3.101298406709452e-05,1.7867815253125462e-05,5.512343486429974e-05
2019-05-05,,2.3828082876335304e-05,1.3592469258187324e-05,4.221299019416228e-05
2019-05-06,7.308578393628504e-05,5.331857516493296e-05,3.080208341277962e-05,9.46801745325829e-05
2019-05-07,4.211646940952062e-05,5.3089438463371824e-05,3.1332281556174145e-05,9.563753127344049e-05
2019-05-08,5.9466118409762657e-05,4.22876700372808e-05,2.3616967450323512e-05,7.61865970262585e-05
2019-05-09,,4.954865055671758e-05,2.828458470759562e-05,8.789592218158485e-05
2019-05-10,3.5263044873589854e-05,3.5147812246737054e-05,2.0373847520634273e-05,6.1017503729868475e-05
2019-05-11,6.166589566575155e-05,5.7281935720795426e-05,3.389245683394779e-05,9.981744225879763e-05
2019-05-12,6.579327700539979e-05,5.100377121515871e-05,2.9468226904169685e-05,9.095489830232288e-05
2019-05-13,8.991092014829503e-05,8.070598845601945e-05,4.603147758088822e-05,0.0001445104768327162
2019-05-14,7.699856900614771e-05,6.735317423368315e-05,3.911350771574896e-05,0.00011392809755281808
2019-05-15,5.069322177432199e-05,6.442525786386723e-05,3.664272395773797e-05,0.00011087142923196576
2019-05-16,4.390675053802299e-05,8.04942801144278e-05,4.7131891422821944e-05,0.0001393702801313091
2019-05-17,4.121665452431824e-05,5.1297880783056556e-05,2.9035861682065045e-05,8.943238201810599e-05
2019-05-18,7.747734037957638e-05,5.148521047505421e-05,2.945431298672762e-05,8.945980159596762e-05
2019-05-19,3.804611589193098e-05,3.5603327654103215e-05,1.9946531493594414e-05,6.347684859080388e-05
2019-05-20,6.252116220833587e-05,3.588107914713772e-05,2.0626653114748348e-05,6.339666806940794e-05
2019-05-21,,4.752390695793439e-05,2.7415831378158992e-05,8.326513979122006e-05
2019-05-22,4.575823478452865e-05,6.90558111157644e-05,3.8892810655562405e-05,0.00011884833511883838
2019-05-23,0.00013674423575052403,0.00014402856107335361,8.178465136922465e-05,0.0002502545860690384
2019-05-24,0.00010646303858592032,0.00010257894126428305,5.769394897151577e-05,0.0001742116912979484
2019-05-25,3.477813128838623e-05,2.7359403315022564e-05,1.3815158909714669e-05,5.324602340888722e-05
2019-05-26,7.254069476922507e-05,5.03152913474694e-05,2.761841284394323e-05,8.813872936649781e-05
2019-05-27,,0.00012302639375298688,7.14575303060238e-05,0.00021715749403229695
2019-05-28,0.00013701925912697197,0.00012700435458049152,7.201487719661761e-05,0.00022132538063269694
2019-05-29,,8.338606664274385e-05,4.667056724552396e-05,0.00014410638188452912
2019-05-30,,5.5975796742825495e-05,3.180336404141814e-05,0.00010025452131645297
2019-05-31,4.518403804467511e-05,0.0001012088685746537,5.832348332219547e-05,0.00017675535464395506
2019-06-01,7.868161880122372e-05,7.525613232630695e-05,4.164450121034732e-05,0.00013397096746701649
2019-06-02,7.429900835214638e-05,8.721695490833215e-05,5.0062954316616e-05,0.00015069141446231107
2019-06-03,0.00015371452998168319,0.00010881778702831556,6.127363623723771e-05,0.00019400816567137022
2019-06-04,5.078096548342201e-05,5.365101852603159e-05,3.1515601349692094e-05,9.116159480212646e-05
2019-06-05,1.1227785136259924e-05,4.59838875590212e-05,2.604696673043665e-05,7.901528248650439e-05
2019-06-06,,5.7792132684781895e-05,3.1546685201351935e-05,0.00010244267519146684
2019-06-07,7.379333090507556e-05,5.260482487300604e-05,2.9491121371865425e-05,9.029662401501302e-05
2019-06-08,6.478228297454804e-05,7.976637874693519e-05,4.540470035355396e-05,0.0001413195988598769
2019-06-09,5.087514944414417e-05,5.56436484273595e-05,3.114405512855694e-05,9.986216198864079e-05
2019-06-10,,9.79276765927262e-05,5.544584348522308e-05,0.00017484881894821837
2019-06-11,,4.7796993092171846e-05,2.8338329641575848e-05,8.429780398334124e-05
2019-06-12,,6.597211916802893e-05,3.6980901193323926e-05,0.00011788432223417085
2019-06-13,,5.794140190583856e-05,3.36178242821809e-05,0.00010402374653048057
2019-06-14,,5.923758611297411e-05,3.293198186915963e-05,0.00010671571799871295
2019-06-15,,3.151079652743969e-05,1.8078934634717617e-05,5.501389222404142e-05
2019-06-16,,2.7614362850038248e-05,1.5956250644442712e-05,4.937352791021897e-05
2019-06-17,,4.893534024851368e-05,2.2884338733946542e-05,0.00010760719701458641
2019-06-18,,4.747719980282233e-05,2.704179665838581e-05,8.480896412019804e-05
2019-06-19,5.338348185676354e-05,5.863937577397805e-05,3.379169831730526e-05,0.00010466886541196775
2019-06-20,0.00011113305446314791,9.406024593774168e-05,4.651123483927075e-05,0.00018572531028345537
2019-06-21,,8.241933878253902e-05,4.665657523881646e-05,0.0001499654443200193
2019-06-22,0.00016885433441778352,0.00011386712987108864,6.515350612172182e-05,0.00019884110869046023
2019-06-23,,8.391735533597861e-05,4.778535155577685e-05,0.0001493577589717524
2019-06-24,,6.418712406168696e-05,3.646706509478004e-05,0.00011443742751022396
2019-06-25,4.042992461740966e-05,4.25212598095739e-05,2.369478106088775e-05,7.422988916897345e-05
2019-06-26,9.371365696035786e-05,7.944821931248185e-05,4.485115994191653e-05,0.00013540482479158526
2019-06-27,6.944589936904894e-05,7.298671321298632e-05,4.156475045960314e-05,0.00012760733968850062
2019-06-28,,0.00011083883016323824,6.326754672108005e-05,0.0001959468500459499
2019-06-29,,7.398249448907555e-05,4.209221226112216e-05,0.00013038296412671858
2019-06-30,,3.988765767426955e-05,2.2182240773832325e-05,6.971397569905593e-05
2019-07-01,8.684322827494815e-05,7.975697360610681e-05,4.5409024575795966e-05,0.0001363356939795598
2019-07-02,,7.983013827025751e-05,4.552608658474841e-05,0.00013757510242003127
2019-07-03,4.432229626296584e-05,7.619129239770639e-05,4.402494783683084e-05,0.00013268167598432944
2019-07-04,9.080923374839497e-05,6.950551425916077e-05,3.968802660763255e-05,0.00012120621210419006
2019-07-05,6.368615681004478e-05,7.934979068420302e-05,4.575276529932659e-05,0.00014183726570033572
2019-07-06,0.00014981452569617454,0.0001416386906871105,8.196759474751953e-05,0.0002487221194133121
2019-07-07,8.753406363879875e-05,7.226418484740532e-05,4.158216589059714e-05,0.00012707648409597771
2019-07-08,9.547119503250528e-05,9.768046803501339e-05,5.5323384037393485e-05,0.00017126332385193553
2019-07-09,9.645618921019936e-05,8.390905443471453e-05,4.294689465655107e-05,0.0001646775294034072
2019-07-10,6.711032945409885e-05,0.0001497248798477848,8.609325505993726e-05,0.00026498609051580957
2019-07-11,7.605421989177742e-05,7.926111555044076e-05,4.5411075964209725e-05,0.00013779678406644126
2019-07-12,5.6593981436394886e-05,7.82927904259389e-05,4.3954519275789624e-05,0.0001336624525565106
2019-07-13,0.00012611252765663854,9.574822143285037e-05,5.56413118636358e-05,0.00016791016230548417
2019-07-14,8.71932133705457e-05,9.111843030980416e-05,5.108478113075574e-05,0.0001632795989200874
2019-07-15,9.953635046325281e-05,0.00011746630336759042,6.688566772394318e-05,0.00021126672618127564
2019-07-16,7.320052142142774e-05,9.716274086061887e-05,5.581932112297842e-05,0.0001718002665196121
2019-07-17,4.540838857674057e-05,5.345632531881031e-05,2.989199091837866e-05,9.583452978791648e-05
2019-07-18,3.6475323913071914e-05,9.356831364125122e-05,5.2974482244503626e-05,0.00016576313971404112
2019-07-19,0.0001962739207216887,0.00011613936885422678,6.676662398876732e-05,0.00019635144885928125
2019-07-20,,4.708955711275683e-05,2.7441676459697198e-05,8.383209286678828e-05
2019-07-21,2.3126773157855316e-05,3.074232578464865e-05,1.7558149020724905e-05,5.496581679154499e-05
2019-07-22,,5.167052269707711e-05,2.932681436872556e-05,9.106168529553207e-05
2019-07-23,,5.592693395411631e-05,3.134315349576018e-05,9.940210771147838e-05
2019-07-24,6.414056913797825e-05,7.40020605388634e-05,4.289015297280691e-05,0.00012779088365435173
2019-07-25,,6.129501539919962e-05,3.523778147495034e-05,0.00010956106350635271
2019-07-26,,7.610999447699633e-05,4.2501835389855306e-05,0.0001334163849605741
2019-07-27,0.00017196617485568016,0.0001345276971585864,7.273826299919162e-05,0.00023482830625997766
2019-07-28,2.7443792452072907e-05,4.992771069569091e-05,2.8246249395024208e-05,8.584293068302195e-05
2019-07-29,,0.00016122387168414796,8.785679622549884e-05,0.00028129829031423156
2019-07-30,0.00015662749311190396,0.00015105155730168578,8.646984927110859e-05,0.00026811469505901746
2019-07-31,6.050868038676664e-05,5.932182004960675e-05,3.360319908973794e-05,0.00010569879040188257
2019-08-01,4.3006964343577216e-05,6.0331593092463395e-05,3.4435796327476106e-05,0.00010473286907634358
2019-08-02,4.10277988248762e-05,5.095215861543026e-05,2.9118487835380576e-05,9.058190333266897e-05
2019-08-03,9.861210915104115e-05,7.490140556602351e-05,4.2898838657438893e-05,0.00013251489657967376
2019-08-04,4.145326315154076e-05,4.386732906293687e-05,2.4679945230291884e-05,7.7098243932022e-05
2019-08-05,3.471797385099704e-05,5.515923025744238e-05,3.109472491202629e-05,9.700841097394149e-05
2019-08-06,6.847941377130532e-05,5.6008053896344456e-05,3.187471279296311e-05,9.672476992744868e-05
2019-08-07,,5.818898575358718e-05,3.298553252357718e-05,0.00010212355572382398
2019-08-08,5.82968271041279e-05,6.483810938550851e-05,3.737106798144524e-05,0.0001143021254471378
2019-08-09,,5.519594145089235e-05,3.131061071850267e-05,9.565829136817802e-05
2019-08-10,6.365820561291595e-05,7.598369342679497e-05,4.398837918869393e-05,0.00013288528904441228
2019-08-11,6.82591118916431e-05,6.22648894422437e-05,3.6238897929484444e-05,0.00010867687351474556
2019-08-12,,5.959394602880696e-05,3.4591627693839554e-05,0.00010809571829915486
2019-08-13,5.076143663370628e-05,6.862259043520586e-05,3.9317178843056375e-05,0.00011935017256903282
2019-08-14,5.6711809426825194e-05,6.460334738545594e-05,3.7427003772886476e-05,0.00011309824055331698
2019-08-15,0.0001540909456324612,9.783616627597552e-05,5.6545218711633624e-05,0.00017405954350696633
2019-08-16,0.0002061647627391151,0.00012561019282211793,7.182389866763807e-05,0.00021900529055879795
2019-08-17,4.504979196621147e-05,3.983100684690681e-05,2.040810463231446e-05,7.984465682972955e-05
2019-08-18,1.2905499016576193e-05,3.7542707003944715e-05,2.13596207316456e-05,6.411021226080925e-05
2019-08-19,0.00012823730254191173,6.475588476311118e-05,3.827182896250591e-05,0.00011074606498624983
2019-08-20,0.0001159409765114782,7.637327779128753e-05,4.3861066420407523e-05,0.0001355815022448623
2019-08-21,4.9699989493810374e-05,7.234642276938003e-05,4.0499706451588214e-05,0.00012552031213087408
2019-08-22,0.0002123109337053445,0.00011433627004826994,6.525682446369657e-05,0.00020151590966199217
2019-08-23,0.00017159684916015708,0.0001212832086481246,6.794778880028193e-05,0.00020964365273689885
2019-08-24,7.388961904316402e-05,5.4428983282237385e-05,3.0901583685812615e-05,9.381073511551239e-05
2019-08-25,2.6926958398596466e-05,4.5589788670035495e-05,2.589324826712944e-05,7.87870102724561e-05
2019-08-26,0.00014693442800663343,7.756498323075131e-05,4.4184077491127694e-05,0.00013290459342355553
2019-08-27,5.3435045797099314e-05,6.396018802251216e-05,3.603540266407019e-05,0.00011444749348137695
2019-08-28,0.0001412845304002978,3.88702384354476e-05,2.235801018685766e-05,6.816459359133416e-05
2019-08-29,8.61453569579329e-05,8.861722628887125e-05,5.072038083245997e-05,0.0001581444502632788
2019-08-30,5.707236414309539e-05,5.3597479434876004e-05,3.0877029971411443e-05,9.390674530788864e-05
2019-08-31,0.00010798609954633688,6.036467413643549e-05,3.39091907394006e-05,0.0001060670846615882
2019-09-01,3.571898068388591e-05,4.569492524514856e-05,2.558010588828415e-05,7.922334381046522e-05
2019-09-02,9.68432426605627e-05,6.884663674453497e-05,3.9001185193763924e-05,0.0001235526161286193
2019-09-03,6.562110498181357e-05,5.7324353861168797e-05,3.264081717543947e-05,9.883198756267879e-05
2019-09-04,8.098162696623e-05,6.706355010076738e-05,3.79106027072233e-05,0.00011891858726779633
2019-09-05,4.075562595092911e-05,4.72500953626964e-05,2.6469603955879313e-05,8.46141831059836e-05
2019-09-06,5.2930828776398546e-05,5.036352383333953e-05,2.8567891393970043e-05,8.740420752616531e-05
2019-09-07,7.339842736814699e-05,6.613792004761089e-05,3.723102414236445e-05,0.00011335029313397612
2019-09-08,7.588090771582941e-05,7.598576914239166e-05,4.451840655768028e-05,0.00013531609267826688
2019-09-09,,3.914703652277163e-05,2.2025143228817116e-05,6.912724155807788e-05
2019-09-10,2.390190877769583e-05,5.449136143069894e-05,3.058914395882578e-05,9.821396788542758e-05
2019-09-11,2.3269551658543804e-05,5.868786754884009e-05,3.360146354197744e-05,0.00010272540822088921
2019-09-12,9.302257279191738e-05,8.578699540780637e-05,4.814114350269098e-05,0.0001492239185382089
2019-09-13,0.0002891614754643396,0.00011316267717397099,6.514165215218648e-05,0.0002015173035217634
2019-09-14,5.180626439138028e-05,4.673696883197898e-05,2.650168571094408e-05,8.40213728403158e-05
2019-09-15,6.267698894603812e-05,6.224631377592392e-05,3.522730407727404e-05,0.00011156617655494353
2019-09-16,7.77769839541684e-05,5.3355577828282225e-05,3.0270432072343896e-05,9.286437700312159e-05
2019-09-17,5.700822682627401e-05,5.303204429405232e-05,3.0321017250455648e-05,9.413423755021381e-05
2019-09-18,0.00018479698605066005,7.513323450981317e-05,4.284851881413045e-05,0.0001278770374481985
2019-09-19,4.472597629469908e-05,7.696470634720363e-05,4.334721935357509e-05,0.00013188779491698517
2019-09-20,6.07352305951052e-05,7.978118646167633e-05,4.699951892575325e-05,0.0001395803031222326
2019-09-21,4.385220219216309e-05,7.22714375865713e-05,4.147459906858678e-05,0.00012469255754179887
2019-09-22,2.5657573371043202e-05,4.447625510583391e-05,2.5069860359863526e-05,7.80517975633058e-05
2019-09-23,3.868528582602924e-05,5.005396541430748e-05,2.7681286280182375e-05,8.708619070084132e-05
2019-09-24,0.00013616314327253467,7.071320818194535e-05,3.969802609437983e-05,0.00012142077904656924
2019-09-25,8.58513169035658e-05,8.396636533231757e-05,4.746230788228535e-05,0.0001488676523246147
2019-09-26,8.439871834854073e-05,6.34807208016826e-05,3.569172237363488e-05,0.00011215639499604869
2019-09-27,6.009712722409717e-05,4.794445133116796e-05,2.714631300222299e-05,8.360057415255566e-05
2019-09-28,4.318421177539118e-05,4.515775247842266e-05,2.6173922022381894e-05,8.050736590880633e-05
2019-09-29,3.859363542216257e-05,3.725286235593602e-05,2.111540008709e-05,6.391549429298544e-05
2019-09-30,6.588135814971915e-05,6.0933109362279026e-05,3.548373474836301e-05,0.00010741753442512417
2019-10-01,,3.329651260046677e-05,1.8606959679920534e-05,5.774665583965462e-05
2019-10-02,1.1951251508435102e-05,3.141693656962047e-05,1.7979624405379837e-05,5.486565621698577e-05
2019-10-03,2.7593954655458196e-05,3.553206995410672e-05,2.0384493384687266e-05,6.394210582150484e-05
2019-10-04,,5.150165064202372e-05,2.922034104974548e-05,8.850971091853391e-05
2019-10-05,3.918355571938077e-05,7.22112314212263e-05,4.111664443348417e-05,0.00012736897485970781
2019-10-06,3.981966467645207e-05,4.06191869543434e-05,2.306376931996879e-05,7.151858815173484e-05
2019-10-07,7.005900255745926e-05,7.005301208442316e-05,4.182286389820574e-05,0.00012266838812768856
2019-10-08,7.763495591282598e-05,7.666840620343911e-05,4.359660182440126e-05,0.0001374131932137251
2019-10-09,9.251491595641574e-05,5.050574433586433e-05,2.849187379463088e-05,8.945060086032201e-05
2019-10-10,4.655595922525286e-05,4.667056167805591e-05,2.6778444399858757e-05,8.129729898594461e-05
2019-10-11,5.4920338000518995e-05,4.94531863935469e-05,2.79870668407164e-05,8.550424949385659e-05
2019-10-12,,2.396150932406624e-05,1.093411388439687e-05,5.147818285974929e-05
2019-10-13,2.3058854225374835e-05,2.8171837249988755e-05,1.551649593034623e-05,4.924237860184646e-05
2019-10-14,,3.2360855143848415e-05,1.816374721726455e-05,5.6598264428041505e-05
2019-10-15,,3.5380674689395224e-05,2.0858423576434255e-05,6.253205606581275e-05
2019-10-16,,3.520075510329774e-05,2.036555614980866e-05,6.240068279497163e-05
2019-10-17,,5.013137187331964e-05,2.821871998776947e-05,8.868973227634853e-05
2019-10-18,4.3592611490036245e-05,5.720478264740651e-05,3.209531329993897e-05,9.953998182646157e-05
2019-10-19,0.00011713358165829002,6.385958673682114e-05,3.761639657069821e-05,0.00011010395760288087
2019-10-20,,3.214054556588333e-05,1.812903610360704e-05,5.6547279529324356e-05
2019-10-21,9.425626362571424e-05,8.649990526113976e-05,4.928794422686739e-05,0.00014999205264233328
2019-10-22,3.913731277150062e-05,5.859835748667389e-05,3.327820506074171e-05,0.0001027808085246473
2019-10-23,3.919653958919717e-05,4.600263730614968e-05,2.622928587711988e-05,7.924143041038559e-05
2019-10-24,6.285457223039609e-05,8.913686873200004e-05,5.005711228148229e-05,0.00015525408836358561
2019-10-25,4.548167756145118e-05,6.099373039386346e-05,3.491311052677319e-05,0.00010646487950854804
2019-10-26,3.084047195739076e-05,3.113066493674065e-05,1.7511068066062043e-05,5.4385509956954237e-05
2019-10-27,2.437769449096384e-05,2.3062313144195426e-05,1.309081083227656e-05,4.041381627776623e-05
2019-10-28,,3.7505199316415404e-05,2.09644782278923e-05,6.521427900149395e-05
2019-10-29,3.589217511045136e-05,3.6060843010419105e-05,2.023558292156589e-05,6.439276329449894e-05
2019-10-30,1.8087643541600924e-05,4.117411796973517e-05,2.329179631737953e-05,7.124543560203387e-05
2019-10-31,4.1613955706596066e-05,4.8206810689189355e-05,2.7162495182590385e-05,8.319131451275029e-05
2019-11-01,,2.933116163522421e-05,1.6304797071853427e-05,5.1234528566788284e-05
2019-11-02,2.928544127815499e-05,4.1591093498234724e-05,2.350830737219002e-05,7.23358979141762e-05
2019-11-03,4.028480772576906e-05,4.379958266166645e-05,2.509151537965689e-05,7.683446889587436e-05
2019-11-04,,5.0243223806817907e-05,2.8928097762219047e-05,8.632949121962832e-05
2019-11-05,8.066658862639862e-05,8.37185781527313e-05,4.7227064996310865e-05,0.00014754909317713923
2019-11-06,3.414780254098167e-05,4.134218939696437e-05,2.4085298231918806e-05,7.351110383092653e-05
2019-11-07,5.302053001250304e-05,0.00010765866084353864,5.9964971281404105e-05,0.00018681289735020064
2019-11-08,3.645062673130874e-05,3.0991787099080535e-05,1.7752111813544018e-05,5.37205783873637e-05
2019-11-09,2.9000703244955836e-05,2.8319096082569074e-05,1.5852570593031537e-05,4.93943308528049e-05
2019-11-10,2.52437764472047e-05,2.915671924882306e-05,1.6485774062172438e-05,5.04846807780651e-05
2019-11-11,3.8460044561364514e-05,3.97450298474168e-05,2.338393679208296e-05,6.877150962559267e-05
2019-11-12,7.0859345054089e-05,4.1861124201480336e-05,2.3258641245817245e-05,7.228585344000332e-05
2019-11-13,6.436095854189552e-05,6.712938174113688e-05,3.873441883186437e-05,0.00011721220195850503
2019-11-14,3.493550675312324e-05,4.92123972703862e-05,2.8294115337311313e-05,8.541783051379246e-05
2019-11-15,7.488010952731166e-05,4.1983918707714736e-05,2.439027029968912e-05,7.350595274601676e-05
2019-11-16,3.124237371919329e-05,2.6051219217807e-05,1.452914435573454e-05,4.5991020156605274e-05
2019-11-17,2.9988207142471285e-05,3.0907432569093386e-05,1.7605893975539824e-05,5.633012756804469e-05
2019-11-18,2.785534374851326e-05,4.9859666185495174e-05,2.8030018395389996e-05,8.970738464092535e-05
2019-11-19,6.0566438775084845e-05,4.530950522455901e-05,2.5102346950599274e-05,8.022738858477925e-05
2019-11-20,6.261561629188746e-05,6.206629142395211e-05,2.93996616260262e-05,0.00013793326931859056
2019-11-21,4.648459085586537e-05,4.0420166337758105e-05,2.316835771173147e-05,7.091018369364188e-05
2019-11-22,2.719690142210003e-05,2.6582509226186243e-05,1.4899404228119679e-05,4.584813706020064e-05
2019-11-23,2.9100766123776475e-05,2.812113269976193e-05,1.608468893146272e-05,5.026541435855158e-05
2019-11-24,2.07143289723284e-05,1.9445171240077122e-05,1.0580114212184854e-05,3.456805188984065e-05
2019-11-25,,2.9046125089385816e-05,1.661532740877399e-05,5.2432201023848184e-05
2019-11-26,1.2433861636465503e-05,3.295253444225851e-05,1.9011559243668062e-05,5.7126198436330506e-05
2019-11-27,3.8005484993309625e-05,4.695490321295991e-05,2.5580902472881845e-05,8.440545215264092e-05
2019-11-28,4.82604330221761e-05,4.4581675236916645e-05,2.5435956762461195e-05,7.84644135438351e-05
2019-11-29,5.647424963533098e-05,3.5137112593976635e-05,2.000507674526905e-05,6.275533730204672e-05
2019-11-30,2.603800025166306e-05,3.726436402623894e-05,2.12736163620508e-05,6.555544004369758e-05
2019-12-01,2.5482548638413398e-05,2.5666648511490905e-05,1.4790393901936284e-05,4.527294988357182e-05
2019-12-02,6.956221663269085e-05,5.017460652823168e-05,2.9076517159760417e-05,8.679136845607682e-05
2019-12-03,,3.3853447917368936e-05,1.8931476268283562e-05,5.9209191891723494e-05
2019-12-04,,5.0544882439420556e-05,2.8786206767367336e-05,8.896129242748397e-05
2019-12-05,3.80486484210894e-05,4.595535429970838e-05,2.6029818164812834e-05,8.125324066089416e-05
2019-12-06,5.626844279217922e-05,8.81508511560246e-05,4.8827433708876e-05,0.00015741953876870416
2019-12-07,6.317832540789628e-05,6.975509485752869e-05,4.00618524075622e-05,0.00012422522205001807
2019-12-08,3.4720860697706757e-05,3.435365924017277e-05,1.581585186845891e-05,7.359126644284982e-05
2019-12-09,6.363938061240655e-05,4.3643536380656805e-05,2.5139243232606112e-05,7.636288610508987e-05
2019-12-10,5.185378531431707e-05,4.084935083225953e-05,2.3725958763046542e-05,7.170404376970684e-05
2019-12-11,5.397848062638338e-05,4.5634714382618006e-05,2.5758599517932056e-05,7.935429004756791e-05
2019-12-12,3.163532294737502e-05,3.1289530396773077e-05,1.7187428632800755e-05,5.585911552351738e-05
2019-12-13,7.742914973757556e-05,6.290829086609093e-05,3.5546543086396805e-05,0.000111989316597586
2019-12-14,5.209952126704399e-05,4.437371240919482e-05,2.5412371047760303e-05,7.723325537816515e-05
2019-12-15,,3.245704077738278e-05,1.8489519055775485e-05,5.7233908257057826e-05
2019-12-16,5.008186814264025e-05,5.609144662293193e-05,3.1980344209318074e-05,0.00010000528495037357
2019-12-17,8.429371463171778e-05,5.516006339142278e-05,3.097563802610644e-05,9.698886855169019e-05
2019-12-18,4.272098854828005e-05,3.76920802647556e-05,2.0542373742450136e-05,6.550650474425006e-05
2019-12-19,6.906885762506035e-05,5.151800423993266e-05,2.891671270961084e-05,9.214279754503805e-05
2019-12-20,,4.0936316719092314e-05,2.260676758130817e-05,7.230617559572699e-05
2019-12-21,1.5010263070145317e-05,3.314390475988591e-05,1.901431586997322e-05,5.907757368944763e-05
2019-12-22,1.7046748264110245e-05,3.514906373646809e-05,1.9839898730027567e-05,6.33372399761926e-05
2019-12-23,6.291239694255387e-05,7.111447247883082e-05,3.944873556643384e-05,0.0001240809099481335
2019-12-24,3.586545627713548e-05,3.1462880194376747e-05,1.844331679308416e-05,5.504329894064745e-05
2019-12-25,,2.2723676766361382e-05,1.0215549776762464e-11,87.1320096835517
2019-12-26,2.4826032557617514e-05,3.562547480631406e-05,1.9888889981959565e-05,6.152643142772161e-05
2019-12-27,3.880871661877026e-05,3.940374638203675e-05,2.219887008215464e-05,6.986454069063642e-05
2019-12-28,5.851077151549775e-05,5.402448799620363e-05,3.025371667435354e-05,9.803479138852248e-05
2019-12-29,6.19355156349679e-05,3.875632236141127e-05,2.2055121627555363e-05,6.884910802953506e-05
2019-12-30,,3.830242222896217e-05,2.2332754162081057e-05,6.823643622938541e-05
2019-12-31,5.3924428357276523e-05,2.4685495286188386e-05,1.4238564327262791e-05,4.393411391862814e-05
2020-01-01,2.448134556394483e-05,1.677964894485728e-05,8.458937779541017e-06,3.2422785163437646e-05
2020-01-02,2.7861449446319425e-05,2.7003476037964556e-05,1.535009053158325e-05,4.740246060510116e-05
2020-01-03,4.283077914075786e-05,4.0166356895820346e-05,2.308633716249446e-05,7.214898685798964e-05
2020-01-04,4.069734094502564e-05,3.0832787781647294e-05,1.7337961771892914e-05,5.375006158148385e-05
2020-01-05,3.738767668916725e-05,3.223279747158943e-05,1.874290013702792e-05,5.7312954819443464e-05
2020-01-06,1.3527998761997722e-05,5.343890697195168e-05,2.9704444064476965e-05,9.481895076502664e-05
2020-01-07,3.369755081916488e-05,5.004964477002652e-05,2.85638770387638e-05,8.798629516588511e-05
2020-01-08,2.730066687005837e-05,3.0441270442488406e-05,1.752536607004146e-05,5.3766834093020163e-05
2020-01-09,6.271952554150648e-05,4.976741020428062e-05,2.756276660841025e-05,8.589585188342755e-05
2020-01-10,6.443867429433563e-05,5.1283744379427445e-05,2.9314763683548763e-05,8.947106531461054e-05
2020-01-11,5.5490101938940564e-05,4.826198622804143e-05,2.7124280346006836e-05,8.452284141028177e-05
2020-01-12,4.0344351043214495e-05,1.7725386735980036e-05,1.0199378873167069e-05,3.1749469231912275e-05
2020-01-13,4.2176619070202034e-05,2.9289164222655498e-05,1.6862518831115195e-05,5.1379568513662285e-05
2020-01-14,6.44343261850023e-05,2.8081038712166367e-05,1.6507104531953385e-05,4.9044517404995984e-05
2020-01-15,9.112684694487486e-05,4.0934572823853406e-05,2.2821433492016274e-05,7.044231761002683e-05
2020-01-16,6.113829335283697e-05,5.101524662437898e-05,2.90584490454151e-05,8.945597961508685e-05
2020-01-17,4.2197548751573474e-05,4.568188768101067e-05,2.6850741861998975e-05,8.059600446604739e-05
2020-01-18,3.5230306558031205e-05,2.977229536304977e-05,1.660299331625207e-05,5.2355104742258354e-05
2020-01-19,3.2634660619455704e-05,3.0010674163051938e-05,1.737503492895342e-05,5.346999647770103e-05
2020-01-20,3.81618829872518e-05,4.972602619495986e-05,2.849491987600547e-05,8.653692856267235e-05
2020-01-21,,3.811965660329341e-05,2.102993926227891e-05,6.61806085157484e-05
2020-01-22,3.719943403764303e-05,3.340483417421763e-05,1.8816066972486693e-05,5.904810877194807e-05
2020-01-23,3.6115562967905484e-05,4.173771683769092e-05,2.421953254263515e-05,7.339386112685024e-05
2020-01-24,4.351289031994303e-05,3.626561670160282e-05,2.0612236552261982e-05,6.525315206398443e-05
2020-01-25,4.30723029530193e-05,5.234777274397473e-05,2.9531547937241928e-05,9.160060899137322e-05
2020-01-26,2.969973056603477e-05,3.703208418364458e-05,2.0714646769135385e-05,6.507245148168688e-05
2020-01-27,3.7927486843059184e-05,2.9021361623226646e-05,1.6157598596141135e-05,5.0966922472955505e-05
2020-01-28,2.667915604801288e-05,3.572323643329514e-05,1.955621954442825e-05,6.271712597819759e-05
2020-01-29,,3.698464481603871e-05,2.149873722772662e-05,6.459716059879115e-05
2020-01-30,4.010237709581997e-05,4.477087750268589e-05,2.5746535322698788e-05,7.731575957826136e-05
2020-01-31,8.50067777343513e-05,6.335023803736256e-05,3.5494855836496875e-05,0.00010999540062223868
2020-02-01,4.49954135447494e-05,4.416714259037286e-05,2.4607758202716804e-05,7.708471374472174e-05
2020-02-02,3.336879127832962e-05,2.9627868023939554e-05,1.7448936516940542e-05,5.1346322148135146e-05
2020-02-03,3.713075524827549e-05,3.284486410562151e-05,1.850379245189873e-05,5.688031504596888e-05
2020-02-04,3.794517487733308e-05,3.449987834590021e-05,1.942703965466352e-05,5.992707203301161e-05
2020-02-05,,2.9147406294042593e-05,1.6709363426660323e-05,5.0704543972563094e-05
2020-02-06,2.6231589929702094e-05,2.725903568583671e-05,1.5148439530048314e-05,4.7665132958974477e-05
2020-02-07,1.6003391041740193e-05,3.967474516727024e-05,2.3327783876298756e-05,6.950572810790399e-05
2020-02-08,3.085076950406126e-05,2.2724178355803045e-05,1.3193088221474316e-05,3.950988798237255e-05
2020-02-09,2.5738149045971372e-05,2.0676516875039687e-05,1.1752242199691806e-05,3.7252066504407065e-05
2020-02-10,6.370539242416285e-05,4.507538933041962e-05,2.5948822460371797e-05,7.880572286630092e-05
2020-02-11,3.183330277859614e-05,4.278560966129507e-05,2.4895422789608663e-05,7.548398832369079e-05
2020-02-12,3.091009726881641e-05,3.9452021450489274e-05,2.2723266235246735e-05,7.069344207912443e-05
2020-02-13,3.5745427961919155e-05,3.620665240370564e-05,2.0261647793758496e-05,6.495159258103994e-05
2020-02-14,5.393347831482154e-05,4.8324534667195026e-05,2.7840787946249674e-05,8.578758817820143e-05
2020-02-15,4.674248737020526e-05,4.3778526743039865e-05,2.4629705439008584e-05,7.608273958440446e-05
2020-02-16,5.995326739780659e-05,2.2266042064435634e-05,1.2642445813519763e-05,3.934861127803104e-05
2020-02-17,,3.52369581454588e-05,1.9742698761064047e-05,6.113188805744679e-05
2020-02-18,3.158842137942485e-05,3.715763438862877e-05,2.1306759888599966e-05,6.443401823956127e-05
2020-02-19,3.518505974172633e-05,6.3093339563846e-05,3.7056151334197214e-05,0.00010985600447098889
2020-02-20,3.013305009736652e-05,3.922082136076615e-05,2.166118318842222e-05,6.734544525662847e-05
2020-02-21,2.7328619361475406e-05,3.521195929471597e-05,2.011701675705732e-05,6.232033374008383e-05
2020-02-22,5.419860460507943e-05,5.564685652296187e-05,3.200400010108664e-05,9.850924133292778e-05
2020-02-23,2.5447520509952592e-05,4.0101290348623156e-05,2.2971958228802008e-05,6.844048444929092e-05
2020-02-24,2.3360711881651416e-05,1.838266261195018e-05,1.0162404557282184e-05,3.448669179233598e-05
2020-02-25,4.3790114460459874e-05,3.130207869799187e-05,1.704138154441909e-05,5.86492653004854e-05
2020-02-26,7.121703315867495e-05,5.0951043963842604e-05,2.8621701398787882e-05,8.72898678526073e-05
2020-02-27,7.975249943377291e-05,5.01825069336393e-05,2.906879573078354e-05,8.595792172801678e-05
2020-02-28,9.721995160772177e-05,5.3743069985970995e-05,3.1324139019953495e-05,9.454891512838785e-05
2020-02-29,5.294789805025004e-05,4.375092849967424e-05,2.5163372986032386e-05,7.4511652916486e-05
2020-03-01,4.658394288165015e-05,3.2898349989355215e-05,1.881936863194672e-05,5.759490910022797e-05
2020-03-02,6.796110539313737e-05,3.824846920606795e-05,2.2116243127917216e-05,6.634520204039515e-05
2020-03-03,6.358161225339952e-05,4.145942838890617e-05,2.258869354800235e-05,7.1155496514149e-05
2020-03-04,9.703736759393137e-05,4.712183681371895e-05,2.644795479399597e-05,8.292506155115035e-05
2020-03-05,4.708072888996063e-05,4.839066697743306e-05,2.8112029224839157e-05,8.314906187316356e-05
2020-03-06,4.954170765153473e-05,4.3361951452810426e-05,2.402769512671623e-05,7.513077039193794e-05
2020-03-07,4.422973366756117e-05,3.432709574667451e-05,1.9284202531476504e-05,5.847148704124145e-05
2020-03-08,2.2882004486745995e-05,3.094574426510967e-05,1.7850675989059197e-05,5.4451756860636383e-05
2020-03-09,4.461416524492398e-05,2.4584228471679215e-05,1.4053005966609052e-05,4.351211832607571e-05
2020-03-10,3.567474346149589e-05,2.2426998875221203e-05,1.2655311819311157e-05,3.821839456176342e-05
2020-03-11,,2.864739919109401e-05,1.600454940183554e-05,4.8575835483937535e-05
2020-03-12,0.0001234517392559882,8.202631642795916e-05,4.718698360054188e-05,0.00014270282883632144
2020-03-13,4.441996659922512e-05,3.919091373771812e-05,2.2578115357052625e-05,6.881138210867973e-05
2020-03-14,,2.833830783998955e-05,1.6329735998727322e-05,5.082432457992577e-05
2020-03-15,9.987171473349801e-06,1.925989807889353e-05,1.0842088373958202e-05,3.410617287079584e-05
2020-03-16,2.5795300492259255e-05,4.5282153140455996e-05,2.6056698987066577e-05,8.0253634701246e-05
2020-03-17,,3.9520308173896315e-05,2.3001493792376975e-05,6.916545700908775e-05
2020-03-18,3.599073776668065e-05,3.30610252511908e-05,1.8745402079409014e-05,5.829854953311973e-05
2020-03-19,2.6704060244890057e-05,3.880195900698134e-05,2.2925574628310184e-05,6.864682410196457e-05
2020-03-20,3.1090044596108106e-05,3.960597552151694e-05,2.2315299322344934e-05,6.822585445822282e-05
2020-03-21,2.2993268983877698e-05,2.200846470728397e-05,1.2484479906118608e-05,3.858028755089328e-05
2020-03-22,1.7440837120029778e-05,1.7806934343285378e-05,1.0106741543631832e-05,3.112269583360835e-05
2020-03-23,2.0529347764041664e-05,1.7859750909997542e-05,1.0114131504723245e-05,3.0704802563284936e-05
2020-03-24,2.4989918281236577e-05,2.5144670066274834e-05,1.2335395133939558e-05,4.915748864382623e-05
2020-03-25,,2.5313717016739524e-05,1.42747920977927e-05,4.409202461930791e-05
2020-03-26,3.234405404672488e-05,2.3889308268453673e-05,1.3451931300504923e-05,4.194934029870998e-05
2020-03-27,3.15387092420428e-05,2.799646106837509e-05,1.5781676575757625e-05,4.997850926720871e-05
2020-03-28,4.385612383695971e-05,3.08523886917519e-05,1.768135361104611e-05,5.226445538360439e-05
2020-03-29,2.7561976274922686e-05,2.5463419558646885e-05,1.425346559889185e-05,4.3936960665435284e-05
2020-03-30,2.338095521812428e-05,2.3933213370404034e-05,1.3386026034872475e-05,4.149678491330119e-05
2020-03-31,,1.4629482519672337e-05,8.120781746813225e-06,2.5338994912799502e-05
2020-04-01,2.3893779801434678e-05,3.05059917298431e-05,1.7383772365784488e-05,5.275530174290474e-05
2020-04-02,1.5015129507351005e-05,1.4985289593129428e-05,6.946864519256452e-06,3.364121818928311e-05
2020-04-03,3.6153453869989956e-05,6.240401228250525e-05,3.609822209780178e-05,0.00011148019116631303
2020-04-04,3.667485576994579e-05,2.9890492315930156e-05,1.7322919139879422e-05,5.1634849075582555e-05
2020-04-05,2.8859118567272956e-05,2.0700528229216253e-05,1.14778646979816e-05,3.497724349617111e-05
2020-04-06,1.666697637224666e-05,3.295665722237719e-05,1.8901357482166293e-05,5.660656861281721e-05
2020-04-07,2.873941110924564e-05,4.53158109558942e-05,2.5664858341362112e-05,8.073869124568988e-05
2020-04-08,4.4227892915555374e-05,5.5853702970676795e-05,3.2450934194326066e-05,9.891327396475795e-05
2020-04-09,1.7981745048165604e-05,4.1175383558015235e-05,2.077121964696194e-05,8.399016529562551e-05
2020-04-10,2.1519969393522636e-05,3.338370453347752e-05,1.702587551331647e-05,6.483586472893577e-05
2020-04-11,2.071696235240074e-05,3.8137248567567196e-05,2.1943889660578354e-05,6.80419181095337e-05
2020-04-12,9.822250405259743e-06,1.5335650627240846e-05,8.04449370725287e-06,2.9424232885421368e-05
2020-04-13,,6.739793373766346e-05,3.851150508081135e-05,0.00011705865150781043
2020-04-14,1.8594956991784956e-05,2.7532524881710483e-05,1.5882085730672024e-05,4.887112780760999e-05
2020-04-15,3.8015361602123855e-05,3.943874472420227e-05,2.237753929778016e-05,6.88487611816654e-05
2020-04-16,9.396571048924618e-05,0.00011522737729542393,6.715227479572487e-05,0.00020094594153179449
2020-04-17,3.956149203637367e-05,6.30148862726715e-05,3.5238705014711e-05,0.00011103364134980256
2020-04-18,3.30419719455187e-05,3.51453597344295e-05,1.999922625168489e-05,6.270875658912377e-05
2020-04-19,2.132797674033078e-05,2.2330804025803325e-05,1.2755178298992936e-05,3.88970908477547e-05
2020-04-20,5.238078719787748e-05,6.212330858844034e-05,3.545979949013147e-05,0.00010589994004350405
2020-04-21,3.1503786449671e-05,3.2783906811616195e-05,1.8365536757864312e-05,5.753350968205764e-05
2020-04-22,3.319167620213728e-05,3.9642187168181735e-05,2.1957880039019058e-05,7.027635150978752e-05
2020-04-23,6.597248754484962e-05,5.011843430001289e-05,2.7948100527153493e-05,8.688655237706459e-05
2020-04-24,9.433648161647436e-05,3.524207469362174e-05,2.0031026781109172e-05,6.101757899544288e-05
2020-04-25,,2.0222703647466005e-05,1.1555655902125666e-05,3.488413573066042e-05
2020-04-26,2.3013677428421547e-05,1.4312749050936311e-05,8.279627834075037e-06,2.531862256654229e-05
2020-04-27,,2.4359736250493736e-05,1.371536328631641e-05,4.250668035516847e-05
2020-04-28,,2.796129920101931e-05,1.6367502802716574e-05,4.921488623460105e-05
2020-04-29,3.398134837120784e-05,4.004600516835268e-05,2.2443550102790128e-05,6.998273320103792e-05
2020-04-30,8.18032180332195e-05,6.212669252490103e-05,3.6092312982032204e-05,0.00011027454874043092
2020-05-01,2.7953285048457387e-05,3.5256850466127124e-05,1.8091373737810428e-05,6.81389867597376e-05
2020-05-02,3.087899275491202e-05,4.6047863339118404e-05,2.609562214488524e-05,8.292043216732916e-05
2020-05-03,2.062761755652323e-05,1.6100581116135662e-05,9.17975327321719e-06,2.846263628664344e-05
2020-05-04,,5.079243225872367e-05,2.8260856226462836e-05,9.001287382510887e-05
2020-05-05,,2.464662565593076e-05,1.3708366877738755e-05,4.4491287160339444e-05
2020-05-06,2.0691209660201034e-05,4.198299657360516e-05,2.4109936195034723e-05,7.335800526062463e-05
2020-05-07,5.7604484284370594e-05,6.201478068839717e-05,3.5062837254738275e-05,0.00010773365369655742
2020-05-08,4.443470490261738e-05,4.8448450493533124e-05,2.7590005812905985e-05,8.531633614107206e-05
2020-05-09,3.407516985151996e-05,3.062674346613854e-05,1.7200248604466407e-05,5.375779987172344e-05
2020-05-10,3.344238610132002e-05,2.867590841935941e-05,1.6111203609972285e-05,5.0236024888214636e-05
2020-05-11,7.211999375799976e-05,4.46551768028863e-05,2.5487454980954068e-05,7.8829730918954e-05
2020-05-12,9.464107412112225e-05,9.784002064077218e-05,5.519759158342842e-05,0.00017084006696109898
2020-05-13,6.450647806686205e-05,6.30352587350049e-05,3.5382898411322354e-05,0.00011101957170971259
2020-05-14,0.00018247356896783785,0.00019228091606383405,0.00010665459850465722,0.00033700968617651685
2020-05-15,4.020048336449302e-05,5.167391229632371e-05,3.0128149573453348e-05,9.358275234665755e-05
2020-05-16,3.830503013349228e-05,4.844240043128386e-05,2.768123946418214e-05,8.331613689204e-05
2020-05-17,5.358520560023619e-05,5.8595174977736995e-05,3.311785167860978e-05,0.00010339069913547233
2020-05-18,3.745572185467961e-05,4.2329225746156375e-05,2.4430915844430098e-05,7.537468596188578e-05
2020-05-19,4.9878897153941306e-05,5.408145227660972e-05,3.095765975672628e-05,9.773165851111524e-05
2020-05-20,,5.13073789730239e-05,2.972874574235473e-05,9.145251027878973e-05
2020-05-21,,3.286676179260873e-05,1.805437563806555e-05,5.7569002130288686e-05
2020-05-22,,3.08214604606366e-05,1.74448638737697e-05,5.4481922632617715e-05
2020-05-23,5.1426920331145175e-05,4.799674041857726e-05,2.692915433079458e-05,8.331988344687282e-05
2020-05-24,4.18982370615682e-05,2.9233976171641255e-05,1.692621517717618e-05,5.1846140014550557e-05
2020-05-25,1.0198189944285679e-05,1.2916378792388013e-05,6.833096670793403e-06,2.5534902906146666e-05
2020-05-26,0.00011347849596088849,9.842677240506644e-05,5.5969407714935224e-05,0.00017453323461694378
2020-05-27,5.204867265551973e-05,5.6100123767577555e-05,3.215963980451629e-05,9.929704213946055e-05
2020-05-28,9.903663597229774e-05,7.863084400494978e-05,4.480354074872615e-05,0.00013796097658594315
2020-05-29,7.79112283376726e-05,8.412688639243352e-05,4.908922578200198e-05,0.0001465945210904107
2020-05-30,,5.015309419992051e-05,2.813802470157631e-05,8.937281623054241e-05
2020-05-31,1.6128379983393558e-05,2.311873204995145e-05,1.273897796513026e-05,4.153144118941971e-05
2020-06-01,9.428290575004238e-05,6.64952030428425e-05,3.7246505091435875e-05,0.00011964661850110148
2020-06-02,9.821230460576544e-05,7.9164242265912e-05,4.478923242790483e-05,0.00013843568388486783
2020-06-03,0.00025755635240716246,0.00012404353166199284,7.184101898800396e-05,0.00021773156678773448
2020-06-04,9.457162155587411e-05,9.960098178844326e-05,5.648919209702925e-05,0.00016935464609556383
2020-06-05,,5.209229448074791e-05,2.9868932472582665e-05,9.187858361265296e-05
2020-06-06,2.116491273796728e-05,3.053688390451312e-05,1.7314742657134632e-05,5.360661214612849e-05
2020-06-07,,4.7163636149982344e-05,2.690070349599428e-05,8.444200582202924e-05
2020-06-08,,7.353109533081754e-05,4.1200448851870966e-05,0.00012517481379230834
2020-06-09,0.00017942279414347165,0.00013202262019802507,7.3051501256755e-05,0.00022519784837666366
2020-06-10,9.791376060236815e-05,6.885485065853965e-05,3.950167149032785e-05,0.00012172848366848047
2020-06-11,5.996378614340053e-05,6.818951723796705e-05,3.7482341999885685e-05,0.00012093443292949827
2020-06-12,0.00016436159264683153,8.919206813852303e-05,5.103523076734124e-05,0.0001603607049303996
2020-06-13,3.53335591920615e-05,3.585027940235098e-05,2.0495533768238664e-05,6.140939211810579e-05
2020-06-14,5.7909446200914335e-05,3.879350868558305e-05,2.198596192364601e-05,6.958278452162916e-05
2020-06-15,3.661306747486526e-05,4.256663092706833e-05,2.3725520863213316e-05,7.455717210599201e-05
2020-06-16,5.652739888180718e-05,6.344819882642655e-05,3.57206006482035e-05,0.00011496778794531364
2020-06-17,2.3324568543715283e-05,2.3108085622917617e-05,1.0935845882151287e-05,5.017315196791799e-05
2020-06-18,4.96458943346833e-05,6.0687714878498964e-05,3.433185541743762e-05,0.0001086514474062091
2020-06-19,5.752699617055658e-05,9.446375952100377e-05,5.266503581910659e-05,0.0001671443226862783
2020-06-20,3.3975962214120765e-05,3.9948946060658766e-05,2.051993853201657e-05,7.650757557311241e-05
2020-06-21,4.2429420767074086e-05,3.566592472565671e-05,2.0007883620816314e-05,6.321768979013205e-05
2020-06-22,3.659163734790211e-05,5.137168712896337e-05,2.9486961835027235e-05,8.820445933701254e-05
2020-06-23,,5.852514317075872e-05,3.259798344880586e-05,0.00010437230630075319
2020-06-24,,4.3619497297213205e-05,2.4775869338731277e-05,7.69651550202846e-05
2020-06-25,4.30728398644443e-05,6.417090277205475e-05,3.6842387533286945e-05,0.00011491582881545707
2020-06-26,7.700289255422903e-05,0.00010524058553883292,6.0452366125239565e-05,0.00018590198775266976
2020-06-27,0.00010149294263539007,8.544976249169641e-05,4.954317762002794e-05,0.00014982540212832638
2020-06-28,0.00018723624005413406,7.335842513203455e-05,4.218864214978891e-05,0.0001274537063418923
2020-06-29,2.688844633159516e-05,4.42855022423829e-05,2.537724272765033e-05,8.212612279208305e-05
2020-06-30,,4.851029674229457e-05,2.711777209479348e-05,8.646298757163985e-05
2020-07-01,6.664815558542707e-05,5.154804344527293e-05,2.8411217713414008e-05,9.185944985407444e-05
2020-07-02,8.22201666942061e-05,9.328903476750855e-05,5.436758377295577e-05,0.0001612170698948833
2020-07-03,6.426619463453398e-05,7.104268728443386e-05,4.127940022241087e-05,0.00012146047030078323
2020-07-04,0.00013329156724039003,6.494483296170195e-05,3.7400816746666414e-05,0.00011330012957829695
2020-07-05,4.696684560694484e-05,3.5352933703174256e-05,2.033849683857375e-05,6.142307090075824e-05
2020-07-06,7.639593974253221e-05,9.453422831676803e-05,5.468628713578368e-05,0.00016595939179471126
2020-07-07,3.314044262594218e-05,6.0496353625868366e-05,3.479299614506496e-05,0.00010559029044344384
2020-07-08,0.0002054362958403012,0.00010096715809537747,5.7688924561759394e-05,0.00017364241087977975
2020-07-09,4.916178863926763e-05,5.664335721974936e-05,2.8675706129474014e-05,0.0001122722053310842
2020-07-10,,4.634600658351672e-05,2.6682924390258593e-05,8.243239948070696e-05
2020-07-11,0.00011055760995936274,6.664597505579404e-05,3.8406809825519e-05,0.0001160302057244808
2020-07-12,4.423681041154463e-05,3.8993376389712845e-05,2.262954415844332e-05,6.676592113044727e-05
2020-07-13,4.531002579150837e-05,4.1705337346734634e-05,2.304428334975651e-05,7.32694852735883e-05
2020-07-14,0.00010593659680093399,8.150276964531594e-05,4.553585729625377e-05,0.00014723787834657412
2020-07-15,9.753531774721623e-05,8.488488874087937e-05,4.7788008086805115e-05,0.0001500798167948349
2020-07-16,7.864648686692548e-05,7.894652660126878e-05,4.4964141805388915e-05,0.00014099442490254083
2020-07-17,3.6503725479099774e-05,6.127936923446625e-05,3.4056493757738635e-05,0.00010663550173329868
2020-07-18,8.862985214612114e-05,5.6885145670811996e-05,3.254208177357706e-05,0.00010055516995330798
2020-07-19,5.453755164068516e-05,5.8558326213751714e-05,3.295180743555666e-05,0.00010481537620006874
2020-07-20,0.00019689808750063,0.00010544769914925945,6.152196706565889e-05,0.00018401710964606398
2020-07-21,,5.6647016052351195e-05,3.306013947008577e-05,0.00010121050807131367
2020-07-22,,7.197727634315172e-05,4.160678612152345e-05,0.00012930507664680373
2020-07-23,,5.9226667576772465e-05,3.4331848468200396e-05,0.00010256368175148339
2020-07-24,5.270954401580255e-05,4.3790022664198635e-05,2.452452983754544e-05,7.766180155823317e-05
2020-07-25,4.9578350386493994e-05,5.669723379623099e-05,3.3045385908786555e-05,0.0001014311218248196
2020-07-26,3.0222912825182182e-05,3.5538755659105416e-05,2.073014194306841e-05,6.372558058202705e-05
2020-07-27,0.00012604511283476194,6.272741094966903e-05,3.569474602939504e-05,0.00011147083554185406
2020-07-28,6.772448591833605e-05,6.104700796469271e-05,3.468066757420685e-05,0.00010921316808196916
2020-07-29,0.00017286326331722096,0.00010413354229781779,5.841224730994019e-05,0.00017958108930111883
2020-07-30,5.064040828720917e-05,6.954539270286487e-05,3.896519765790895e-05,0.00012126765902776762
2020-07-31,0.00018445796435018815,9.756067368322571e-05,5.387837852548226e-05,0.00017497402095245762
2020-08-01,5.640246761769807e-05,6.272478547112538e-05,3.6268149536546915e-05,0.00011237887777371474
2020-08-02,7.512979533085428e-05,6.206679008263359e-05,3.600293200584517e-05,0.00010781568909554092
2020-08-03,3.7861810594141304e-05,6.31385820903462e-05,3.5247048682013813e-05,0.00010785767286260524
2020-08-04,4.202711597909361e-05,4.932300215542871e-05,2.8471704145390622e-05,8.521530086681378e-05
2020-08-05,,5.124817344792286e-05,2.849683624174766e-05,8.921051992078834e-05
2020-08-06,,3.458167652119554e-05,2.0087201098009887e-05,6.125035130536011e-05
2020-08-07,,3.9389629290043494e-05,2.2160649368501345e-05,6.871185739062474e-05
2020-08-08,5.379714898798728e-05,5.1117893164888314e-05,2.9074551468481543e-05,8.851105998813266e-05
2020-08-09,,6.126165137297549e-05,3.462794184682152e-05,0.00010764639098707401
2020-08-10,4.291650036774773e-05,4.750908213147579e-05,2.690027143659036e-05,8.288981946604094e-05
2020-08-11,7.783684461496306e-05,6.069803707592293e-05,3.492730219850231e-05,0.00010842675497705523
2020-08-12,9.242470768026257e-05,7.16232212348108e-05,4.068111336487799e-05,0.0001263579789097455
2020-08-13,0.0001038562674387632,7.337830197654642e-05,4.1504123505494475e-05,0.00013008305057684384
2020-08-14,6.348916802371223e-05,8.448319087396484e-05,4.7361382546026624e-05,0.00014482710336726984
2020-08-15,3.0871073254623074e-05,4.1465513538617043e-05,2.345890994570704e-05,7.485901876618508e-05
2020-08-16,3.724689388283067e-05,3.2861785205442065e-05,1.8537937294391663e-05,5.795308491553279e-05
2020-08-17,4.135840110100766e-05,4.748638643433734e-05,2.3819934408479374e-05,9.19022147108189e-05
2020-08-18,6.517574379822654e-05,7.206991617615521e-05,4.03188885572878e-05,0.0001239965015407838
2020-08-19,3.15887973255481e-05,3.765229991964024e-05,2.113906242543087e-05,6.670225198732911e-05
2020-08-20,5.520708521673082e-05,6.491707043384395e-05,3.802916547460775e-05,0.00011422979626184951
2020-08-21,8.305012302561883e-05,7.907166081903169e-05,4.6274725935526946e-05,0.0001386174628933554
2020-08-22,3.9849164528279426e-05,4.852873239335968e-05,2.8439986235693267e-05,8.890484945738673e-05
2020-08-23,2.2742378630644704e-05,2.687067002906055e-05,1.55032616946832e-05,4.642786734109183e-05
2020-08-24,3.890350401138509e-05,4.4527840102714434e-05,2.5188287065713065e-05,7.731393591728288e-05
2020-08-25,,4.0384750262869645e-05,2.3623671225323764e-05,7.170238611411903e-05
2020-08-26,,4.645878804677544e-05,2.6295675509955543e-05,8.149712185253704e-05
2020-08-27,6.154903437100966e-05,6.344838640008006e-05,3.6151360435981456e-05,0.00011038837824166476
2020-08-28,1.0002086891615864e-05,4.9904399775075276e-05,2.8023964782757078e-05,8.784417902005389e-05
2020-08-29,9.064138756935681e-06,3.189142329176385e-05,1.8264736509889047e-05,5.733375824904247e-05
2020-08-30,5.8335981187298236e-05,4.410889898588465e-05,2.5473703799638382e-05,7.873555584375692e-05
2020-08-31,,7.426751620572058e-05,4.245519151980302e-05,0.00012816809267595885
2020-09-01,,3.6051522354482955e-05,2.0081815863674623e-05,6.500622992060836e-05
2020-09-02,,2.766944682546983e-05,1.5615472111721365e-05,4.884336742361778e-05
2020-09-03,,5.942904232402803e-05,3.3328424346882194e-05,0.00010452719623481831
2020-09-04,9.856165244244562e-05,7.89717463175707e-05,4.546649013273706e-05,0.00013866612619864896
2020-09-05,3.4505916996586455e-05,3.725737460637931e-05,2.1675806093508487e-05,6.576766995315533e-05
2020-09-06,4.07344108633527e-05,2.5186734676577647e-05,1.420868620045163e-05,4.324999278378066e-05
2020-09-07,4.9807108658616236e-05,4.8693973865970853e-05,2.71196388197202e-05,8.655702824509064e-05
2020-09-08,3.062634993986798e-05,4.164034194538918e-05,2.4413431890631983e-05,7.247682573480513e-05
2020-09-09,,9.689538147624705e-05,5.6404324775943116e-05,0.0001723361051194654
2020-09-10,5.6334596495199554e-05,6.725017470937856e-05,3.877935790062475e-05,0.00011708393346331218
2020-09-11,5.317773438270526e-05,5.7236041092694316e-05,3.211835204074306e-05,0.0001003505712239017
2020-09-12,4.007000299516785e-05,5.084515669109677e-05,3.0162710346481716e-05,9.057840053829021e-05
2020-09-13,4.74008543167464e-05,8.565832217206412e-05,4.765536797925375e-05,0.00015264783677593208
2020-09-14,0.00011105931782542697,7.737898917160728e-05,4.3684359564442535e-05,0.00013332519455752287
2020-09-15,7.223378050108089e-05,4.835644449328981e-05,2.770312246399617e-05,8.4046167714396e-05
2020-09-16,0.00011430644130202473,7.739636317031835e-05,4.471517400105965e-05,0.0001360283853883674
2020-09-17,0.00010441752831238619,5.848861682977079e-05,3.3583136489138744e-05,0.00010188965865972552
2020-09-18,7.417619500422653e-05,7.571585180007103e-05,4.270288461244646e-05,0.0001315599891814166
2020-09-19,2.827595390757174e-05,4.3103334189549884e-05,2.4309084125829082e-05,7.568483925376108e-05
2020-09-20,3.4138844186072626e-05,4.1772427510815105e-05,2.378930177090965e-05,7.43613326866834e-05
2020-09-21,0.00011673679450334258,9.086272363389971e-05,5.2834881600410705e-05,0.00016157305095715723
2020-09-22,6.173798762559157e-05,5.930635963729859e-05,3.435538382845223e-05,0.00010340381408617441
2020-09-23,8.760743862867055e-05,7.015440022189574e-05,3.993042356102283e-05,0.00012272390204390096
2020-09-24,5.377401565670077e-05,6.30758686108294e-05,3.473124601494832e-05,0.00010783381319168486
2020-09-25,,4.2421986876811905e-05,2.3969455519306835e-05,7.473526853152736e-05
2020-09-26,4.1652987156117395e-05,3.596625207666502e-05,2.0327757360672752e-05,6.14229813537111e-05
2020-09-27,,2.6598461447738895e-05,1.5086729524789732e-05,4.713928778299808e-05
2020-09-28,4.672722173439243e-05,5.6106970397535515e-05,3.249305865950224e-05,9.596015532849473e-05
2020-09-29,4.009383115229666e-05,4.327516695887013e-05,2.4786632615405017e-05,7.416011752356965e-05
2020-09-30,5.259756819217872e-05,5.323483175886636e-05,3.017793921145533e-05,9.165490761150753e-05
2020-10-01,9.324186000570377e-05,4.921732834801993e-05,2.812115199044931e-05,8.534062512561294e-05
2020-10-02,3.6645262739141715e-05,3.785337161584286e-05,2.1519981433394554e-05,6.673517839293204e-05
2020-10-03,2.824628505221604e-05,3.434494775470137e-05,1.9857003442326444e-05,6.134572789239418e-05
2020-10-04,,2.007643954572628e-05,1.1354652077652574e-05,3.5674123953889895e-05
2020-10-05,4.556620484920921e-05,5.206446353661088e-05,3.0280505934918314e-05,9.216250460125485e-05
2020-10-06,0.00011884950919899571,8.784691793884658e-05,4.9588184112573325e-05,0.0001502486901660218
2020-10-07,6.216264842618592e-05,8.499946145036731e-05,4.904958114283279e-05,0.00015264770394569945
2020-10-08,9.709908971973074e-05,6.62584338905436e-05,3.8084584157232396e-05,0.00011419440300413227
2020-10-09,3.4612626827406556e-05,6.115104735749723e-05,3.507862057533135e-05,0.00010634196178880458
2020-10-10,3.0593839086127135e-05,4.325322082660608e-05,2.4582866541167194e-05,7.53514879247922e-05
2020-10-11,2.5548081113487638e-05,2.5880209994709802e-05,1.4613324685534486e-05,4.526539737238227e-05
2020-10-12,2.9603470937653604e-05,2.9372640695381947e-05,1.3616149700947407e-05,6.271893176391375e-05
2020-10-13,0.00012909170320810336,5.410560191471239e-05,3.1275276716781516e-05,9.783097756373527e-05
2020-10-14,7.755301380927346e-05,9.691411640873065e-05,5.612830273224856e-05,0.00016893011594224942
2020-10-15,7.188000966610556e-05,5.1970869972437404e-05,2.917184176159514e-05,8.955550680571884e-05
2020-10-16,3.823514298497447e-05,4.170211625578323e-05,2.382170275831042e-05,7.570403215820074e-05
2020-10-17,5.912927275778886e-05,2.8660666476717182e-05,1.6584877891323065e-05,4.984597250455316e-05
2020-10-18,4.3830500749733554e-05,2.560513261948603e-05,1.450203921777552e-05,4.452162875733771e-05
2020-10-19,3.253432175234593e-05,2.8945771466938954e-05,1.6704426313721407e-05,5.105866274603151e-05
2020-10-20,2.190403151465278e-05,2.225825834564266e-05,1.2898182973806e-05,3.9076907107126857e-05
2020-10-21,,2.3261482937450223e-05,1.3327347335331239e-05,4.121975109236602e-05
2020-10-22,,3.71594835164495e-05,2.1318829416815924e-05,6.499440759291914e-05
2020-10-23,3.5265515694995016e-05,4.650628038715033e-05,2.6303737330283352e-05,8.17315579198317e-05
2020-10-24,5.768310079014848e-05,4.229950127680652e-05,2.411429511044182e-05,7.455925878228465e-05
2020-10-25,,2.784360400286724e-05,1.5633486593011216e-05,4.863094831522392e-05
2020-10-26,2.0611846413076925e-05,3.7958308118690696e-05,2.1845494015324272e-05,6.629287663432077e-05
2020-10-27,7.117584779478569e-05,4.7562525668473285e-05,2.721930551365128e-05,8.376813221671997e-05
2020-10-28,,3.17605241904906e-05,1.8207384189931154e-05,5.393850532310523e-05
2020-10-29,2.043808204649653e-05,3.724091582425456e-05,2.175662918012764e-05,6.563940969415885e-05
2020-10-30,9.249971269064716e-05,6.13261916874644e-05,3.404976167962643e-05,0.00010284978927599278
2020-10-31,7.621654723780492e-05,4.757421001747933e-05,2.7925633413157545e-05,8.026088769867948e-05
2020-11-01,2.9551124613798225e-05,3.0964989207839845e-05,1.7818382116638215e-05,5.354665126467522e-05
2020-11-02,6.038255419301546e-05,4.452552167142023e-05,2.544122081980358e-05,7.783080614614263e-05
2020-11-03,4.2284629593098525e-05,3.357461068222434e-05,1.92631094134797e-05,5.870046561355751e-05
2020-11-04,3.0295985707250937e-05,2.830048664880995e-05,1.6556051418445797e-05,4.9878580384438005e-05
2020-11-05,4.326897582029194e-05,3.317038524859162e-05,1.8416473635551902e-05,5.8705343178357023e-05
2020-11-06,4.706613987081612e-05,4.130514200099722e-05,2.384566644575336e-05,7.126633396407389e-05
2020-11-07,4.31555565178699e-05,3.7949678263083155e-05,2.176173326043171e-05,6.660555798120298e-05
2020-11-08,3.2384211206448036e-05,2.3581925728911008e-05,1.3476362874210897e-05,4.214203687625799e-05
2020-11-09,,3.888188843333342e-05,2.26169667308029e-05,6.833646442471416e-05
2020-11-10,4.516020834902905e-05,3.459594130013338e-05,2.0124660444754647e-05,6.271474993945485e-05
