ds,yhat,yhat_lower,yhat_upper
2019-01-01,1.0165089939994698e-05,4.571926385363912e-06,2.2220299178506534e-05
2019-01-02,0.00010998550332350513,6.23482467082168e-05,0.00019492211509931163
2019-01-03,6.449617536082547e-05,3.6884765413374346e-05,0.0001125524246345959
2019-01-04,6.010309048724095e-05,3.339235499266241e-05,0.00010499492954065702
2019-01-05,4.657482377096456e-05,2.568860816613207e-05,8.016921819465922e-05
2019-01-06,5.913336019406718e-05,3.3487789130106475e-05,0.0001056406081576911
2019-01-07,8.062777610751372e-05,4.582146598247949e-05,0.00014191681746460584
2019-01-08,9.907346312809427e-05,5.5656067433157884e-05,0.0001775541954606591
2019-01-09,8.657180885135573e-05,4.997761373281402e-05,0.00015281241220114374
2019-01-10,4.829840184116444e-05,2.7829404149421768e-05,8.547106523199692e-05
2019-01-11,6.926780923088667e-05,3.925594873699654e-05,0.00012038469129196457
2019-01-12,4.6854761268900994e-05,2.6687524307723486e-05,8.490309673025022e-05
2019-01-13,4.980463728180216e-05,2.908402597766281e-05,8.622781356461367e-05
2019-01-14,6.833429166481586e-05,4.0150421576199094e-05,0.00011898303864632366
2019-01-15,7.123250470787547e-05,4.096913215157657e-05,0.0001259132034303665
2019-01-16,0.00027146408796848207,0.00015391115742122117,0.0004851858046690547
2019-01-17,4.799260006785347e-05,2.7191235836349115e-05,8.523757088368052e-05
2019-01-18,5.666962780919327e-05,3.2660170060088416e-05,9.825388277709469e-05
2019-01-19,6.107167968867626e-05,3.5471097856381e-05,0.0001096683933529615
2019-01-20,3.53527786046047e-05,2.0441772318789603e-05,6.079637456356351e-05
2019-01-21,6.250767274538437e-05,3.64025000064655e-05,0.00011122565655267405
2019-01-22,5.626832307536787e-05,3.318996989934071e-05,9.80136824012327e-05
2019-01-23,4.792031657457807e-05,2.7048804898002445e-05,8.300177780491463e-05
2019-01-24,4.9897525706643446e-05,2.7749978505368957e-05,8.74294223386228e-05
2019-01-25,6.0763594443123144e-05,3.4666403585710393e-05,0.00010758981743579308
2019-01-26,7.65253261205636e-05,4.4404152594189844e-05,0.0001320513371147381
2019-01-27,4.779369996457789e-05,2.7700079702793257e-05,8.16350346007249e-05
2019-01-28,5.2325573371703494e-05,2.9550482369190486e-05,9.401697166324489e-05
2019-01-29,6.09584948092884e-05,3.417175003771369e-05,0.00010558567782422755
2019-01-30,6.588089940818463e-05,3.848851576802517e-05,0.00011486783605057732
2019-01-31,7.843800684928925e-05,4.494923405872622e-05,0.0001368389743429899
2019-02-01,0.00011579455597128359,6.485507469262e-05,0.00019706166690619802
2019-02-02,3.7910881606932105e-05,2.139771790169565e-05,6.53740608029553e-05
2019-02-03,4.177973457189389e-05,2.352476811129045e-05,7.399219560407862e-05
2019-02-04,7.194055594711643e-05,4.011432328316211e-05,0.00012821892262364638
2019-02-05,8.415094127992928e-05,4.6974463695146626e-05,0.00014949598759931565
2019-02-06,5.825551763210977e-05,3.3611709345210676e-05,0.00010387534031036283
2019-02-07,6.999826347720982e-05,3.971287289186416e-05,0.00012136458187143858
2019-02-08,8.324640588937351e-05,4.92799868551216e-05,0.00014733083217982037
2019-02-09,0.00012586591196529014,7.26599046608744e-05,0.00022506939532355684
2019-02-10,6.13619327573968e-05,3.437412680490828e-05,0.00010670087588121438
2019-02-11,4.868328131550601e-05,2.7512957453788125e-05,8.611643797731043e-05
2019-02-12,5.1132800204919136e-05,2.8814317561188072e-05,8.988454076351919e-05
2019-02-13,8.084582861655009e-05,4.671623559681305e-05,0.00014187130670913564
2019-02-14,0.00018199010064764455,0.00010456790391581692,0.00031367863085819735
2019-02-15,0.00019016499999274556,0.00010863113013276112,0.0003303239271420278
2019-02-16,0.00010823609760188686,6.171962650492491e-05,0.000185652352606163
2019-02-17,5.280821110946234e-05,3.068609199892743e-05,9.32447957262386e-05
2019-02-18,7.21041173253733e-05,4.165915329217319e-05,0.00012724880348519382
2019-02-19,8.441676289388587e-05,4.900076316237676e-05,0.00014481679547164434
2019-02-20,8.582125020546427e-05,4.956653215627285e-05,0.0001516461017709615
2019-02-21,9.456834111367333e-05,5.3645660103159774e-05,0.00016519838182847712
2019-02-22,0.00011428224058194038,6.479841354423356e-05,0.00019740508950683426
2019-02-23,0.00012493028300955954,7.255752325311329e-05,0.00022971566099355822
2019-02-24,5.179042164137849e-05,2.9974219073982945e-05,9.174270439302265e-05
2019-02-25,8.280083321172778e-05,4.807276757338478e-05,0.0001416430151385981
2019-02-26,9.311327137374959e-05,5.4731109644414e-05,0.00016328194163980753
2019-02-27,8.822649401010701e-05,4.919972072045625e-05,0.00015132803963562475
2019-02-28,0.00017066846144988813,9.762602019823729e-05,0.00029503977421255895
2019-03-01,7.634964353114165e-05,4.440499994450437e-05,0.0001359841569413797
2019-03-02,8.607865289082636e-05,4.882643457110707e-05,0.0001509313881540893
2019-03-03,4.4859787916359834e-05,2.551747741314243e-05,8.030193513768201e-05
2019-03-04,0.00010707220046710535,5.582339876221368e-05,0.00021001564867985498
2019-03-05,7.242386911120954e-05,3.6744187440817505e-05,0.0001359829757388008
2019-03-06,0.00010232137762853104,5.8149625892489246e-05,0.00018130872763549432
2019-03-07,0.00010683872312883608,6.113964199041352e-05,0.00018220118994759747
2019-03-08,5.549983401355558e-05,3.102367279867248e-05,9.761216408572054e-05
2019-03-09,5.915972182248474e-05,3.348150296511009e-05,0.00010311727892049161
2019-03-10,6.893558844201781e-05,3.962188406860337e-05,0.00012287621696883153
2019-03-11,7.170439594088528e-05,4.105991866895219e-05,0.00012186509548726061
2019-03-12,0.00012491741337350326,7.276378172288871e-05,0.00021269553681666718
2019-03-13,7.89017798278113e-05,4.648256056635065e-05,0.0001376862073689354
2019-03-14,0.00011586186673520763,6.724180306238366e-05,0.00020623597467602227
2019-03-15,7.48505180699734e-05,4.227192983011701e-05,0.00013383740487975587
2019-03-16,5.6111522651389505e-05,3.165995619214037e-05,9.680890069826079e-05
2019-03-17,4.773127844305799e-05,2.7221647781619922e-05,8.26923914948895e-05
2019-03-18,8.712196567710415e-05,4.948848270016299e-05,0.00015138366776980627
2019-03-19,6.124222237559836e-05,3.567502415598455e-05,0.0001103175531394699
2019-03-20,5.286015053109993e-05,2.9490640892964384e-05,9.070371098861588e-05
2019-03-21,0.00012484689636357727,7.092028184303671e-05,0.00021476087637561103
2019-03-22,9.654240486682355e-05,5.424615925866436e-05,0.00017121487687257885
2019-03-23,6.869475759054626e-05,3.9991936963308424e-05,0.00012165341825085791
2019-03-24,5.326836738412447e-05,2.7319065151643514e-05,0.00010643770931268053
2019-03-25,5.681183070195063e-05,3.2226454340042015e-05,9.933876100452422e-05
2019-03-26,7.36740028093311e-05,4.1220558229480316e-05,0.00013091576302717682
2019-03-27,8.990570254723653e-05,5.144829668648774e-05,0.00015309609004300484
2019-03-28,6.777215723425344e-05,3.8507052542246876e-05,0.0001190999736582317
2019-03-29,8.112685970791735e-05,4.561203540538465e-05,0.00014291273233238078
2019-03-30,0.00010622131724792656,6.200373342661375e-05,0.00018616336188578047
2019-03-31,6.264484467803148e-05,3.5887645566746684e-05,0.00010576133823576823
2019-04-01,8.66463865925077e-05,4.8436981709330535e-05,0.00015233870406995071
2019-04-02,6.686200989392922e-05,3.134785351857279e-05,0.00014208914751293793
2019-04-03,5.4159895807862054e-05,3.0026867032705313e-05,9.565757120824025e-05
2019-04-04,8.922302614949314e-05,5.162867662968062e-05,0.00015483790105310895
2019-04-05,5.788968652286089e-05,3.2764018625780985e-05,0.00010408324708109496
2019-04-06,9.054343980345225e-05,5.357769201360737e-05,0.00016060738217754168
2019-04-07,7.901373643277397e-05,4.440329877413304e-05,0.0001359843647322802
2019-04-08,0.00011379093139694685,6.57179771610583e-05,0.00020286800688064803
2019-04-09,9.897017069665018e-05,5.616541389022437e-05,0.0001755549081671342
2019-04-10,9.250153970124913e-05,5.3477400308238004e-05,0.00016438428106597104
2019-04-11,8.728927076297257e-05,5.057547675428014e-05,0.00015324673110551635
2019-04-12,0.00010370399273781469,5.883760170679835e-05,0.00018679695680146505
2019-04-13,6.867628716171516e-05,3.985682316186115e-05,0.00012167632527333437
2019-04-14,0.00011113493690090955,6.527865660258468e-05,0.00019493116954963938
2019-04-15,7.068730464423277e-05,4.067473813210554e-05,0.00012358735723098135
2019-04-16,0.00010707000462030758,6.250333906570075e-05,0.00018469144164002507
2019-04-17,7.775052216475828e-05,4.3740219447839645e-05,0.0001367034852941701
2019-04-18,9.48014859698432e-05,4.813558566625723e-05,0.0001849036640452956
2019-04-19,6.358898527968023e-05,3.1733205307300724e-05,0.00012235161853533437
2019-04-20,5.9439350712562945e-05,3.3045017734626226e-05,0.00010351109539377225
2019-04-21,7.639644258630852e-05,4.0390439129863526e-05,0.00015488295079889669
2019-04-22,0.00011180639873737512,6.267323128364069e-05,0.000189881883651865
2019-04-23,9.526046061195088e-05,5.4823447372280273e-05,0.00016829984091489627
2019-04-24,7.821289458014574e-05,4.513731257167579e-05,0.0001358773998810585
2019-04-25,5.333215916850235e-05,3.0224670382844625e-05,9.309793065949259e-05
2019-04-26,6.415428681029654e-05,3.677325795604164e-05,0.00011399464730686695
2019-04-27,7.014107561823355e-05,4.048180523787074e-05,0.00012258906063815418
2019-04-28,6.498519712709959e-05,3.8590612462470566e-05,0.00011304468756706662
2019-04-29,9.838780726803067e-05,5.555142368300312e-05,0.00016964369204012405
2019-04-30,8.053066907940127e-05,4.531424445936506e-05,0.00014146365176672003
2019-05-01,3.941241574556446e-05,2.0310380019936567e-05,7.666397487889063e-05
2019-05-02,6.666020446859933e-05,3.7076279561052824e-05,0.00011812633371337208
2019-05-03,0.0001341384883414708,7.78363692033863e-05,0.0002347995904723681
2019-05-04,4.942770826182427e-05,2.8607016424662746e-05,8.525995295720072e-05
2019-05-05,3.781953393671666e-05,2.1386622671420035e-05,6.656316087517622e-05
2019-05-06,7.603256945824954e-05,4.2897397755935854e-05,0.00013424907094584614
2019-05-07,7.37151354706599e-05,4.1840693062438324e-05,0.00012893073724122984
2019-05-08,7.607331014101248e-05,4.371231029703776e-05,0.000133065512434753
2019-05-09,8.777597486022213e-05,4.975758162530188e-05,0.00015282378104858704
2019-05-10,5.998675049767606e-05,3.3675554927827775e-05,0.0001014990407341518
2019-05-11,7.600739006790872e-05,4.409124146637668e-05,0.0001342533334133792
2019-05-12,6.812111783684509e-05,3.85163811549932e-05,0.00011811744784703113
2019-05-13,0.00012271989947540415,6.78276922976647e-05,0.00021826985754032322
2019-05-14,9.621929242448644e-05,5.306414665146703e-05,0.00016801075738811881
2019-05-15,9.344879135895634e-05,5.3691457021033375e-05,0.00016574058644620545
2019-05-16,0.00011863881379676469,6.894164438666969e-05,0.00021197374102520004
2019-05-17,7.088283384799023e-05,4.061528374723852e-05,0.00011947784687297937
2019-05-18,8.744742987242634e-05,4.9414747944364726e-05,0.0001582602988990527
2019-05-19,5.8426120650018926e-05,3.3042657944353296e-05,0.00010315571225155236
2019-05-20,5.9948598263801186e-05,3.3395380381346255e-05,0.00010428818116078283
2019-05-21,8.438076045155871e-05,4.827360928195764e-05,0.00014789962623389918
2019-05-22,0.00010446141573266851,5.920211582602874e-05,0.00018046849690027313
2019-05-23,0.00023966947827971414,0.00013197746392036103,0.00041844291540523126
2019-05-24,0.00016689937340564828,9.584792953897657e-05,0.0002966528557603885
2019-05-25,4.759560304471321e-05,2.144882750878655e-05,0.0001026945963376388
2019-05-26,7.110093821305226e-05,4.130659599495166e-05,0.00012529913854637085
2019-05-27,0.00020911405762675844,0.00011704816798874812,0.00035767542293300904
2019-05-28,0.0002130857153946267,0.000123755599110387,0.00036797200756100634
2019-05-29,0.00013518136946068845,7.74050706912648e-05,0.00023797358262923858
2019-05-30,0.00010550976807445665,5.94650421123065e-05,0.00018740397377744116
2019-05-31,0.00017140785677951593,0.00010169380241872659,0.00030451920291972177
2019-06-01,0.00011611312185576595,6.464551340865462e-05,0.00020239413802453893
2019-06-02,0.00013894372159553876,7.990961836339134e-05,0.0002468529507608492
2019-06-03,0.00018586522037669227,0.00010876300862621094,0.00032622035174841783
2019-06-04,7.923462762281446e-05,4.579792449890058e-05,0.00013654222953426523
2019-06-05,6.748784451695042e-05,3.823869158947857e-05,0.00011692772739018442
2019-06-06,0.00010964893155682456,6.329265716207617e-05,0.0001927635079145213
2019-06-07,0.00010175409674280208,5.68551622181884e-05,0.0001803540479320873
2019-06-08,0.00011796564661254846,6.648893783131076e-05,0.00020875099785527598
2019-06-09,7.945948779546041e-05,4.453389891653832e-05,0.00013658578501938136
2019-06-10,0.0001634703276541068,9.217515796173872e-05,0.00029454823242928014
2019-06-11,8.733209333087167e-05,4.846494978351164e-05,0.00015248488747131073
2019-06-12,0.000129302743872581,7.548930768787429e-05,0.00023211362150788535
2019-06-13,0.00010725092349565398,6.013668468812787e-05,0.0001849866461218346
2019-06-14,0.00011089733172000423,6.414990998198604e-05,0.00019539828901151416
2019-06-15,4.990398826867431e-05,2.8477388062784284e-05,8.630708776610234e-05
2019-06-16,4.469557373978059e-05,2.5404359092404838e-05,7.895792564181192e-05
2019-06-17,9.414758502203797e-05,4.33990896309284e-05,0.00020376484256931545
2019-06-18,8.309297554927356e-05,4.7179937764974665e-05,0.00014532942463744994
2019-06-19,8.36308535011116e-05,4.6312880868557275e-05,0.00014720273618083852
2019-06-20,0.0001244407522893888,6.412616824004057e-05,0.00024016088036330616
2019-06-21,0.00012379107950191028,6.936852519309751e-05,0.0002172684482006453
2019-06-22,0.00017282542621128465,9.624045259797997e-05,0.0003002718629184696
2019-06-23,0.00012352072703884258,7.121458443871579e-05,0.00021301919786299563
2019-06-24,0.00011665778542886177,6.659053617555434e-05,0.00020616783155981636
2019-06-25,6.992174963253938e-05,3.946822451334593e-05,0.00012507425108061466
2019-06-26,0.00011758899744996561,6.792021962408797e-05,0.0002066437255929136
2019-06-27,0.00010349027851637998,6.045630495441357e-05,0.00018349347841734246
2019-06-28,0.00022999592100221786,0.00013030758761754203,0.0004054178950863349
2019-06-29,0.0001330212695450873,7.749954018147857e-05,0.00023604359279728285
2019-06-30,6.589056054371405e-05,3.7108539417417835e-05,0.00011480223170614843
2019-07-01,0.00011768120815298148,6.864238018518886e-05,0.00020341775702344996
2019-07-02,0.0001179266419285788,6.785441988372614e-05,0.00020398201051418584
2019-07-03,0.00011622664741585985,6.570536156249383e-05,0.00020649752294685716
2019-07-04,9.933830203478541e-05,5.647269896031557e-05,0.00017551114246866647
2019-07-05,0.00012139113285095729,6.902420348836827e-05,0.00021150239138946253
2019-07-06,0.00022689730630477567,0.00012443248724677125,0.000384037247958087
2019-07-07,0.00010928407930235528,6.239823846767675e-05,0.00019014965946844854
2019-07-08,0.00015798898297707625,8.598337025761296e-05,0.00027556963188847663
2019-07-09,0.00014519258656231918,7.332645978482323e-05,0.0002843794318257448
2019-07-10,0.00025717777203741645,0.0001498144124319318,0.0004389418451946117
2019-07-11,0.0001489947493915022,8.390343381091372e-05,0.0002584754167973194
2019-07-12,0.0001521047179181739,8.52673192983242e-05,0.00026137119735861327
2019-07-13,0.00013965918098037214,7.77912935221462e-05,0.00025100660727110885
2019-07-14,0.00013653517013310722,7.691158138068713e-05,0.0002470574419106892
2019-07-15,0.00025092593118704857,0.0001375250598584798,0.00044356638761525977
2019-07-16,0.00015198667650016083,8.445275318654583e-05,0.00026566488655510454
2019-07-17,7.567157204645574e-05,4.330176858028213e-05,0.00013232018827946177
2019-07-18,0.00018449867182453706,0.00010221688952245633,0.0003221408019231987
2019-07-19,0.00018575124170453378,0.000107482675496411,0.00031813783308143085
2019-07-20,7.830503941076296e-05,4.352226728485392e-05,0.00013502911090162878
2019-07-21,4.9025265462318935e-05,2.807233131684178e-05,8.388718431189778e-05
2019-07-22,7.010108217749278e-05,4.0246538176933594e-05,0.00012317111390580787
2019-07-23,7.441888230582654e-05,4.1575891137475255e-05,0.00013101236944985738
2019-07-24,0.00011041867275717744,6.282787644039262e-05,0.00019111137640920743
2019-07-25,0.00011147379271567191,6.422183319103667e-05,0.00019499254325528037
2019-07-26,0.00014823535714207831,8.447004623776969e-05,0.00026175413408744373
2019-07-27,0.0002739254145104282,0.00015019552828751616,0.00048152886638061883
2019-07-28,6.646565346533818e-05,3.7540634681131005e-05,0.00011948268016298964
2019-07-29,0.0002715528509564723,0.00015143159948580957,0.0004894554508295925
2019-07-30,0.00024661618733249225,0.00014091828083055274,0.0004359229282112789
2019-07-31,8.33118925046628e-05,4.7943897709005824e-05,0.00014624850167052798
2019-08-01,8.20141033098871e-05,4.6668124203311794e-05,0.00014535096486067907
2019-08-02,6.790459617859151e-05,3.894136794042665e-05,0.00011795624669371249
2019-08-03,0.0001009996746423843,5.856759212274167e-05,0.00017530524442768754
2019-08-04,5.6055061750647765e-05,3.1677058274621194e-05,9.673927303211312e-05
2019-08-05,7.576906053064187e-05,4.259548176956699e-05,0.00013177636703278023
2019-08-06,7.534864201817502e-05,4.376344250569854e-05,0.00012976187746960118
2019-08-07,8.101367716498735e-05,4.6446785474018654e-05,0.0001399727154360856
2019-08-08,8.594526545129908e-05,4.9192958623611534e-05,0.00014795307585682544
2019-08-09,9.848373702014617e-05,5.696280503401223e-05,0.00017413772137044704
2019-08-10,0.00010263998259530158,5.8423775299711203e-05,0.0001774520575797627
2019-08-11,8.491659938587657e-05,4.82868248354636e-05,0.00015070446182546474
2019-08-12,8.353014393719671e-05,4.8573654945671736e-05,0.00014827632441636977
2019-08-13,9.508025752861893e-05,5.5180446069729484e-05,0.00017187184929673717
2019-08-14,9.215355115301026e-05,5.2546011654116916e-05,0.00016361019240209148
2019-08-15,0.0001496267680464549,8.201543588588909e-05,0.00027057910310703925
2019-08-16,0.0002077573531331263,0.0001166177378227207,0.00037101729921048366
2019-08-17,5.980326635349489e-05,2.966722096698686e-05,0.00011687816272867591
2019-08-18,4.67924302334147e-05,2.713804794516553e-05,8.420921620294158e-05
2019-08-19,9.29329231613424e-05,5.42287965086655e-05,0.00016304317492867745
2019-08-20,0.00011344981278661642,6.414330356121143e-05,0.00019850745850612418
2019-08-21,0.00011352549417626367,6.392381129498264e-05,0.00019633220853342554
2019-08-22,0.00018517384341710114,0.000103867177580402,0.00032203452304168214
2019-08-23,0.0002041852705699351,0.00011742150489110906,0.0003652884098448556
2019-08-24,7.480131262545457e-05,4.272551660595976e-05,0.00012793631934891365
2019-08-25,6.344973479838126e-05,3.601437383494148e-05,0.00011184129915511367
2019-08-26,0.00012109000928442189,6.984079441471004e-05,0.00020991462665841335
2019-08-27,9.538796084509338e-05,5.366726692168871e-05,0.00017258858355311194
2019-08-28,5.4512534192869134e-05,3.190062462961137e-05,9.650321939056235e-05
2019-08-29,0.00018238373219969906,0.00010143027233865802,0.00032459021139697315
2019-08-30,0.0001038265083814345,5.821463614683696e-05,0.0001836889601446695
2019-08-31,8.797250339039313e-05,5.168391916204914e-05,0.000160278343169311
2019-09-01,6.789505899064023e-05,3.8516864539189934e-05,0.00011871963887319726
2019-09-02,0.00011664522187704639,6.634516141984008e-05,0.00020759872840422648
2019-09-03,9.433586335079782e-05,5.339019812127938e-05,0.00016735780873836185
2019-09-04,0.00011754079014284757,6.75445692724975e-05,0.00020464340671928736
2019-09-05,9.924648898004637e-05,5.597577971896887e-05,0.00017193995450356898
2019-09-06,8.668109186305885e-05,4.804063079522296e-05,0.00015703702203522058
2019-09-07,0.000112642144315864,6.5155384539281e-05,0.00020210196533682967
2019-09-08,0.00013306191044055188,7.706248604327194e-05,0.00024126274084737217
2019-09-09,8.13886111160689e-05,4.627865184721956e-05,0.00014351152189222838
2019-09-10,0.00011921729697437415,6.733304008659115e-05,0.00020584082852523542
2019-09-11,0.00010441434156665475,5.8766790380314135e-05,0.00017827637459695296
2019-09-12,0.00015588940828350286,9.04338793643074e-05,0.00027099970417089825
2019-09-13,0.00022288412934973594,0.00012608467552498246,0.0003970699247969915
2019-09-14,7.401681797536812e-05,4.3661148375949643e-05,0.00013299407753461246
2019-09-15,0.0001072588780447759,6.19411495777191e-05,0.00018672548877631507
2019-09-16,9.019145521639539e-05,4.9778450946338014e-05,0.0001555559640743176
2019-09-17,8.699829534570832e-05,5.099330192088312e-05,0.0001475394590271727
2019-09-18,0.0001351155764758759,7.929978197350654e-05,0.00023668373739539047
2019-09-19,0.0001319038663726052,7.743647991025158e-05,0.0002328203683250351
2019-09-20,0.0001405484895195202,7.805305581615565e-05,0.00024856663056754255
2019-09-21,0.00011725323462368329,6.771075405154992e-05,0.00020380891397834183
2019-09-22,6.845352731560767e-05,3.932084142784554e-05,0.00011987057455464894
2019-09-23,7.860265977358783e-05,4.49354160724349e-05,0.0001369901699747268
2019-09-24,0.00011613377379027161,6.616053088436323e-05,0.0002011468187485554
2019-09-25,0.00014440656423059562,8.442374216227662e-05,0.0002499573010197521
2019-09-26,9.63653660242486e-05,5.5660272184380285e-05,0.0001661665373245141
2019-09-27,6.963113438973023e-05,3.807584693947339e-05,0.00011998546025132644
2019-09-28,6.114946229811531e-05,3.499651063248078e-05,0.00010501480010171178
2019-09-29,5.069406617656542e-05,3.0657144691343327e-05,8.648851659504719e-05
2019-09-30,0.00011895302577945336,6.871147700221911e-05,0.00020472953663263173
2019-10-01,5.600911361208416e-05,3.244866041795956e-05,9.850697052833417e-05
2019-10-02,4.156761693920514e-05,2.3521410615356052e-05,7.411080701698528e-05
2019-10-03,6.130065814992852e-05,3.448609810646471e-05,0.00010380727247633142
2019-10-04,9.598303505819076e-05,5.36823166598675e-05,0.00016474869387363928
2019-10-05,0.0001349862934598819,7.82295268966303e-05,0.00024412994450890584
2019-10-06,5.3294509371158935e-05,2.991443364146977e-05,9.537870354021597e-05
2019-10-07,0.00010346590087643016,5.925166583250309e-05,0.00018036952446829447
2019-10-08,0.00011375001870006701,6.486431247288067e-05,0.00019999550863837514
2019-10-09,9.121326339354208e-05,5.1904111835650586e-05,0.00015757771599890348
2019-10-10,7.93814742046433e-05,4.518884904632871e-05,0.00014069134869096515
2019-10-11,8.884251205094452e-05,5.1246159983242654e-05,0.00015719074366974656
2019-10-12,4.15388974130178e-05,1.865668969139235e-05,9.59840738147409e-05
2019-10-13,3.4376140419679035e-05,1.9670874701771253e-05,6.105899187150553e-05
2019-10-14,4.2193013937683345e-05,2.3608820807280757e-05,7.615854589236206e-05
2019-10-15,6.009358689472879e-05,3.5109881595943876e-05,0.0001048823452192702
2019-10-16,6.384734665089981e-05,3.5856758689336375e-05,0.00011063479998815402
2019-10-17,9.339084412454836e-05,5.229347878191881e-05,0.00016545161938263074
2019-10-18,8.565808435726051e-05,4.820756571632597e-05,0.00014968416174748238
2019-10-19,9.223110824396736e-05,5.1861535573194284e-05,0.0001676791993261873
2019-10-20,4.2661513131948455e-05,2.476586866397163e-05,7.70214086388334e-05
2019-10-21,0.0001857765980585188,0.00010602823615792429,0.00033060856770303316
2019-10-22,9.017211446724614e-05,5.112065706298229e-05,0.00015780422091616475
2019-10-23,7.035410066624385e-05,3.9493235479932635e-05,0.00012069514788724688
2019-10-24,0.00014781119416074724,8.295039632425636e-05,0.000259503863170195
2019-10-25,9.83105869771422e-05,5.585135383532323e-05,0.00017044404028241657
2019-10-26,5.4897879189733264e-05,3.1171849092378354e-05,9.711497958880161e-05
2019-10-27,3.987875519653454e-05,2.255750142397504e-05,6.711225995594111e-05
2019-10-28,7.265295589615045e-05,4.1959203937280416e-05,0.00012902944437958864
2019-10-29,5.3124924706644354e-05,3.0160698792911007e-05,9.082681767937759e-05
2019-10-30,6.511851041409616e-05,3.6726816535135845e-05,0.00011708744186525326
2019-10-31,7.662893582018446e-05,4.411843518506496e-05,0.00013414055490167383
2019-11-01,5.765791845819529e-05,3.3017502397345926e-05,9.95945741127393e-05
2019-11-02,6.323531788995138e-05,3.620500684197475e-05,0.0001122305687969974
2019-11-03,6.962089310112691e-05,3.944924823855208e-05,0.00012093019684075695
2019-11-04,0.00010955654690696352,6.27386430686572e-05,0.0001915719103324229
2019-11-05,0.00015553710430682858,9.091802612638275e-05,0.0002796185121821882
2019-11-06,6.901837761731915e-05,4.0184694531107566e-05,0.00012226808116886381
2019-11-07,0.00020662797971542643,0.00011811873159742561,0.0003651775034500335
2019-11-08,4.953904298798041e-05,2.7548034732759056e-05,8.488804816386616e-05
2019-11-09,5.338028038667612e-05,2.9737789838852566e-05,9.118891274324887e-05
2019-11-10,4.450424010971135e-05,2.564974332542609e-05,7.834607768437209e-05
2019-11-11,6.640714510178863e-05,3.833115950299532e-05,0.00011506686614344302
2019-11-12,6.941935663316455e-05,3.904551785262974e-05,0.00012227380049337027
2019-11-13,0.0001255006061706467,7.346002372124715e-05,0.00021785617939529064
2019-11-14,8.290398747208018e-05,4.728741596026639e-05,0.0001448707214851249
2019-11-15,7.02122315996386e-05,4.014743142290796e-05,0.00012285546657244087
2019-11-16,4.946158567565717e-05,2.86506114838446e-05,8.705040607373765e-05
2019-11-17,4.83317460776284e-05,2.6712282169696545e-05,8.271263741743692e-05
2019-11-18,0.0001157413979392399,6.594930033267968e-05,0.00020478369473271658
2019-11-19,7.57490076109183e-05,4.344470173806721e-05,0.0001356143846581956
2019-11-20,0.00013789522265688216,6.297751379691886e-05,0.0002926402487555358
2019-11-21,6.489083997738742e-05,3.749764845394431e-05,0.00011499591945082074
2019-11-22,5.24608206078903e-05,2.9843277984322917e-05,9.105631110318959e-05
2019-11-23,4.087730721216416e-05,2.3361388063626703e-05,7.240535013061132e-05
2019-11-24,2.773062273450433e-05,1.6207289043928033e-05,4.916657042562184e-05
2019-11-25,5.951502361582699e-05,3.396719494118616e-05,0.00010325345749935563
2019-11-26,6.689862106997951e-05,3.8519112632784665e-05,0.00011671055341105664
2019-11-27,8.049401658152191e-05,4.588542322196841e-05,0.0001426225140366306
2019-11-28,7.162452923459285e-05,4.048265354991252e-05,0.00012456897391274234
2019-11-29,7.189928469535905e-05,4.044696262820397e-05,0.0001251202331941689
2019-11-30,5.5206951427100285e-05,3.068766468320349e-05,9.968305030880725e-05
2019-12-01,3.7010798517564076e-05,2.083078795165487e-05,6.561887548059548e-05
2019-12-02,8.310985924508428e-05,4.682973452925859e-05,0.0001459243305784381
2019-12-03,6.688843009629064e-05,3.740784327426697e-05,0.0001162977766582027
2019-12-04,8.40467566053992e-05,4.691405999128529e-05,0.00015014347861593672
2019-12-05,7.292658758948255e-05,4.1796839687250074e-05,0.00012737040246637573
2019-12-06,0.00015993888246520054,9.048601957254828e-05,0.00027879643037794584
2019-12-07,0.00011337166386646311,6.447146462382685e-05,0.00019334289234842607
2019-12-08,5.393930037680551e-05,2.5116721046620982e-05,0.000118579558581486
2019-12-09,8.896864912692872e-05,5.1632762908653944e-05,0.00015534470136623245
2019-12-10,6.246147453688485e-05,3.473754590209136e-05,0.00011214290877247632
2019-12-11,9.302293777494947e-05,5.257404343950915e-05,0.00016100087752018394
2019-12-12,5.649270561735125e-05,3.2209148338269574e-05,9.889377112181894e-05
2019-12-13,0.00010262087668189744,5.6894435503136017e-05,0.00018610092662138517
2019-12-14,6.539773307133216e-05,3.719299988672821e-05,0.00011573877702068745
2019-12-15,6.204794483945452e-05,3.4511160449455e-05,0.00011098307081724353
2019-12-16,0.00011902720977202764,6.869863894536336e-05,0.00020584470076462843
2019-12-17,8.919516254136844e-05,5.0173675317484505e-05,0.00015530360758481235
2019-12-18,5.850999060281276e-05,3.299066417523477e-05,0.00010333515424119353
2019-12-19,8.112146025288181e-05,4.698155707670058e-05,0.00014748071841003338
2019-12-20,8.257723597177591e-05,4.641309466209849e-05,0.00014208559923046174
2019-12-21,4.6766051979908854e-05,2.6080257236246885e-05,8.266175502682844e-05
2019-12-22,5.3262048666375894e-05,3.053916970552834e-05,9.669053649444233e-05
2019-12-23,0.00012658228019398718,7.059451529981127e-05,0.00022460982404392564
2019-12-24,4.8447631036243454e-05,2.7266663291220945e-05,8.503729496137387e-05
2019-12-25,5.1393107377964505e-05,9.128806520668435e-28,1.306191198169502e+18
2019-12-26,6.974900861857036e-05,4.0550021552028936e-05,0.00012796750499554686
2019-12-27,8.26519387656407e-05,4.6943306866045115e-05,0.000144657751812443
2019-12-28,0.00011418220544754773,6.658559540241577e-05,0.00020504111543966948
2019-12-29,7.907430212405357e-05,4.548195965609966e-05,0.00014143532510778984
2019-12-30,7.90348130912868e-05,4.4916072450426993e-05,0.00013642138675166283
2019-12-31,4.6985356584662193e-05,2.669968235888272e-05,8.271289698890159e-05
2020-01-01,9.258580464167333e-06,4.237230176450963e-06,1.9890196048048957e-05
2020-01-02,5.0932453952340094e-05,2.9294896549088765e-05,8.692650548440374e-05
2020-01-03,6.46337279281647e-05,3.6415731433641014e-05,0.00011659767068294998
2020-01-04,4.474777353729997e-05,2.5577567171329073e-05,7.785717989042085e-05
2020-01-05,4.850556791465596e-05,2.770398613408848e-05,8.597600471440864e-05
2020-01-06,8.902641001744823e-05,5.264060530023365e-05,0.00015908948144904996
2020-01-07,8.03606653647727e-05,4.492324992089897e-05,0.0001426995166532331
2020-01-08,4.6101719087691645e-05,2.5879734961432812e-05,7.957234985227237e-05
2020-01-09,7.83414142770768e-05,4.478046235398392e-05,0.0001359015836289336
2020-01-10,8.259427093182956e-05,4.781834346436738e-05,0.00014694867380013756
2020-01-11,7.26471803344048e-05,4.089704488175401e-05,0.00012294356345014885
2020-01-12,2.993497418309054e-05,1.754669131065778e-05,5.2882573416851246e-05
2020-01-13,4.2268781514322416e-05,2.4342040895231407e-05,7.601317261470446e-05
2020-01-14,5.145615127026266e-05,2.9486627376586332e-05,8.929280968518451e-05
2020-01-15,8.288409597910154e-05,4.784937938537923e-05,0.00014640762216214576
2020-01-16,7.886347418926734e-05,4.4975716703681594e-05,0.00013697758391702277
2020-01-17,7.159792209155276e-05,4.056444797454675e-05,0.00012113698260994794
2020-01-18,5.408208102323275e-05,3.08386840703698e-05,9.737546397238836e-05
2020-01-19,4.345399280980382e-05,2.4419042613732765e-05,7.658379192009102e-05
2020-01-20,7.994720790806433e-05,4.5590300231081785e-05,0.00013827810258475916
2020-01-21,7.471940172362554e-05,4.329642333214686e-05,0.00013244989927188532
2020-01-22,5.06308810997784e-05,2.8477227398693197e-05,8.794222782273182e-05
2020-01-23,6.415450192398367e-05,3.6512438724129554e-05,0.00011281205260852828
2020-01-24,5.6389029807886673e-05,3.182295225568477e-05,9.740258406772385e-05
2020-01-25,0.00010839901734070848,6.168142115530557e-05,0.00019084548120796384
2020-01-26,5.7735088932742574e-05,3.34890773762941e-05,9.969700506585993e-05
2020-01-27,4.442845418276971e-05,2.478603461534611e-05,7.729838591528351e-05
2020-01-28,5.666751875511717e-05,3.1515597949985586e-05,9.946194679533773e-05
2020-01-29,8.188437582321054e-05,4.5692967406329614e-05,0.00014394207766162644
2020-01-30,7.562929864880888e-05,4.242194525145708e-05,0.00013249153900074973
2020-01-31,0.00011895048198607133,6.925076267600491e-05,0.00020760323836970768
2020-02-01,7.525619013920675e-05,4.288281150057997e-05,0.00013009002237222004
2020-02-02,4.8948778881215105e-05,2.8493114745269533e-05,8.62584510144833e-05
2020-02-03,5.641712331957769e-05,3.358222994845221e-05,0.00010123583788165462
2020-02-04,5.902507186967816e-05,3.269699591637944e-05,0.00010494275744997268
2020-02-05,6.518821293385207e-05,3.675948173441299e-05,0.00011540091193304745
2020-02-06,5.8151775623941877e-05,3.362154757038696e-05,0.00010387005550190705
2020-02-07,9.438415272761076e-05,5.258164928761885e-05,0.00017249460785668733
2020-02-08,4.614284737234935e-05,2.594779641322918e-05,7.937174474516336e-05
2020-02-09,3.3419430581468754e-05,1.885011908336424e-05,5.883446212703477e-05
2020-02-10,8.674738712908422e-05,4.83260120901403e-05,0.0001517465569775024
2020-02-11,8.118893075623154e-05,4.587769838357189e-05,0.00014242572039513212
2020-02-12,7.626706919439378e-05,4.2738774819560484e-05,0.00013071572504115992
2020-02-13,6.540167210139142e-05,3.715049296331541e-05,0.00011196135793483685
2020-02-14,0.00012298226839523976,6.892829598103504e-05,0.00020827458169910375
2020-02-15,7.908623031743356e-05,4.44885869731217e-05,0.00014070403644585852
2020-02-16,4.824295097452658e-05,2.7371068631746803e-05,8.253929148303895e-05
2020-02-17,8.445456229205267e-05,4.85091811157012e-05,0.00015174549016086215
2020-02-18,6.71628992390333e-05,3.792165910405757e-05,0.00011998610154211944
2020-02-19,0.00013044116561144802,7.418637739359809e-05,0.0002236680027688605
2020-02-20,7.164476637863696e-05,4.075857625220687e-05,0.00012532135353751438
2020-02-21,6.459751442751678e-05,3.5877703166840654e-05,0.00011770364827190679
2020-02-22,0.0001064404008035447,6.03429407020999e-05,0.00018709739502402377
2020-02-23,7.566678481247506e-05,4.4065317030849814e-05,0.0001298030405464547
2020-02-24,3.4922268002651805e-05,1.8087168615865697e-05,6.635925177956487e-05
2020-02-25,6.388909532418293e-05,3.3722267631766554e-05,0.00011951644015088599
2020-02-26,0.00010178024979408261,5.919769135307618e-05,0.0001761507035374521
2020-02-27,9.646349265990334e-05,5.539584614950083e-05,0.00017183132501473832
2020-02-28,0.00010838608138897237,6.35485321674202e-05,0.00018851534147375546
2020-02-29,8.039495989314684e-05,4.698691889761468e-05,0.00013951519490754848
2020-03-01,5.9744360528924155e-05,3.519175628109564e-05,0.00010204888495613404
2020-03-02,7.283414742335782e-05,4.112641216483365e-05,0.00012514308818466492
2020-03-03,7.873369334642466e-05,4.547249293127922e-05,0.00013319942613553235
2020-03-04,9.496722076068596e-05,5.433836292765039e-05,0.00016641897229995557
2020-03-05,9.477101131034828e-05,5.3541157364328085e-05,0.00016274247787517688
2020-03-06,8.625612812803223e-05,4.997614711942765e-05,0.00015140602216397292
2020-03-07,6.2355783514991e-05,3.6196869466274596e-05,0.00010873182011454341
2020-03-08,7.554874488427201e-05,4.225294266676793e-05,0.00013102200874666304
2020-03-09,5.860829668488553e-05,3.3712624253939006e-05,0.00010578950098016089
2020-03-10,5.16579202187372e-05,3.0139918079755387e-05,9.083159695069543e-05
2020-03-11,7.223477712251345e-05,4.229483565825289e-05,0.00012653860913928883
2020-03-12,0.00018538597433756374,0.00010613184623334265,0.00032528726261834916
2020-03-13,8.003837068034403e-05,4.595985261189929e-05,0.00013832662314487614
2020-03-14,6.749054192469608e-05,3.80680052380139e-05,0.00011880292524012776
2020-03-15,4.401191409402494e-05,2.5045226163232976e-05,7.662634531519028e-05
2020-03-16,9.408332736542009e-05,5.306070794211673e-05,0.0001641520764432504
2020-03-17,0.00010349809561332043,5.996653361793967e-05,0.00018668155182071378
2020-03-18,8.584258368634803e-05,4.867286850425368e-05,0.0001516909123085853
2020-03-19,7.508722442499045e-05,4.4020287828261464e-05,0.00013254314343263631
2020-03-20,3.366475459801199e-05,1.8080900617120807e-05,6.15369093432556e-05
2020-03-21,2.203982311816572e-05,1.252386839151332e-05,4.025709257728575e-05
2020-03-22,1.896786825121201e-05,9.889775399641774e-06,3.358589064069681e-05
2020-03-23,1.6272160359139422e-05,8.995528451954462e-06,3.056029934733419e-05
2020-03-24,2.091812129335818e-05,1.013305410343704e-05,4.153233908009525e-05
2020-03-25,2.5661505338297975e-05,1.3826535222579379e-05,4.666222878747466e-05
2020-03-26,1.7779708867469047e-05,9.743279675457469e-06,3.256765255075264e-05
2020-03-27,2.181297101425055e-05,1.1871785037298453e-05,3.850369109858567e-05
2020-03-28,3.059218602716437e-05,1.7183408094636773e-05,5.4033107149172194e-05
2020-03-29,2.565618919690358e-05,1.4102689181668235e-05,4.644077781016341e-05
2020-03-30,1.6944814777694206e-05,9.599551044988882e-06,3.055134882530615e-05
2020-03-31,1.3468941436412924e-05,7.437525626644513e-06,2.5236188976218155e-05
2020-04-01,2.6150161561651805e-05,1.4433079786496551e-05,4.9571153340969666e-05
2020-04-02,6.958979985287764e-06,3.0632670999344926e-06,1.4914418992017978e-05
2020-04-03,4.5855769028038956e-05,2.470168938575476e-05,8.560785033054756e-05
2020-04-04,2.4665750166491407e-05,1.3757843027489328e-05,4.464746017037895e-05
2020-04-05,2.1789266542472156e-05,1.1933644719738673e-05,4.015648158188052e-05
2020-04-06,1.9661483781411192e-05,1.0620253247641404e-05,3.5613229871852855e-05
2020-04-07,2.799814387366431e-05,1.561948474368332e-05,5.0744073333578895e-05
2020-04-08,3.607205555564111e-05,2.010023539408455e-05,6.652692193084316e-05
2020-04-09,3.8172629576430004e-05,1.8720623903965638e-05,7.698580406983285e-05
2020-04-10,2.3781180848110716e-05,1.2216699625158245e-05,4.7039706455536026e-05
2020-04-11,3.1005607511017314e-05,1.7503971839709122e-05,5.5384682314269826e-05
2020-04-12,1.7087632163867627e-05,8.143970956839347e-06,3.492625139018479e-05
2020-04-13,5.3907248739274455e-05,2.9822535140007394e-05,0.00010038300202265296
2020-04-14,1.8340164321061214e-05,9.878587943464643e-06,3.2870034079944564e-05
2020-04-15,2.2307113870027185e-05,1.1777428537607756e-05,4.052223677228703e-05
2020-04-16,7.69086103806241e-05,4.08220573234684e-05,0.00014230352205397292
2020-04-17,3.897549428725682e-05,2.133711178715982e-05,7.232488325455498e-05
2020-04-18,2.5795247149582012e-05,1.4571651692527015e-05,4.6945202418107394e-05
2020-04-19,1.6189851209751055e-05,8.963995032788775e-06,2.9150673966585544e-05
2020-04-20,3.576265072747619e-05,1.9519634767403263e-05,6.573106695150921e-05
2020-04-21,1.678255363081377e-05,9.154283725642369e-06,3.12245721762309e-05
2020-04-22,2.1192656167240625e-05,1.1326689380023205e-05,3.863005734639237e-05
2020-04-23,2.730921296376353e-05,1.4279557538664521e-05,5.0873167342748334e-05
2020-04-24,2.433740504700458e-05,1.299020307830122e-05,4.4708406250261546e-05
2020-04-25,1.6979497936005746e-05,9.143631562727131e-06,3.120829767024111e-05
2020-04-26,9.192004569158912e-06,4.952118297212572e-06,1.652907816672473e-05
2020-04-27,1.4802168609147138e-05,7.930723730900625e-06,2.836127963696302e-05
2020-04-28,1.7486348024692966e-05,9.356920219644827e-06,3.350549134376097e-05
2020-04-29,2.0379140501232996e-05,1.1005669456988563e-05,3.926046357353852e-05
2020-04-30,3.352025689295768e-05,1.779263407592661e-05,6.0311848839341216e-05
2020-05-01,2.2326505625801742e-05,1.1391014296580963e-05,4.4079092378135126e-05
2020-05-02,3.230659851202355e-05,1.7717681067888227e-05,5.955883942165633e-05
2020-05-03,1.322797019219726e-05,7.3412998907059085e-06,2.4331650499260328e-05
2020-05-04,3.344500155034683e-05,1.7913998789685608e-05,6.125322808509587e-05
2020-05-05,1.4249365116490058e-05,7.784831841578589e-06,2.6460913734449944e-05
2020-05-06,2.0820533526330964e-05,1.1177374932863458e-05,3.833378882829832e-05
2020-05-07,3.1861013048377204e-05,1.759894151110034e-05,5.953683811862459e-05
2020-05-08,2.4879696397409296e-05,1.3408324871664227e-05,4.5086750016933036e-05
2020-05-09,1.862033122188862e-05,1.0335934686516902e-05,3.343902754440195e-05
2020-05-10,1.8851480445785254e-05,1.0253969145360024e-05,3.4591005171811555e-05
2020-05-11,2.0820835909526613e-05,1.1435025453714518e-05,3.7255181654680415e-05
2020-05-12,5.2110309211060674e-05,2.7881206197824063e-05,9.507275309128062e-05
2020-05-13,3.1742477941468285e-05,1.7020102991172614e-05,5.8736562800829054e-05
2020-05-14,0.00011690714544911237,6.281277921603764e-05,0.0002159442217235922
2020-05-15,2.5576385829070628e-05,1.3640478109952795e-05,4.696553684658297e-05
2020-05-16,3.130163917823227e-05,1.685502220211313e-05,5.536538507445511e-05
2020-05-17,4.237092901757165e-05,2.3245472991705778e-05,7.764815606744831e-05
2020-05-18,1.909060789521539e-05,1.0228688257874698e-05,3.4292815595775835e-05
2020-05-19,2.646211902098894e-05,1.421331518795262e-05,4.9249128994934514e-05
2020-05-20,3.353245922462956e-05,1.845434210534026e-05,6.247847682822341e-05
2020-05-21,1.942272725092095e-05,1.0480777636078728e-05,3.536735943401823e-05
2020-05-22,1.836377195093141e-05,1.0005376274543423e-05,3.337380394862031e-05
2020-05-23,3.205912075712804e-05,1.788487306350846e-05,5.953714951075752e-05
2020-05-24,2.1677626297093765e-05,1.1861757121038204e-05,3.9184551680138905e-05
2020-05-25,9.840606178587144e-06,4.325145372510246e-06,2.2799483296274725e-05
2020-05-26,5.782509052219779e-05,3.172735583107642e-05,0.00010557430266894167
2020-05-27,3.0083437898466172e-05,1.5826052346724486e-05,5.467927446410743e-05
2020-05-28,4.357188666018959e-05,2.289964131166205e-05,8.025234933696356e-05
2020-05-29,5.130183125832396e-05,2.7812680231342954e-05,9.647846862544575e-05
2020-05-30,3.6479658559274816e-05,2.0162269754955702e-05,6.758316712018231e-05
2020-05-31,1.618686839586726e-05,8.693319589444408e-06,2.953189446519257e-05
2020-06-01,3.7042913247088624e-05,2.00614359269976e-05,6.791529683470347e-05
2020-06-02,4.644761653828392e-05,2.4780559463368895e-05,8.862117219746591e-05
2020-06-03,8.043302082330943e-05,4.5034326658825555e-05,0.00015055495801283782
2020-06-04,5.9710390838346715e-05,3.284640474545136e-05,0.00010599311171481329
2020-06-05,3.70647826763905e-05,2.0130765234804256e-05,6.810117599167215e-05
2020-06-06,2.5886432906158636e-05,1.3879712022847497e-05,4.819467287861957e-05
2020-06-07,4.795686398043745e-05,2.58562719950355e-05,8.592314302770108e-05
2020-06-08,5.209987692155616e-05,2.8372563633884562e-05,9.512984910173906e-05
2020-06-09,8.050444721006154e-05,4.359996831424109e-05,0.0001517149743999633
2020-06-10,3.770673063778575e-05,1.9906212273184313e-05,7.051715126015383e-05
2020-06-11,3.615671087554974e-05,2.010184218534686e-05,6.594378346894035e-05
2020-06-12,5.07833268628204e-05,2.6686517572753666e-05,9.209667172464464e-05
2020-06-13,2.2720832857644246e-05,1.2321518029340948e-05,3.977404014911456e-05
2020-06-14,2.8750842735274242e-05,1.60878852497548e-05,5.269858449482028e-05
2020-06-15,2.7924843150647298e-05,1.472235320319366e-05,5.0568482925275345e-05
2020-06-16,3.365319744577678e-05,1.8072122915666556e-05,6.332652291385436e-05
2020-06-17,1.2131432156385556e-05,5.346599816940129e-06,2.8237132250201537e-05
2020-06-18,3.880141368069511e-05,2.0860724002131888e-05,7.143791006511921e-05
2020-06-19,6.651584901420852e-05,3.4794609696086924e-05,0.00012478406146284457
2020-06-20,2.5767747151715716e-05,1.2995442427345999e-05,5.1036662987859264e-05
2020-06-21,3.126935218476863e-05,1.7393734548634572e-05,5.5979520780337556e-05
2020-06-22,3.2331561808034135e-05,1.7155307475105236e-05,5.8386114361693495e-05
2020-06-23,3.723977727887691e-05,2.0200817732503364e-05,7.097085898953576e-05
2020-06-24,2.6853366656486767e-05,1.4880410625361274e-05,4.909098349468477e-05
2020-06-25,3.090842347107187e-05,1.677753718123883e-05,5.575473382825364e-05
2020-06-26,5.7827035093927e-05,3.14968276175112e-05,0.00010660471403722296
2020-06-27,6.0916757079880176e-05,3.3699212958644355e-05,0.00011279356257028365
2020-06-28,5.707911598742046e-05,3.1916447450284504e-05,0.00010338532090547916
2020-06-29,2.6807472632857336e-05,1.427106243990043e-05,4.912088208744599e-05
2020-06-30,2.9678680420742942e-05,1.609352051661197e-05,5.5258990666264224e-05
2020-07-01,2.7605631044463467e-05,1.4839598319043432e-05,5.047624848691424e-05
2020-07-02,5.274727590424276e-05,2.9038507935600802e-05,9.782130102396114e-05
2020-07-03,4.01304861985617e-05,2.1800768629509383e-05,7.221370820675016e-05
2020-07-04,4.778902762504276e-05,2.5945329725004448e-05,8.909986043913975e-05
2020-07-05,3.274245781083912e-05,1.8395625356553202e-05,5.896679294424384e-05
2020-07-06,5.2145989493354606e-05,2.7744501178206684e-05,9.557495695029708e-05
2020-07-07,3.080288200360719e-05,1.6447593321273162e-05,5.8535015247659154e-05
2020-07-08,5.832512685193786e-05,3.100996142205423e-05,0.0001066457881303379
2020-07-09,4.400989154308962e-05,2.2376318458274976e-05,9.066199397953924e-05
2020-07-10,3.0709673484637004e-05,1.6962703202524623e-05,5.670030412139088e-05
2020-07-11,4.842204140303111e-05,2.6333175610360895e-05,8.853699590435225e-05
2020-07-12,2.7701088705832367e-05,1.5301704738024612e-05,5.0846941040850334e-05
2020-07-13,2.609137827025571e-05,1.435971800732043e-05,4.809807747624641e-05
2020-07-14,4.454724947996808e-05,2.369837023718854e-05,8.281218932223982e-05
2020-07-15,4.780466385550604e-05,2.5610356491805765e-05,8.721536164002176e-05
2020-07-16,5.6977649911319775e-05,3.115137382755106e-05,0.00010515480226211166
2020-07-17,3.254905234436671e-05,1.7576331448067122e-05,5.9397805509029975e-05
2020-07-18,4.987887190826586e-05,2.72833038084379e-05,9.095824032161842e-05
2020-07-19,4.303824637310656e-05,2.387695041984892e-05,7.833834587891151e-05
2020-07-20,5.7831195694129266e-05,3.151887081626595e-05,0.00010667624890037764
2020-07-21,3.590360150536239e-05,1.953529666643828e-05,6.487128980725827e-05
2020-07-22,4.776187489519283e-05,2.509506887073385e-05,8.633963579244692e-05
2020-07-23,3.7598552429665884e-05,2.037549949668833e-05,7.198008321643003e-05
2020-07-24,2.7129635621318238e-05,1.4530559456513293e-05,4.955021995150138e-05
2020-07-25,3.650816917129822e-05,2.0306925806821832e-05,6.54521651665815e-05
2020-07-26,2.3982783346445895e-05,1.3248498947609599e-05,4.4030846920313086e-05
2020-07-27,3.189507075461878e-05,1.7549849878060587e-05,5.707419886115563e-05
2020-07-28,2.9922996408985844e-05,1.5721347785581066e-05,5.5647465736080125e-05
2020-07-29,5.779057486421053e-05,3.164718303930183e-05,0.00010828610733434341
2020-07-30,3.548344168042783e-05,1.8971435201450583e-05,6.452329393657307e-05
2020-07-31,5.423980149328762e-05,2.9446406316836e-05,0.00010169548118489336
2020-08-01,4.0355929395060344e-05,2.2441796295885087e-05,7.307753582959306e-05
2020-08-02,4.428654523392558e-05,2.537637637240863e-05,8.051918613697648e-05
2020-08-03,3.009516748120808e-05,1.5985077712800842e-05,5.5337240453964366e-05
2020-08-04,2.2081579637926182e-05,1.1847034105241067e-05,3.975234014143978e-05
2020-08-05,2.3516201842190893e-05,1.2330042066026574e-05,4.432890740833886e-05
2020-08-06,1.8530656311271115e-05,9.970654846968368e-06,3.327693405374734e-05
2020-08-07,2.2328913701023398e-05,1.1683569654795365e-05,4.259357325207701e-05
2020-08-08,3.055333464834537e-05,1.6773230081039148e-05,5.7491094265342184e-05
2020-08-09,4.308890737168174e-05,2.405342415477588e-05,7.821763212571824e-05
2020-08-10,2.102468946544469e-05,1.12591314607265e-05,3.8730918936807714e-05
2020-08-11,2.8164368763184353e-05,1.509223790647003e-05,5.324767267761068e-05
2020-08-12,3.4817543802106144e-05,1.863882337776754e-05,6.349537480608915e-05
2020-08-13,3.570177079274393e-05,1.9122855251931854e-05,6.310683725847231e-05
2020-08-14,4.356047057311159e-05,2.3077568357254556e-05,7.994001428448589e-05
2020-08-15,2.3384031295980186e-05,1.3003935410840371e-05,4.34120501028276e-05
2020-08-16,2.030106348686931e-05,1.107594381230659e-05,3.6486604637232964e-05
2020-08-17,2.5177054949505598e-05,1.2278943896435286e-05,5.041049592631479e-05
2020-08-18,3.5403421420648825e-05,1.9333745442127445e-05,6.825800183590982e-05
2020-08-19,2.1953464793880418e-05,1.1588971181927e-05,4.1131385364013774e-05
2020-08-20,3.068868456539213e-05,1.6543980871888758e-05,5.715758981443507e-05
2020-08-21,4.1966401943348164e-05,2.189926491592905e-05,7.556073692056507e-05
2020-08-22,3.054936745053276e-05,1.66180304906008e-05,5.4175627390281785e-05
2020-08-23,1.6461390565019684e-05,9.198862939422175e-06,3.0102804694005305e-05
2020-08-24,2.081279384981148e-05,1.1263443746237835e-05,3.7508818973267296e-05
2020-08-25,2.4417899136106813e-05,1.3135826841624723e-05,4.5804105767742055e-05
2020-08-26,2.9363722573363468e-05,1.575200724902599e-05,5.378020501345869e-05
2020-08-27,3.1525510992043953e-05,1.745817488378737e-05,5.940271809584348e-05
2020-08-28,3.2373473638634264e-05,1.697122892477384e-05,6.000611212106774e-05
2020-08-29,2.5192551659418435e-05,1.3744236391558574e-05,4.5388871488205175e-05
2020-08-30,3.062228300053102e-05,1.671669950954405e-05,5.555226248670259e-05
2020-08-31,4.115265392515271e-05,2.222844130255239e-05,7.553485937627029e-05
2020-09-01,2.393778158537619e-05,1.3010342976691992e-05,4.3752051062427694e-05
2020-09-02,1.8258654545893232e-05,9.699912533702602e-06,3.341523217535597e-05
2020-09-03,4.315451220110736e-05,2.346877719884062e-05,7.964034167361723e-05
2020-09-04,4.7972206275972886e-05,2.6709095749629187e-05,8.8169356061735e-05
2020-09-05,2.49526290802616e-05,1.377011369361861e-05,4.4670488239871754e-05
2020-09-06,1.707750801658277e-05,9.467464702217402e-06,3.1487550951173645e-05
2020-09-07,2.721124084258502e-05,1.4935234467353861e-05,5.0834094205467694e-05
2020-09-08,2.296598317720225e-05,1.2761758165960941e-05,4.273850817132593e-05
2020-09-09,6.385956208890018e-05,3.509273378255262e-05,0.00012167216694059848
2020-09-10,3.917653502667944e-05,2.0851587080128466e-05,7.308496331414389e-05
2020-09-11,3.33049283248159e-05,1.8301058190369298e-05,6.181796283230386e-05
2020-09-12,3.623428393253933e-05,1.9908405104518242e-05,6.525961198901442e-05
2020-09-13,7.245595932430295e-05,3.9478830765168705e-05,0.0001320794634332002
2020-09-14,4.7805452160235964e-05,2.561608036982508e-05,8.836159588598861e-05
2020-09-15,2.6958942700712426e-05,1.5085503437448918e-05,5.100649195057878e-05
2020-09-16,4.8189242510682104e-05,2.628561125796417e-05,8.95886764408047e-05
2020-09-17,3.312080365846544e-05,1.783704330441033e-05,6.10398026861332e-05
2020-09-18,4.583923021021336e-05,2.442209617965305e-05,8.587594186558207e-05
2020-09-19,2.8282130061144015e-05,1.5607679406771546e-05,5.16363708924553e-05
2020-09-20,2.911457464097403e-05,1.6253489800007724e-05,5.231654372916168e-05
2020-09-21,5.508449546839681e-05,2.9857252399685905e-05,0.0001029506120042199
2020-09-22,3.2452857059289506e-05,1.7278123378558302e-05,6.179737139327088e-05
2020-09-23,4.005265629823163e-05,2.1316163960930327e-05,7.516399893323718e-05
2020-09-24,3.3278990174176215e-05,1.7865038549134865e-05,6.136286526238144e-05
2020-09-25,2.7493202636904946e-05,1.4733535282546113e-05,5.1105618147614603e-05
2020-09-26,2.859153374915212e-05,1.641480900689339e-05,5.217109158925626e-05
2020-09-27,2.111177984426643e-05,1.1215905256675102e-05,3.767830377742531e-05
2020-09-28,2.822325345933689e-05,1.4972084160198126e-05,5.2245373255411515e-05
2020-09-29,2.0384643475366585e-05,1.1028570908775225e-05,3.7612368779185064e-05
2020-09-30,2.6250888874974606e-05,1.4339341739877549e-05,4.974600578317115e-05
2020-10-01,2.2718551826063924e-05,1.2170755085692283e-05,4.327916440378892e-05
2020-10-02,1.66226715905459e-05,9.048233034198159e-06,3.1375876468891974e-05
2020-10-03,1.858923833596654e-05,1.0132577236003907e-05,3.409015854825355e-05
2020-10-04,1.4462818644955363e-05,7.838174709081915e-06,2.6572236343872545e-05
2020-10-05,3.190085374684934e-05,1.6862293960869493e-05,6.078051217902276e-05
2020-10-06,4.480753114836274e-05,2.4716658756879834e-05,8.162448297352974e-05
2020-10-07,4.317384051192041e-05,2.297040186365941e-05,8.11670740381336e-05
2020-10-08,3.0761191464096055e-05,1.6168590676950855e-05,5.472873994608807e-05
2020-10-09,2.8160961248478345e-05,1.5129162833587355e-05,5.3603456519294496e-05
2020-10-10,2.2955264570065674e-05,1.276806242465582e-05,4.136014813243048e-05
2020-10-11,1.8422401006749705e-05,9.950561505781314e-06,3.3860601715362816e-05
2020-10-12,1.7922178408804832e-05,7.979278642968565e-06,4.047706824535193e-05
2020-10-13,2.462228423422873e-05,1.3156259120873818e-05,4.439578139443214e-05
2020-10-14,5.028147080440635e-05,2.651602052344045e-05,9.223276819865853e-05
2020-10-15,2.3144057838277564e-05,1.263205225625011e-05,4.249038961853258e-05
2020-10-16,1.825673792539111e-05,9.958757832827493e-06,3.280185656809714e-05
2020-10-17,1.9168396174661724e-05,1.0584106615570002e-05,3.525941441070286e-05
2020-10-18,1.2935473200248737e-05,7.1412945034115155e-06,2.3426702815227632e-05
2020-10-19,1.5926799192515148e-05,8.690874302430389e-06,2.9360025151208773e-05
2020-10-20,1.161099811981439e-05,6.249714571701885e-06,2.1683333611917214e-05
2020-10-21,1.2653553971118905e-05,6.825087415542973e-06,2.341872705218513e-05
2020-10-22,2.2390567256874534e-05,1.191620230527255e-05,4.1965539198095666e-05
2020-10-23,2.9715457737624662e-05,1.5584090794019366e-05,5.575911262626241e-05
2020-10-24,2.531504728630915e-05,1.3568805686029477e-05,4.631942688313795e-05
2020-10-25,2.347825426681118e-05,1.2900280879616153e-05,4.265426608033885e-05
2020-10-26,1.8000586165561382e-05,9.638838656126826e-06,3.316175399372799e-05
2020-10-27,2.3663123542117387e-05,1.2610566088122009e-05,4.442697043035609e-05
2020-10-28,1.9983700381797797e-05,1.0797795965909796e-05,3.683127373082439e-05
2020-10-29,1.8280846218869487e-05,9.898617801211616e-06,3.4100037874066014e-05
2020-10-30,3.404855348599371e-05,1.8775164035083564e-05,6.200882643963101e-05
2020-10-31,3.054893929671717e-05,1.6627947887266208e-05,5.532699657649327e-05
2020-11-01,1.9702947506078746e-05,1.0881555936287207e-05,3.5734995712310604e-05
2020-11-02,2.3516511145655045e-05,1.2827077947443145e-05,4.454397631632458e-05
2020-11-03,1.6772481722715504e-05,9.114037729849673e-06,3.0103381169109683e-05
2020-11-04,1.4036545272596453e-05,7.295531154174214e-06,2.5696498902502477e-05
2020-11-05,1.6353613146522274e-05,8.736064201134103e-06,3.0192076829699187e-05
2020-11-06,2.2027529925149343e-05,1.163840351002261e-05,4.2001601273299745e-05
2020-11-07,2.3676418800610875e-05,1.3176476272649471e-05,4.2548619906678615e-05
2020-11-08,1.419502577921202e-05,7.5774036450886e-06,2.6583247555400474e-05
2020-11-09,2.0322462022621526e-05,1.0598438544595948e-05,3.7752266450824926e-05
