ds,y,yhat
2019-01-01,1.0334739640717669e-05,3.9212224e-05
2019-01-02,,9.254642e-05
2019-01-03,7.964380733354886e-05,6.736791e-05
2019-01-04,0.00011068330628836018,6.9064496e-05
2019-01-05,4.7400223172410416e-05,4.7319616e-05
2019-01-06,,6.772344e-05
2019-01-07,,6.61222e-05
2019-01-08,3.568381173195612e-05,7.992775e-05
2019-01-09,,6.991198e-05
2019-01-10,,6.452318e-05
2019-01-11,8.132093307191743e-05,8.925863e-05
2019-01-12,4.395305535914343e-05,4.8050282e-05
2019-01-13,,4.987919e-05
2019-01-14,5.6295584453278474e-05,6.70177e-05
2019-01-15,,7.011376e-05
2019-01-16,0.0001659669622785448,0.00015437821
2019-01-17,,5.4865493e-05
2019-01-18,1.1996398696296826e-05,4.8685524e-05
2019-01-19,4.924458875451413e-05,6.1834e-05
2019-01-20,3.370632476222423e-05,4.5060024e-05
2019-01-21,7.226521901204132e-05,7.618205e-05
2019-01-22,6.99786942534461e-05,6.353693e-05
2019-01-23,5.926622091559256e-05,6.277045e-05
2019-01-24,4.782991496124029e-05,6.806045e-05
2019-01-25,,6.894668e-05
2019-01-26,,7.809838e-05
2019-01-27,6.69096399512789e-05,6.036386e-05
2019-01-28,3.69406932761079e-05,5.6364872e-05
2019-01-29,4.023937569925481e-05,7.243328e-05
2019-01-30,8.134558085476068e-05,7.8899146e-05
2019-01-31,9.527775154303478e-05,8.330187e-05
2019-02-01,,0.00011058693
2019-02-02,4.869233333507699e-05,4.5883786e-05
2019-02-03,5.160275062258964e-05,6.01787e-05
2019-02-04,0.0001187140403508515,8.756054e-05
2019-02-05,6.751901643030316e-05,7.7799945e-05
2019-02-06,5.709433994113431e-05,6.050652e-05
2019-02-07,7.933779415043828e-05,6.660427e-05
2019-02-08,0.00010329959619102294,9.262825e-05
2019-02-09,8.088638310679384e-05,0.00011041646
2019-02-10,5.574805212600126e-05,7.996918e-05
2019-02-11,5.232628442859806e-05,5.669239e-05
2019-02-12,6.162167639911406e-05,5.5589495e-05
2019-02-13,7.021319820737971e-05,7.411432e-05
2019-02-14,,0.00013134403
2019-02-15,0.00020404617432321438,0.00017792392
2019-02-16,6.772507777073007e-05,0.00010223266
2019-02-17,4.812453080588042e-05,5.952105e-05
2019-02-18,7.862917398604975e-05,5.625167e-05
2019-02-19,9.472376219659442e-05,7.711415e-05
2019-02-20,6.914288480350672e-05,9.0061825e-05
2019-02-21,0.0001487110502067387,0.0001067154
2019-02-22,0.00026319298902127496,0.00014853074
2019-02-23,,9.756136e-05
2019-02-24,2.7085761757916923e-05,5.5651602e-05
2019-02-25,,7.3035495e-05
2019-02-26,6.942856239702683e-05,7.9372425e-05
2019-02-27,8.796758315958367e-05,6.409001e-05
2019-02-28,0.00027452193760214096,0.00020823727
2019-03-01,6.754574888934093e-05,7.724321e-05
2019-03-02,7.467274433446778e-05,7.425474e-05
2019-03-03,2.9814784524687238e-05,5.3936357e-05
2019-03-04,,0.0001743588
2019-03-05,6.37129768585813e-05,9.832595e-05
2019-03-06,0.00010368978868028279,0.00010065189
2019-03-07,0.00011414054068524385,0.00011052885
2019-03-08,4.819919908096162e-05,5.862806e-05
2019-03-09,5.453161452707566e-05,4.9072787e-05
2019-03-10,5.183233628281886e-05,9.608804e-05
2019-03-11,3.507705574859775e-05,7.089864e-05
2019-03-12,,0.000105296334
2019-03-13,3.942649562376887e-05,7.291971e-05
2019-03-14,8.410314302210566e-05,9.9238736e-05
2019-03-15,,7.58522e-05
2019-03-16,,5.2791467e-05
2019-03-17,6.541525954023228e-05,5.962178e-05
2019-03-18,7.769018903863671e-05,7.5429634e-05
2019-03-19,,5.514118e-05
2019-03-20,5.274150003196867e-05,4.2356376e-05
2019-03-21,0.0004141539176857641,0.00020329823
2019-03-22,0.00019142398781721537,0.00011193894
2019-03-23,5.757260753316381e-05,7.267545e-05
2019-03-24,5.562434363021215e-05,4.398314e-05
2019-03-25,0.00011491367129201601,5.5111403e-05
2019-03-26,1.8681599613046304e-05,6.929655e-05
2019-03-27,5.7703701276070505e-05,7.531518e-05
2019-03-28,7.626640251802351e-05,6.453508e-05
2019-03-29,7.52310708396065e-05,7.500474e-05
2019-03-30,0.00010245781516274193,0.000119106735
2019-03-31,5.376898315586629e-05,6.5854634e-05
2019-04-01,,8.294821e-05
2019-04-02,,0.00013348127
2019-04-03,0.00010107438661627082,5.2596322e-05
2019-04-04,,9.4242954e-05
2019-04-05,9.141713332049564e-05,6.181479e-05
2019-04-06,0.00016762342769568322,9.496871e-05
2019-04-07,9.949267981591228e-05,9.647856e-05
2019-04-08,0.0003624950564434433,0.00010537336
2019-04-09,5.971660351120557e-05,8.4124214e-05
2019-04-10,0.00015504588185698417,0.00010351078
2019-04-11,6.580983138555799e-05,8.277772e-05
2019-04-12,0.000192127576857904,0.0001446881
2019-04-13,8.328465063093904e-05,6.736635e-05
2019-04-14,6.901527009114696e-05,9.4413735e-05
2019-04-15,,5.5816396e-05
2019-04-16,9.755360931960807e-05,8.796776e-05
2019-04-17,8.612400475350627e-05,7.490754e-05
2019-04-18,0.00016967601452094855,8.958528e-05
2019-04-19,8.953034608453431e-05,7.5160875e-05
2019-04-20,7.25006321610658e-05,5.2957505e-05
2019-04-21,0.00012114418845063691,0.00010918829
2019-04-22,0.0001711692859782675,0.00011529222
2019-04-23,0.00022727744470298558,7.840597e-05
2019-04-24,,7.144094e-05
2019-04-25,,7.411514e-05
2019-04-26,,7.768104e-05
2019-04-27,6.044354884940137e-05,6.3518026e-05
2019-04-28,7.503548275583698e-05,6.954831e-05
2019-04-29,3.2305448860878916e-05,7.834762e-05
2019-04-30,,6.79686e-05
2019-05-01,4.4439778029693845e-05,5.811943e-05
2019-05-02,,7.52503e-05
2019-05-03,9.467225570406302e-05,0.00014580633
2019-05-04,5.792596029111015e-05,5.6927543e-05
2019-05-05,,5.005513e-05
2019-05-06,0.00013656593403153493,8.5925974e-05
2019-05-07,7.512279964197558e-05,9.033069e-05
2019-05-08,9.910592827730778e-05,8.3759245e-05
2019-05-09,,9.1044014e-05
2019-05-10,4.513956276502566e-05,6.30396e-05
2019-05-11,9.496630929938019e-05,8.202805e-05
2019-05-12,0.00010258528561759768,0.00010558518
2019-05-13,0.00013227895591326824,0.0001224279
2019-05-14,0.00011279021593985501,9.789023e-05
2019-05-15,6.027591839554529e-05,8.074355e-05
2019-05-16,6.684581810757881e-05,0.000102673
2019-05-17,8.34131295827061e-05,7.889291e-05
2019-05-18,0.00010940206331992898,0.000102480975
2019-05-19,5.410179013080364e-05,6.549453e-05
2019-05-20,,4.7592173e-05
2019-05-21,,6.4462496e-05
2019-05-22,6.160744886417388e-05,7.9632024e-05
2019-05-23,0.00023773389566103954,0.00017867704
2019-05-24,0.00019022132888294697,0.00010949184
2019-05-25,,4.741437e-05
2019-05-26,,6.248591e-05
2019-05-27,,0.00016547772
2019-05-28,0.00021388289071355528,0.00017458244
2019-05-29,,0.00010429038
2019-05-30,,7.2041155e-05
2019-05-31,0.00010380176615240312,0.000119974626
2019-06-01,0.0001110913578892818,0.000118175034
2019-06-02,0.00013411275769420814,0.00014817581
2019-06-03,0.00022394630153359411,0.00018503571
2019-06-04,7.497821797791496e-05,7.4926706e-05
2019-06-05,,6.2892694e-05
2019-06-06,,8.89193e-05
2019-06-07,0.00010603900209801681,0.00010674634
2019-06-08,0.00011470285224921974,9.905107e-05
2019-06-09,5.798227713870748e-05,9.840857e-05
2019-06-10,,0.00015254224
2019-06-11,,7.7641824e-05
2019-06-12,,0.00012515848
2019-06-13,,0.000102100465
2019-06-14,,0.000107579835
2019-06-15,,4.1046802e-05
2019-06-16,,5.329161e-05
2019-06-17,,0.00012902508
2019-06-18,,7.044061e-05
2019-06-19,7.834792200606769e-05,7.6382305e-05
2019-06-20,0.00014500213832306113,0.00015759838
2019-06-21,,0.000104825696
2019-06-22,0.00033702624285159873,0.00018417023
2019-06-23,,0.00014325272
2019-06-24,,0.000109246925
2019-06-25,5.676430782262968e-05,7.821414e-05
2019-06-26,,0.000116610114
2019-06-27,0.00011336024156143439,8.7074855e-05
2019-06-28,,0.00019603908
2019-06-29,,9.7149714e-05
2019-06-30,,6.697158e-05
2019-07-01,0.00013547687481798136,0.000113981085
2019-07-02,,9.598218e-05
2019-07-03,6.490486827560437e-05,8.541334e-05
2019-07-04,0.00010080674400129209,6.526453e-05
2019-07-05,8.634794433509614e-05,9.179028e-05
2019-07-06,0.00024363596569008039,0.00022027931
2019-07-07,0.00013392722182505457,9.6796866e-05
2019-07-08,0.0001555472327641123,0.00013237055
2019-07-09,0.00016816839759624478,0.0001287902
2019-07-10,,0.00019373947
2019-07-11,,0.00013389961
2019-07-12,9.960225158913024e-05,9.695908e-05
2019-07-13,0.00021113400039815254,0.00014608829
2019-07-14,0.0001590240186346843,0.00015352249
2019-07-15,0.00012134362549394049,0.0001651559
2019-07-16,9.949294681199182e-05,0.00012084559
2019-07-17,0.0001029899565596073,7.337283e-05
2019-07-18,,0.00014225877
2019-07-19,0.000224455949254484,0.00016981542
2019-07-20,,7.631013e-05
2019-07-21,,6.485622e-05
2019-07-22,,6.90579e-05
2019-07-23,,6.9484806e-05
2019-07-24,0.00027664928347803755,0.00010936412
2019-07-25,,0.00010578343
2019-07-26,,0.000146451
2019-07-27,0.0003748235439795361,0.00026207813
2019-07-28,1.0693144061193651e-05,5.1724917e-05
2019-07-29,,0.00016919707
2019-07-30,0.0002904841005197328,0.00017668116
2019-07-31,0.0001017603734559987,8.139805e-05
2019-08-01,6.203561257773758e-05,7.615687e-05
2019-08-02,6.931060392966795e-05,6.657378e-05
2019-08-03,0.0001293293163233026,9.267983e-05
2019-08-04,5.439807151584144e-05,5.517879e-05
2019-08-05,8.13181232161301e-05,6.660617e-05
2019-08-06,0.00010719082213080181,7.0954164e-05
2019-08-07,,9.206087e-05
2019-08-08,3.392179496586357e-05,8.0194004e-05
2019-08-09,,7.459902e-05
2019-08-10,9.43958916130167e-05,8.861766e-05
2019-08-11,0.00010262449547635336,0.000100484765
2019-08-12,,8.378399e-05
2019-08-13,7.553931569702112e-05,9.496965e-05
2019-08-14,7.566995039410006e-05,8.446351e-05
2019-08-15,0.0002075931034763477,0.00016179899
2019-08-16,0.0003438369097332165,0.00018391138
2019-08-17,6.347163361201263e-05,7.672878e-05
2019-08-18,1.2351929399301384e-05,4.9972925e-05
2019-08-19,0.0002172261027134072,0.00011860425
2019-08-20,0.00020674277893314497,0.00011529203
2019-08-21,0.00011778920927907491,0.00011500062
2019-08-22,0.0004112330546222121,0.00019804969
2019-08-23,0.00017407010989438089,0.0002001399
2019-08-24,7.082843692410782e-05,7.274003e-05
2019-08-25,,6.514154e-05
2019-08-26,,0.00014402092
2019-08-27,8.815073481496112e-05,9.234484e-05
2019-08-28,,6.765514e-05
2019-08-29,0.00011296109005343264,0.00015002435
2019-08-30,,0.00012933534
2019-08-31,0.0001645071120649142,8.910373e-05
2019-09-01,4.680369335760164e-05,9.450023e-05
2019-09-02,7.491244269655249e-05,0.00010420065
2019-09-03,8.654131875531622e-05,9.568073e-05
2019-09-04,0.00012087243687287599,0.00011798685
2019-09-05,5.475685212657016e-05,9.109101e-05
2019-09-06,,8.531446e-05
2019-09-07,,0.00014315824
2019-09-08,0.00011545848382043176,0.0001573272
2019-09-09,,7.451118e-05
2019-09-10,,0.000103960556
2019-09-11,,0.00012325602
2019-09-12,0.00013919069356995093,0.00012236909
2019-09-13,0.00040409546868901006,0.00016776014
2019-09-14,7.028406094606793e-05,7.4551856e-05
2019-09-15,0.00013241103980833868,0.0001489776
2019-09-16,0.00011981962170052084,9.690757e-05
2019-09-17,8.294092695023237e-05,7.528922e-05
2019-09-18,0.00023938851047599052,0.00012050421
2019-09-19,0.00014381163456724964,0.00013650372
2019-09-20,8.453244194851444e-05,0.00013756829
2019-09-21,5.721937687969091e-05,9.401434e-05
2019-09-22,4.5292032468334634e-05,6.741171e-05
2019-09-23,0.00016537077317480112,7.15411e-05
2019-09-24,0.0003635183333071368,9.938528e-05
2019-09-25,0.00014655486251515117,0.000110105575
2019-09-26,0.00013824878864054574,0.000105455765
2019-09-27,9.970338009420923e-05,8.2186256e-05
2019-09-28,5.376445728358075e-05,5.167139e-05
2019-09-29,4.293575864260305e-05,5.067897e-05
2019-09-30,7.058775556825078e-05,8.601102e-05
2019-10-01,,5.199533e-05
2019-10-02,,5.8642672e-05
2019-10-03,,6.0556235e-05
2019-10-04,,8.583668e-05
2019-10-05,6.804326392429657e-05,0.00010806794
2019-10-06,5.512081301882159e-05,6.216729e-05
2019-10-07,0.00010840898777028192,9.830274e-05
2019-10-08,8.354339672044502e-05,0.000107684486
2019-10-09,0.0001479428070979923,9.8516895e-05
2019-10-10,,9.2054404e-05
2019-10-11,6.344203199527777e-05,7.438449e-05
2019-10-12,,5.3251308e-05
2019-10-13,3.54749403976169e-05,5.1692616e-05
2019-10-14,,3.9849936e-05
2019-10-15,,6.699681e-05
2019-10-16,,7.1026654e-05
2019-10-17,,8.834826e-05
2019-10-18,6.376132090616103e-05,0.00010417102
2019-10-19,0.0001871150803564452,0.00011600545
2019-10-20,,4.9402992e-05
2019-10-21,0.00018458011057725276,0.00017242611
2019-10-22,6.543667931825658e-05,9.3045965e-05
2019-10-23,6.380401148642669e-05,7.6054675e-05
2019-10-24,7.46519671634834e-05,0.00013255693
2019-10-25,8.650260841746844e-05,0.00011367938
2019-10-26,4.330122648443561e-05,5.7381436e-05
2019-10-27,,4.496064e-05
2019-10-28,,6.156418e-05
2019-10-29,5.979893191214422e-05,5.7630015e-05
2019-10-30,1.8770897440844913e-05,7.192948e-05
2019-10-31,6.525082883134179e-05,9.2428214e-05
2019-11-01,,6.0977833e-05
2019-11-02,6.0739050107224294e-05,6.842715e-05
2019-11-03,5.658386918930338e-05,7.1329094e-05
2019-11-04,,0.00010129373
2019-11-05,0.0001753631577738741,0.00012629511
2019-11-06,6.661194897051541e-05,7.0947775e-05
2019-11-07,9.67912081082589e-05,0.00012983645
2019-11-08,5.7201983963044395e-05,5.2012972e-05
2019-11-09,4.8987031281627744e-05,5.410445e-05
2019-11-10,3.4074334159156996e-05,7.131312e-05
2019-11-11,,7.3940544e-05
2019-11-12,0.00012265669980010584,7.913695e-05
2019-11-13,0.00011161263538354877,9.145157e-05
2019-11-14,5.2754330537428405e-05,0.00011731797
2019-11-15,0.00014235305449409994,8.974506e-05
2019-11-16,,4.6112567e-05
2019-11-17,4.5905901512094016e-05,4.926968e-05
2019-11-18,5.5452416887658316e-05,7.3237534e-05
2019-11-19,0.00011170182489209409,9.627729e-05
2019-11-20,0.00013876073858157134,0.00010591726
2019-11-21,0.00010671682055149177,8.622537e-05
2019-11-22,4.105149407603568e-05,7.377957e-05
2019-11-23,3.901303980324781e-05,4.3676882e-05
2019-11-24,2.95991555182166e-05,3.00648e-05
2019-11-25,,7.353913e-05
2019-11-26,,8.112976e-05
2019-11-27,6.416082313569533e-05,9.0916656e-05
2019-11-28,9.42194318910897e-05,7.94018e-05
2019-11-29,8.769705595831326e-05,8.045532e-05
2019-11-30,3.262799147971799e-05,3.569901e-05
2019-12-01,3.842096553855113e-05,5.2097388e-05
2019-12-02,0.00012684160651173484,7.143569e-05
2019-12-03,,6.318554e-05
2019-12-04,,8.602925e-05
2019-12-05,6.684234623970988e-05,7.184447e-05
2019-12-06,0.00010205765324190245,0.000109706096
2019-12-07,6.213963206391825e-05,0.00010146337
2019-12-08,5.420914158144287e-05,7.439208e-05
2019-12-09,0.00012219337164667184,8.555037e-05
2019-12-10,8.874310956263718e-05,6.256287e-05
2019-12-11,8.430435124877209e-05,8.759515e-05
2019-12-12,4.766789064206747e-05,6.2604915e-05
2019-12-13,0.00014699445644098547,0.000103022045
2019-12-14,6.951380149826807e-05,5.7985384e-05
2019-12-15,,7.148221e-05
2019-12-16,9.00489083600475e-05,9.666135e-05
2019-12-17,0.00013504246124398264,9.283677e-05
2019-12-18,6.93161915514046e-05,6.4586544e-05
2019-12-19,0.0001337245455553247,8.774975e-05
2019-12-20,,9.022047e-05
2019-12-21,2.4400528336599314e-05,3.966533e-05
2019-12-22,3.1571596550530145e-05,5.697682e-05
2019-12-23,0.00013777355710027533,8.683102e-05
2019-12-24,5.330898796131763e-05,4.8132602e-05
2019-12-25,,5.4673605e-05
2019-12-26,6.4329526668347e-05,6.709596e-05
2019-12-27,6.376035255852773e-05,9.095949e-05
2019-12-28,,9.022107e-05
2019-12-29,0.00014448226931940933,7.30278e-05
2019-12-30,,5.9959668e-05
2019-12-31,,3.7086047e-05
2020-01-01,,4.0723193e-05
2020-01-02,4.4935608235840155e-05,5.283049e-05
2020-01-03,7.039428232971907e-05,5.8906866e-05
2020-01-04,5.926337090741387e-05,3.8089795e-05
2020-01-05,3.4147913538618366e-05,5.2037532e-05
2020-01-06,4.116761235269183e-05,6.943478e-05
2020-01-07,5.9333866647545085e-05,5.908623e-05
2020-01-08,5.728742029662279e-05,5.5763412e-05
2020-01-09,0.0001335921098051701,9.039875e-05
2020-01-10,6.190732090348044e-05,9.527671e-05
2020-01-11,0.00011751528055000828,8.503643e-05
2020-01-12,6.098619113597325e-05,5.0041228e-05
2020-01-13,5.4806724894111076e-05,5.688231e-05
2020-01-14,6.963287930967192e-05,5.7494006e-05
2020-01-15,8.703503207467572e-05,9.411349e-05
2020-01-16,0.00012062476471923882,0.000103285085
2020-01-17,6.685809601326872e-05,8.927363e-05
2020-01-18,5.445877596535596e-05,4.7219084e-05
2020-01-19,4.5436267856847674e-05,5.228121e-05
2020-01-20,7.512447817756598e-05,6.888736e-05
2020-01-21,,6.682952e-05
2020-01-22,5.4363190536611724e-05,6.166281e-05
2020-01-23,5.5130843133710536e-05,7.173451e-05
2020-01-24,7.918046691263937e-05,7.345077e-05
2020-01-25,7.326968641210743e-05,0.00010749152
2020-01-26,6.773289461480294e-05,6.616018e-05
2020-01-27,6.915537637154977e-05,6.380677e-05
2020-01-28,4.80450479055428e-05,5.7835074e-05
2020-01-29,,7.971583e-05
2020-01-30,7.238328424506374e-05,8.4132254e-05
2020-01-31,0.00017778229983873424,0.00011678604
2020-02-01,6.159214510973861e-05,7.5222626e-05
2020-02-02,4.789072962640526e-05,5.59563e-05
2020-02-03,6.21393254368394e-05,5.5882378e-05
2020-02-04,6.91144045040739e-05,6.984123e-05
2020-02-05,,7.282626e-05
2020-02-06,3.197971911172567e-05,5.187655e-05
2020-02-07,,0.00010511169
2020-02-08,5.605606080392928e-05,5.4390224e-05
2020-02-09,4.241801561156928e-05,4.643147e-05
2020-02-10,9.738902398494441e-05,8.910852e-05
2020-02-11,6.606819777249384e-05,7.491042e-05
2020-02-12,4.697896428335422e-05,6.91239e-05
2020-02-13,5.738370083785532e-05,5.7487883e-05
2020-02-14,9.919884217358366e-05,0.00012745005
2020-02-15,7.808510876043853e-05,8.271675e-05
2020-02-16,0.00010493779816001517,7.102361e-05
2020-02-17,,7.3658484e-05
2020-02-18,5.0968470843580234e-05,5.8472164e-05
2020-02-19,7.412884867225593e-05,0.000109756096
2020-02-20,5.205062416761854e-05,6.625912e-05
2020-02-21,4.061019056057995e-05,7.580899e-05
2020-02-22,0.00011557568037360292,9.560155e-05
2020-02-23,3.5027866689785534e-05,5.7778903e-05
2020-02-24,3.6660470639566644e-05,5.955498e-05
2020-02-25,7.162637112161851e-05,8.781722e-05
2020-02-26,0.00014521451957590412,0.00010397111
2020-02-27,0.00015504786569738686,9.90899e-05
2020-02-28,0.0002345384020300539,0.00014250733
2020-02-29,9.128020809432631e-05,7.1215785e-05
2020-03-01,8.53470391145787e-05,6.7008135e-05
2020-03-02,0.00012574060145937278,6.860695e-05
2020-03-03,0.00011404257986474275,8.7201144e-05
2020-03-04,0.0001703948653719878,0.00010285195
2020-03-05,7.273589912617773e-05,9.105851e-05
2020-03-06,8.963698138194657e-05,9.6521675e-05
2020-03-07,5.5922280042013454e-05,5.0797295e-05
2020-03-08,,7.892532e-05
2020-03-09,6.456873168223228e-05,5.9003378e-05
2020-03-10,5.3022259983400024e-05,5.8656773e-05
2020-03-11,,8.438018e-05
2020-03-12,0.00038790212156923805,0.00015490133
2020-03-13,7.968131345161691e-05,8.2822626e-05
2020-03-14,,7.192102e-05
2020-03-15,2.9672177233834383e-05,5.56862e-05
2020-03-16,4.961355946123385e-05,8.829289e-05
2020-03-17,,0.00010108747
2020-03-18,9.749094160473723e-05,8.788001e-05
2020-03-19,4.261119459857254e-05,7.291915e-05
2020-03-20,5.6231381620430085e-05,6.7934874e-05
2020-03-21,3.389468218849926e-05,3.998163e-05
2020-03-22,3.554002703591223e-05,4.993069e-05
2020-03-23,2.77141751863684e-05,3.3430966e-05
2020-03-24,3.816121734394689e-05,2.992201e-05
2020-03-25,,6.097174e-05
2020-03-26,3.981010949898826e-05,4.3610227e-05
2020-03-27,6.044981609342876e-05,5.764672e-05
2020-03-28,0.00010043641546601502,6.93902e-05
2020-03-29,7.073367708618448e-05,6.3601976e-05
2020-03-30,4.055913277319334e-05,4.4556004e-05
2020-03-31,,3.271728e-05
2020-04-01,5.047988993724178e-05,5.6131546e-05
2020-04-02,1.6621937212282607e-05,3.70101e-05
2020-04-03,0.00011875936698008822,8.7395245e-05
2020-04-04,4.9829333521841255e-05,4.7612975e-05
2020-04-05,,4.9995808e-05
2020-04-06,2.2727155468829025e-05,3.652094e-05
2020-04-07,3.235937471243639e-05,4.3003984e-05
2020-04-08,8.227198936806391e-05,5.677412e-05
2020-04-09,5.0137757146244354e-05,5.3412747e-05
2020-04-10,3.585187770022598e-05,5.369251e-05
2020-04-11,2.8610152342237928e-05,4.1478324e-05
2020-04-12,1.9161179461584684e-05,4.2014966e-05
2020-04-13,,0.00011304237
2020-04-14,2.3315585844172774e-05,4.0046918e-05
2020-04-15,5.35385573080258e-05,4.998302e-05
2020-04-16,0.00018008543902808932,0.00015746355
2020-04-17,5.3886228753711684e-05,6.8004054e-05
2020-04-18,4.020716675266184e-05,4.5241562e-05
2020-04-19,3.455454625692458e-05,3.79163e-05
2020-04-20,8.963960315118803e-05,7.440768e-05
2020-04-21,4.828000837039039e-05,4.3341435e-05
2020-04-22,3.635423664492302e-05,5.023671e-05
2020-04-23,9.371876050929229e-05,5.8063426e-05
2020-04-24,,5.9469447e-05
2020-04-25,,4.3285985e-05
2020-04-26,3.057941424821035e-05,3.3762513e-05
2020-04-27,,4.9091163e-05
2020-04-28,,4.8850554e-05
2020-04-29,4.66271788800364e-05,5.4206066e-05
2020-04-30,0.00011688278959702417,7.475431e-05
2020-05-01,4.117934364837813e-05,4.6207395e-05
2020-05-02,4.574899674502869e-05,6.14369e-05
2020-05-03,2.6729055152577005e-05,3.7885133e-05
2020-05-04,,0.0001715954
2020-05-05,,4.5564793e-05
2020-05-06,2.7085427808020348e-05,8.393601e-05
2020-05-07,9.583671770592901e-05,9.9945115e-05
2020-05-08,5.3234856336335276e-05,7.5605254e-05
2020-05-09,5.390046537798541e-05,4.7299563e-05
2020-05-10,5.323834362301102e-05,4.539387e-05
2020-05-11,0.00011290126323550023,8.171935e-05
2020-05-12,0.00011346708984961428,0.00014021434
2020-05-13,9.067534335873381e-05,8.739553e-05
2020-05-14,0.00031603399922927226,0.00019966197
2020-05-15,6.622210559772748e-05,7.028502e-05
2020-05-16,5.9739963640270713e-05,6.185247e-05
2020-05-17,9.88586926515373e-05,8.498584e-05
2020-05-18,4.6289680708707056e-05,4.9088685e-05
2020-05-19,7.04609979507062e-05,7.33796e-05
2020-05-20,,7.6069206e-05
2020-05-21,,4.6706962e-05
2020-05-22,,4.715867e-05
2020-05-23,7.986452901422886e-05,5.0242503e-05
2020-05-24,7.086349686341745e-05,4.9646158e-05
2020-05-25,2.186776019063647e-05,3.107896e-05
2020-05-26,0.00017171977170340674,0.00013739274
2020-05-27,9.531678089218159e-05,7.9995785e-05
2020-05-28,0.0001664115415510026,0.00010940922
2020-05-29,6.215859405111126e-05,8.101795e-05
2020-05-30,,6.630737e-05
2020-05-31,2.575433477102637e-05,3.3235094e-05
2020-06-01,0.00011878926173847877,0.00012645274
2020-06-02,0.0001497321806811555,0.00013328495
2020-06-03,0.0004617821171617742,0.00026471997
2020-06-04,0.00010510208635331255,0.00017278125
2020-06-05,,0.00010165773
2020-06-06,,5.1864245e-05
2020-06-07,,9.165573e-05
2020-06-08,,0.00016506897
2020-06-09,0.00033476426825085575,0.0002072296
2020-06-10,0.00018476877091948805,0.00012285785
2020-06-11,7.486294561117174e-05,0.00011435815
2020-06-12,0.0002230785937366516,0.0001377334
2020-06-13,4.795281544911774e-05,5.208492e-05
2020-06-14,6.178203608177995e-05,6.934671e-05
2020-06-15,5.587223599850184e-05,5.5470726e-05
2020-06-16,9.353929752665293e-05,8.5672946e-05
2020-06-17,3.893490525098723e-05,5.1704363e-05
2020-06-18,7.170516242078699e-05,7.792065e-05
2020-06-19,,0.00015110808
2020-06-20,4.968147399442021e-05,7.4712385e-05
2020-06-21,5.290887752851011e-05,6.443751e-05
2020-06-22,6.355092635260783e-05,8.3698484e-05
2020-06-23,,0.00011684439
2020-06-24,,7.1910916e-05
2020-06-25,6.54963841409532e-05,7.472436e-05
2020-06-26,0.00013086751963682918,0.00012605032
2020-06-27,0.00011879968273408425,0.00011795298
2020-06-28,0.00032069260586911174,0.00016084322
2020-06-29,4.0295612517953634e-05,5.4785552e-05
2020-06-30,,7.0215756e-05
2020-07-01,6.349483784065643e-05,5.7839647e-05
2020-07-02,,9.792624e-05
2020-07-03,9.265452764241148e-05,9.164215e-05
2020-07-04,0.0001955223295174394,8.909101e-05
2020-07-05,7.350688044400249e-05,6.7283785e-05
2020-07-06,0.00017116201049004865,0.00014353076
2020-07-07,5.848379413253309e-05,6.7244866e-05
2020-07-08,0.00042084917321712174,0.00013876574
2020-07-09,8.256713963094595e-05,9.074183e-05
2020-07-10,,5.861364e-05
2020-07-11,0.00018853315459679327,0.0001051682
2020-07-12,4.523559470525558e-05,5.034969e-05
2020-07-13,5.917032906222885e-05,5.900027e-05
2020-07-14,0.00012814121579842234,0.00011695471
2020-07-15,0.00010842245923574089,0.00013851427
2020-07-16,0.00013645777310303305,0.0001496077
2020-07-17,8.200358273271799e-05,8.683341e-05
2020-07-18,,8.2863924e-05
2020-07-19,8.153523807124639e-05,8.782512e-05
2020-07-20,0.0001382326992956492,0.00022509396
2020-07-21,,9.7365635e-05
2020-07-22,,0.00015748681
2020-07-23,,9.6531e-05
2020-07-24,7.014757151470061e-05,7.676198e-05
2020-07-25,5.826450920576997e-05,7.697694e-05
2020-07-26,8.522350265076818e-05,6.686137e-05
2020-07-27,0.00016017303826870033,0.00010527518
2020-07-28,8.431318985533248e-05,7.784105e-05
2020-07-29,0.00029155757550132033,0.00014552078
2020-07-30,7.261094729670573e-05,8.541034e-05
2020-07-31,0.0002402920093279552,0.00016893969
2020-08-01,6.329796165890438e-05,8.784441e-05
2020-08-02,6.237017117273568e-05,8.522571e-05
2020-08-03,5.775748864669979e-05,0.00012016096
2020-08-04,5.906280880811935e-05,6.244736e-05
2020-08-05,,7.1005445e-05
2020-08-06,,5.7019624e-05
2020-08-07,,5.9836555e-05
2020-08-08,9.729733439111179e-05,7.679856e-05
2020-08-09,,7.7548786e-05
2020-08-10,6.907578980910156e-05,5.8489695e-05
2020-08-11,0.00010438525896093021,8.61057e-05
2020-08-12,0.00012106287663943456,0.000114355826
2020-08-13,0.00016632300811574076,0.00010678678
2020-08-14,0.00011787232717599157,0.0001116587
2020-08-15,4.268391564940927e-05,4.7129583e-05
2020-08-16,5.260682944848923e-05,5.55438e-05
2020-08-17,5.9198214627677404e-05,8.938612e-05
2020-08-18,8.726668929352093e-05,9.61823e-05
2020-08-19,5.268458421275522e-05,5.8929185e-05
2020-08-20,6.537729314412366e-05,8.244592e-05
2020-08-21,0.0001460812264072632,9.6844175e-05
2020-08-22,4.3867164809984154e-05,7.2819144e-05
2020-08-23,3.40868651331701e-05,4.03644e-05
2020-08-24,5.1218700833382345e-05,6.3808875e-05
2020-08-25,,8.005457e-05
2020-08-26,,8.442865e-05
2020-08-27,9.462556479208584e-05,6.844601e-05
2020-08-28,,8.251303e-05
2020-08-29,,5.711913e-05
2020-08-30,8.579295458832114e-05,0.00010134607
2020-08-31,,0.00013895342
2020-09-01,,8.3915824e-05
2020-09-02,,7.7786535e-05
2020-09-03,,0.000108201275
2020-09-04,0.00021935520926133535,0.00016772367
2020-09-05,4.412662344150489e-05,5.959115e-05
2020-09-06,7.50272405424785e-05,5.9402297e-05
2020-09-07,9.039667056592097e-05,9.3782786e-05
2020-09-08,8.279828633302004e-05,6.459853e-05
2020-09-09,,0.00012358159
2020-09-10,7.220940622794679e-05,0.00011245602
2020-09-11,9.953421358263076e-05,0.00012241029
2020-09-12,5.3080214940740086e-05,9.806977e-05
2020-09-13,7.807939610445831e-05,0.00015238875
2020-09-14,0.0002216233894531424,0.00015247903
2020-09-15,,6.946368e-05
2020-09-16,0.00029875109301636765,0.0001342328
2020-09-17,0.00020659571564107267,9.017551e-05
2020-09-18,0.00011029944681499452,0.00011730561
2020-09-19,3.930094971676901e-05,4.9232585e-05
2020-09-20,4.0241192183150975e-05,5.8459842e-05
2020-09-21,0.0002345665701375051,0.00013579076
2020-09-22,6.884015931377297e-05,7.459607e-05
2020-09-23,0.00011729579219539082,0.00012211563
2020-09-24,8.194266303904935e-05,8.258744e-05
2020-09-25,,6.8014284e-05
2020-09-26,5.671464888756664e-05,5.4667842e-05
2020-09-27,,5.0936975e-05
2020-09-28,6.422582474632315e-05,6.76391e-05
2020-09-29,4.4571002680830544e-05,4.7336503e-05
2020-09-30,6.346269926735411e-05,6.671574e-05
2020-10-01,8.4033198586972e-05,6.780461e-05
2020-10-02,5.9164482975895725e-05,5.486236e-05
2020-10-03,5.2115370352745384e-05,4.5712266e-05
2020-10-04,,4.8788588e-05
2020-10-05,6.649756795313482e-05,8.3249484e-05
2020-10-06,0.00019492949921584901,0.0001454945
2020-10-07,9.362622824873636e-05,0.0001357567
2020-10-08,0.00018115723438194396,0.000112423986
2020-10-09,5.31515966533812e-05,8.8227665e-05
2020-10-10,4.8215119631098584e-05,5.9781196e-05
2020-10-11,3.219443532765209e-05,4.4235607e-05
2020-10-12,4.662401745235831e-05,5.5761942e-05
2020-10-13,0.00028260968330071486,0.00012152678
2020-10-14,0.00013961894614282854,0.00018396693
2020-10-15,0.00011206682495727947,8.243723e-05
2020-10-16,6.003756671122187e-05,5.4576984e-05
2020-10-17,7.317058582404176e-05,6.081122e-05
2020-10-18,4.854438245619724e-05,5.454787e-05
2020-10-19,3.863603924572867e-05,4.6095713e-05
2020-10-20,2.972773945436318e-05,3.5580717e-05
2020-10-21,,4.6185483e-05
2020-10-22,,6.688384e-05
2020-10-23,6.203320699342108e-05,8.4322484e-05
2020-10-24,8.735457343709276e-05,6.6153574e-05
2020-10-25,,6.0085145e-05
2020-10-26,5.5643934367864055e-05,5.6486733e-05
2020-10-27,0.00011343261114214184,6.431467e-05
2020-10-28,,6.670709e-05
2020-10-29,,5.9197788e-05
2020-10-30,0.00020214357894828344,9.6166885e-05
2020-10-31,0.00011473050322481232,8.408091e-05
2020-11-01,4.9400601256975456e-05,7.336799e-05
2020-11-02,9.412533796932036e-05,8.6727836e-05
2020-11-03,6.079037562822199e-05,6.162187e-05
2020-11-04,5.053484549621876e-05,5.2652715e-05
2020-11-05,6.272625169100554e-05,5.488821e-05
2020-11-06,6.998758283505929e-05,5.2603715e-05
2020-11-07,5.6526846180824636e-05,5.892155e-05
2020-11-08,4.3188384626963085e-05,4.848772e-05
2020-11-09,,6.390079e-05
2020-11-10,6.669204024162067e-05,5.072935e-05
2020-11-11,8.224678836948188e-05,6.204244e-05
2020-11-12,0.00011132215463966728,5.3508542e-05
2020-11-13,0.00015302019205507675,6.0656515e-05
2020-11-14,,0.000116485346
2020-11-15,3.1173338244800266e-05,5.049568e-05
2020-11-16,0.00014842372259913907,8.5367494e-05
2020-11-17,0.00010658020684598396,6.299096e-05
2020-11-18,9.068738952806424e-05,9.9797086e-05
2020-11-19,7.43339251296151e-05,5.428224e-05
2020-11-20,6.597795686463663e-05,5.061463e-05
2020-11-21,6.402556971926818e-05,5.0961142e-05
2020-11-22,4.8603901250166675e-05,4.2655152e-05
2020-11-23,5.973415336790251e-05,4.3200947e-05
2020-11-24,,4.656068e-05
2020-11-25,8.124555967954075e-05,0.00013258938
2020-11-26,6.850516359752304e-05,4.6728917e-05
2020-11-27,4.141299813197132e-05,5.1387207e-05
2020-11-28,,3.8465052e-05
2020-11-29,6.205180289107304e-05,4.2313426e-05
2020-11-30,0.0001497205380579964,5.539623e-05
